folder_path,name,id,mimeType,size,modifiedTime
(My Drive root),autogenesis-meta,1weLXROsx7hysUXDqj8bqwRXjk-F0l5df,application/vnd.google-apps.folder,,2026-08-24T20:06:27.383Z
(My Drive root),autogenesis-meta_guncellemeler_2026-08-24,1JJtfG-LQu8kmfm415GfgWQ4V_1t26dXn,application/vnd.google-apps.folder,,2026-08-24T20:44:16.475Z
(My Drive root),Collatz Problemi — Araştırma Arşivi,1mRJGjUsali3eOYtRyMnvO19afK_M4SY5,application/vnd.google-apps.folder,,2026-08-28T09:33:47.653Z
(My Drive root),Corex_MII,18VcPHn2uDc7N8GCv3-TUFl8TF8Cs2f7DZzYXh17NCoE,application/vnd.google-apps.document,3170,2026-08-15T16:08:55.215Z
(My Drive root),CP20_PUBLICATION_FACTOR_PRESSURE_V1_2026-09-04,19y_ZYCGCL8wEn3WkruQOkCuVlxnYwaaE,application/vnd.google-apps.folder,,2026-09-04T09:34:00.695Z
(My Drive root),CP20_TASK8B2_HEAD_RESEARCHER_DEEP_ANALYSIS_V3_TERRAS_WANG_CRITICAL_STOPPING_2026-08-28,1Rwfq-6xsJXrvbGRA-sy-SjEDMf1IICenK5e1jJwCuR4,application/vnd.google-apps.document,3820,2026-08-27T21:47:29.921Z
(My Drive root),CP20_TASK8B3_E2_STRUCTURED_PRIMITIVE_RESONANCE_ASYMPTOTIC_FALSIFICATION_PROMPT_2026-08-29,12igKVeH8ysohQ2pHmwWezOhY4KbOP0oJXsYP_4-BFWo,application/vnd.google-apps.document,3898,2026-08-28T21:21:10.544Z
(My Drive root),CP20_TASK8B3_E3_QUASIPERIODIC_CRITICAL_RAY_TRANSFER_PROMPT_2026-08-30,1oay0CIfyZfvml0e7d-5IP7ozP3u7XSn3JnFTyN2F1cw,application/vnd.google-apps.document,3784,2026-08-30T19:36:58.374Z
(My Drive root),DEHB TESTI,1Jir9KwanMCzYFEKIjcRI7bIsEGVYzHe3gisG4Em7L6E,application/vnd.google-apps.document,4549,2026-08-15T16:09:33.872Z
(My Drive root),FUNCTION_PRESERVING_QUANTIZATION_RESEARCH_CHECKPOINT_2026-08-24,1e-BJkm9FKJUIJOZmnDybO2DaSGu2dPa5,application/vnd.google-apps.folder,,2026-08-24T20:27:01.497Z
(My Drive root),ilide.info-adhd-test-diva-5-0-pr_25c802ae6fc789da833b16c7e48a8064.en.tr.pdf,1y79WQUMvgHfyhDlgm6sEnm0SlTwjKSeP,application/pdf,591111,2026-02-18T15:48:20.000Z
(My Drive root),ilide.info-adhd-test-diva-5-0-pr_25c802ae6fc789da833b16c7e48a8064.pdf,1D9N0PUS-5nc498c5m9ItC9h5qWE3ETYy,application/pdf,279333,2026-02-18T15:47:32.000Z
(My Drive root),ilide.info-diva-2-0-yetis-kinlerde-dehb-i-c-in-tansal-go-ru-s-me-tu-rkc-e-d-iagnostisch-i--pr_4a1b347b6c6a12285cf030fc98109587.pdf,1wrKmH-vt7DQVxhDxCJgfaPq9u2ATyvpU,application/pdf,951483,2026-02-18T14:33:58.000Z
(My Drive root),LLM_TOKEN_ZIP_RESEARCH_MASTER,1uM2bLBC3XQmvbdkTpjhvR6_N6OO7Qyxv,application/vnd.google-apps.folder,,
(My Drive root),PHASE_C0V9_PREINTERACTION_PROGRESS_CHECKPOINT_2026-08-22.zip,1_lF9qwH8ShVUGqPgIdvBWV3xatLCyJA1,application/zip,33841,2026-08-22T17:19:46.072Z
(My Drive root),PROJECT_AUTOGENESIS,1CLm7sbHoQNGK_SnQkRRaS4GJFh88DGJV,application/vnd.google-apps.folder,,2026-08-15T15:35:14.588Z
(My Drive root),PROJECT_AUTOGENESIS_MASTER_PROGRESS_LEDGER_2026-08-22.json,1jemMogON3H85yXr6hUp_HnzDwNjT9MR_,application/json,4910,2026-08-22T17:19:39.744Z
(My Drive root),Riemann Hipotezi — Araştırma Arşivi,1mWXHPt5nZEAxToZQO-4aDQ65lqlOdgix,application/vnd.google-apps.folder,,2026-08-15T15:18:31.745Z
(My Drive root),Screenshot_2.png,15c662wdDqMYl9NWF2xhbd_LeAS_mGIZj,image/png,97616,2026-02-20T11:26:42.000Z
(My Drive root),tampermonkey-backup-chrome-2026-07-23T19-06-58-379Z.txt,1je2SkZVbRyP5lzBR_KaVgMu0cUlj6wwt,text/plain,97380,2026-07-23T19:07:00.000Z
(My Drive root),X BOT,10rAe8fnFI8kkRvQce2I1N2St9IC47MKTEH4V1t12T0DUQ72zziH377aI,application/vnd.google-apps.script,,2026-03-13T19:44:11.126Z
(My Drive root),X Kuyruk Veritabanı,1bLVLfErjx4C6Cyc0b5o_cgEQVXWYif06ryKIXBSjOJ8,application/vnd.google-apps.spreadsheet,3109,2026-03-13T20:31:17.856Z
(Trash),Adsız doküman,1ctwJux6wE7jx72DSKGuiyXTCgH8YlarQzuBKTEdyXuo,application/vnd.google-apps.document,1024,2026-07-06T13:14:35.462Z
(Trash),Adsız doküman,1KG5fjEU-TOHNSeTdkX7uEQOQljGr2JAJGwk9EEAPUQ8,application/vnd.google-apps.document,1024,2026-06-30T12:30:57.183Z
(Trash),Adsız doküman,1FiRfzJqP0AMTDJ2y9nmmLdQzOtceXnuYw1XjmbRtxIM,application/vnd.google-apps.document,29226,2026-06-30T07:25:58.336Z
(Trash),Adsız doküman,1_-oWLsCiZLds214MNX4nQ5rpfI9YPiQ9YYRgo_MF2ss,application/vnd.google-apps.document,1024,2026-02-23T07:50:57.799Z
(Trash),Adsız doküman,1v-twICRcDGxfZQTUS-U9b-1LzZDTZ5-0adr7h24coxs,application/vnd.google-apps.document,1024,2026-02-07T11:46:25.504Z
(Trash),Adsız doküman,1LV_OTQGTTcOkLNL1xjxh8F5kN-K-tQAnDgoEO-e2lac,application/vnd.google-apps.document,2495,2025-12-04T12:52:16.726Z
(Trash),Input :,1lkWpQlQPtudVVl2Fu1BMXoAuu9ej9_iwka_M6GJPXbI,application/vnd.google-apps.document,85705,2026-03-05T07:45:03.501Z
(outside llmzip tree),09_C0V9_MEASUREMENT_FINAL_2026-08-22,1bUSSEG8J_bAGKtluCUjRRsaFwAckMrfw,application/vnd.google-apps.folder,,2026-08-22T17:31:02.384Z
(outside llmzip tree),C0V9_POSITIVE_CONTROL_FAILURE_VERIFY_001,1qkd8Ao0Sr7bLaUDGgjqjHsq58rJH0vFT,application/vnd.google-apps.folder,,2026-08-26T09:09:14.674Z
(outside llmzip tree),COMPUTE_PROMPT__C0V9_POSITIVE_CONTROL_FAILURE_VERIFY_001,1rEjSXMbUAZYXTXekr8ZMsaWldAoYAAis1psGSfWJcQw,application/vnd.google-apps.document,6433,2026-08-26T09:11:38.614Z
(outside llmzip tree),HEAD_RESEARCHER_DECISION__C0V9_POSITIVE_CONTROL_FAILURE_VERIFY_001,1hM9Z_I_UcstmQfBNvrZ8xlJPykmvFKMP__a_qKrtfOQ,application/vnd.google-apps.document,2125,2026-08-26T09:42:03.368Z
(outside llmzip tree),PHASE_C0V9_MEASUREMENT_SENSITIVITY_FINAL_CHECKPOINT_2026-08-22.zip,1aFbDmVs65ZA6A-9LzcJskTNzKxJwvxKk,application/zip,4068720,2026-08-22T17:31:25.606Z
(shared by sarabrain513@gmail.com),1 (folder),1OYVWe7hv_gihkO_D9ixJCwbChsjpyLpp,application/vnd.google-apps.folder,,
(shared by sarabrain513@gmail.com),Stellaris Galaxy Edition.(v.3.14.15)-Oyunindirvip.zip,,application/x-zip-compressed,7082271855,
Collatz Problemi — Araştırma Arşivi/CP20/Task 2 — Superlinear State-Growth Barrier/RESULTS_AND_ALL_ARTIFACTS/ALL_ARTIFACTS,CP20_TASK2_SHELL_MATRIX_TABLE.csv,1PMaJLo07VeETWMRb1X4V8XXmZ_0rbWc4,text/csv,2469,2026-08-26
LLM_TOKEN_ZIP_RESEARCH_MASTER,00_PROMPTS_MASTER_ARCHIVE,1kLISFbGpKS0IA3MLXLqOE8cgFGiMSNX8,application/vnd.google-apps.folder,,
LLM_TOKEN_ZIP_RESEARCH_MASTER,01_LITERATURE_REVIEWS,10nFwmZTX3HbSszJCW5bnk4H_NTVz8Qhm,application/vnd.google-apps.folder,,
LLM_TOKEN_ZIP_RESEARCH_MASTER,LLM_Memory_Research_Checkpoint_2026-08-23_V51,1Dldksm1BERKDqNXUzLVrlNmLHBN5SvEy,application/vnd.google-apps.folder,,
LLM_TOKEN_ZIP_RESEARCH_MASTER,LLM_Memory_Research_V52_T2_External_Audit,1cdhEmY_0srV0QhXIWG4pWnoxPBUoMG3W,application/vnd.google-apps.folder,,
LLM_TOKEN_ZIP_RESEARCH_MASTER,LLM_Memory_Research_V52_T2_RAW_EXTERNAL_AUDIT,1PGUdYDf8b4YsV50QC_U5NOiYgPpUKUjx,application/vnd.google-apps.folder,,
LLM_TOKEN_ZIP_RESEARCH_MASTER,longmemeval_s_cleaned.json,1npoK4DuxR-Gz2zXMVwKpIsfkssZFnghI,application/json,277383467,2026-08-24T16:08:10.000Z
LLM_TOKEN_ZIP_RESEARCH_MASTER,longmemeval_s_cleaned.rar,14nY-deHuK5wBPzQfJFyZB_Z-7X35Ywky,application/x-rar,53574473,2026-08-24T21:18:14.022Z
LLM_TOKEN_ZIP_RESEARCH_MASTER,RECOVERED_FROM_FILE_LIBRARY,13IFj9-Lh49d_flhL5c8zCBKlHXNlH2rO,application/vnd.google-apps.folder,,
LLM_TOKEN_ZIP_RESEARCH_MASTER,V52_CAUSAL_SPECTRAL_BAND_HAAR_2026-09-04,17JSHz_64KvKIJwzEPshUuwgld8Smczht,application/vnd.google-apps.folder,,
LLM_TOKEN_ZIP_RESEARCH_MASTER,V52_STATIC_STORAGE_INVENTORY_INDEPENDENT_AUDIT_2026-09-12,1egDZALfbObWd5oum9oi9hfXUGdM56jta,application/vnd.google-apps.folder,,
LLM_TOKEN_ZIP_RESEARCH_MASTER,V52_TASK_4C2_AUDIT_PACKAGE,1Jhr3UqcYuBsVtwB3QTfiB6U5GY0bnZU3,application/vnd.google-apps.folder,,
LLM_TOKEN_ZIP_RESEARCH_MASTER,V52_TASK_4C2_CENTERING_GEOMETRY,1wDpyMSLHtkEFnql8VMBS_cOhDAQWYzEK,application/vnd.google-apps.folder,,
LLM_TOKEN_ZIP_RESEARCH_MASTER,V52_TASK_4C3_COORDINATE_AXIS_CAUSAL_PROBE,1S03jlMp_wZFD3Mon2ZGvFkt64yBsl9eb,application/vnd.google-apps.folder,,
LLM_TOKEN_ZIP_RESEARCH_MASTER,V52_TASK_4D_LOCOMO_FROZEN_CROSS_BENCHMARK_REPLICATION_2026-08-29,1u1sYaFav17j7i5-3Nd6RrOvRpWy8juZF,application/vnd.google-apps.folder,,
LLM_TOKEN_ZIP_RESEARCH_MASTER,V52_TASK_4E0_LONGMEMEVAL_V2_ADAPTER_ESTIMAND_FREEZE,1z_70bzjdMZ_NlS92PRxP_i_CbaWqoNj8,application/vnd.google-apps.folder,,
LLM_TOKEN_ZIP_RESEARCH_MASTER,V52_TASK_4E0_LONGMEMEVAL_V2_ADAPTER_ESTIMAND_FREEZE,10arzKV5sHDzMl30sBezQ9rWh0Y5Dcc_l,application/vnd.google-apps.folder,,
LLM_TOKEN_ZIP_RESEARCH_MASTER,V52_TASK_4F0_BEAM_LARGE_SCALE_ADAPTER_EVIDENCE_FREEZE_2026-08-29,1nxDNk78sfTUqAPPNhOeGi-cyKscI-c3c,application/vnd.google-apps.folder,,
LLM_TOKEN_ZIP_RESEARCH_MASTER/00_PROMPTS_MASTER_ARCHIVE,CURRENT_COMPUTE_RESUME_V52_TASK_4C2_2026-08-27,1D9QVTGqvsl48zUdJ-lmsQL4ca14K_SV1pgL3ze8q-a0,application/vnd.google-apps.document,8257,2026-08-26T22:08:56.368Z
LLM_TOKEN_ZIP_RESEARCH_MASTER/00_PROMPTS_MASTER_ARCHIVE,CURRENT_COMPUTE_TAKEOVER_V52_TASK_4C2_2026-08-27,1bPBaNMfppi7CWzQzlgcLd0O01IhRmuXA9GZPNlIj2oU,application/vnd.google-apps.document,14924,2026-08-26T21:27:29.649Z
LLM_TOKEN_ZIP_RESEARCH_MASTER/00_PROMPTS_MASTER_ARCHIVE,CURRENT_COMPUTE_TAKEOVER_V52_TASK_4C2_2026-08-27.docx,1YKRitCzRPjJKCtbt7lfkPasuu4KAQyHu,application/vnd.openxmlformats-officedocument.wordprocessingml.document,19069,2026-08-26T21:42:57.927Z
LLM_TOKEN_ZIP_RESEARCH_MASTER/00_PROMPTS_MASTER_ARCHIVE,HISTORICAL_V52_T2_INDEPENDENT_ADVERSARIAL_AUDIT_PROMPT,18dPBN9pZlQ-cQpY_DfeFxrFNFqQXOh3IeG3LiFqvzyI,application/vnd.google-apps.document,2578,2026-08-26T21:28:32.504Z
LLM_TOKEN_ZIP_RESEARCH_MASTER/00_PROMPTS_MASTER_ARCHIVE,PROMPT_ARCHIVE_MASTER_INDEX_2026-08-27,17H-SiBN1UbbDV6Lit9Ecb1Y-erJb7HI3c-lECOhmB3Q,application/vnd.google-apps.document,3382,2026-08-26T21:29:22.271Z
LLM_TOKEN_ZIP_RESEARCH_MASTER/00_PROMPTS_MASTER_ARCHIVE,V52_CODEX_HEAD_RESEARCHER_PROJECT_HANDOFF_2026-08-31,1QXV2fKQL0TnWEBcm3ke2poph8yaWmqNuWm38TPYswP8,application/vnd.google-apps.document,12622,2026-08-31T12:24:19.769Z
LLM_TOKEN_ZIP_RESEARCH_MASTER/00_PROMPTS_MASTER_ARCHIVE,V52_TASK_4C2_AUDIT_PROMPTS,1ASHqUbW43zCq34nTD3mrFKyW1o9nFIq9,application/vnd.google-apps.folder,,
LLM_TOKEN_ZIP_RESEARCH_MASTER/00_PROMPTS_MASTER_ARCHIVE,V52_TASK_4C2_INDEPENDENT_ADVERSARIAL_AUDIT_PROMPT_V2_2026-08-27,1i5vBlvd-7Xk0OhGUdobCiLD-ep1hlY4mmlpOoGdCARA,application/vnd.google-apps.document,9691,2026-08-27T20:18:19.285Z
LLM_TOKEN_ZIP_RESEARCH_MASTER/00_PROMPTS_MASTER_ARCHIVE,V52_TASK_4C3_COLD_START_INDEPENDENT_AUDIT_PROMPT_2026-08-28,16j9dteZzx4Oy3HCM-AUhKayMEt0qzT8mFh8h9Z7PyRM,application/vnd.google-apps.document,12507,2026-08-28T13:22:15.442Z
LLM_TOKEN_ZIP_RESEARCH_MASTER/00_PROMPTS_MASTER_ARCHIVE,V52_TASK_4C3_COORDINATE_AXIS_CAUSAL_PROBE_2026-08-27,1gPfPOYNN3ZhUSci3CXzm7LVFLJ2s1NzJj0JtnoD7T1o,application/vnd.google-apps.document,10167,2026-08-27T20:53:45.969Z
LLM_TOKEN_ZIP_RESEARCH_MASTER/00_PROMPTS_MASTER_ARCHIVE,V52_TASK_4C3_INDEPENDENT_ADVERSARIAL_AUDIT_PROMPT_2026-08-28,1uQA8TtOmFGrxggc83QDZ0Mi9ceDG1UIRkUhkw5mNQGs,application/vnd.google-apps.document,6848,2026-08-28T13:01:28.542Z
LLM_TOKEN_ZIP_RESEARCH_MASTER/00_PROMPTS_MASTER_ARCHIVE,V52_TASK_4C3_RESUME_INCOMPLETE_92_OF_470_2026-08-28,1hL5BEc8qxNFfX6GoEkvuCChD0calkUimVdxuWH-TDdY,application/vnd.google-apps.document,2942,2026-08-28T07:18:34.450Z
LLM_TOKEN_ZIP_RESEARCH_MASTER/00_PROMPTS_MASTER_ARCHIVE,V52_TASK_4D_COLD_START_INDEPENDENT_ADVERSARIAL_AUDIT_2026-08-29,13DvnfWaAD3oDA1czHETAxPzfMLw1Eam2aokqa7LUUzA,application/vnd.google-apps.document,11022,2026-08-29T14:37:21.823Z
LLM_TOKEN_ZIP_RESEARCH_MASTER/00_PROMPTS_MASTER_ARCHIVE,V52_TASK_4D_LOCOMO_FROZEN_CROSS_BENCHMARK_REPLICATION_2026-08-29,19nbkI9g0djWMoIO8DqdsNQowdLiO1-_hKYx-8831w58,application/vnd.google-apps.document,10970,2026-08-29T13:41:09.969Z
LLM_TOKEN_ZIP_RESEARCH_MASTER/00_PROMPTS_MASTER_ARCHIVE,V52_TASK_4E0_LONGMEMEVAL_V2_ADAPTER_ESTIMAND_FREEZE_2026-08-29,1g8BD01w9zcNAaF-BJLSqEt0FqAIZx78mGXuUPsOiQmw,application/vnd.google-apps.document,11597,2026-08-29T15:45:06.733Z
LLM_TOKEN_ZIP_RESEARCH_MASTER/00_PROMPTS_MASTER_ARCHIVE,V52_TASK_4F0_BEAM_LARGE_SCALE_ADAPTER_EVIDENCE_FREEZE_2026-08-29,1sauXtiWdifx8oOSM9hPLqQLPxIYPCHQSRkxFDhq22E4,application/vnd.google-apps.document,8149,2026-08-29T16:17:52.570Z
LLM_TOKEN_ZIP_RESEARCH_MASTER/00_PROMPTS_MASTER_ARCHIVE,V52_TASK_4F0_CODEX_COLD_START_INDEPENDENT_AUDIT_PROMPT_2026-08-31,1_2ZOkdqbiORN1PTTqZWGJnXKe2TKKxpCmoyh_4ebkM0,application/vnd.google-apps.document,8884,2026-08-31T09:59:25.045Z
LLM_TOKEN_ZIP_RESEARCH_MASTER/00_PROMPTS_MASTER_ARCHIVE/V52_TASK_4C2_AUDIT_PROMPTS,V52_TASK_4C2_INDEPENDENT_ADVERSARIAL_AUDIT_PROMPT_2026-08-27,1Q_y7Z3Jxo8XWUoPG4aaOkO7NlfAg20-uGSp0bJCk4OE,application/vnd.google-apps.document,9218,2026-08-27T06:21:25.084Z
LLM_TOKEN_ZIP_RESEARCH_MASTER/01_LITERATURE_REVIEWS,V52_T4C2_DEEP_LITERATURE_REVIEW_BINARY_GEOMETRY_2026-08-27,1GXloysvupXcGZWq7UBGVaSo5gf-xptKT7jPWYEhW7QQ,application/vnd.google-apps.document,9021,2026-08-27T06:51:18.876Z
LLM_TOKEN_ZIP_RESEARCH_MASTER/LLM_Memory_Research_Checkpoint_2026-08-23_V51,LLM_MEMORY_RESEARCH_FILE_MANIFEST_V51.csv,1MJldnGxHkQHEzLRjJr4rvMFGi5bRshwI,text/csv,20882,2026-08-23T20:44:35.786Z
LLM_TOKEN_ZIP_RESEARCH_MASTER/LLM_Memory_Research_Checkpoint_2026-08-23_V51,LLM_MEMORY_RESEARCH_FULL_ARCHIVE_V51.zip,1hkaGKHcaq9nspssi8cH-3eKRM2sVbe84,application/zip,1470360,2026-08-23T20:44:10.098Z
LLM_TOKEN_ZIP_RESEARCH_MASTER/LLM_Memory_Research_Checkpoint_2026-08-23_V51,LLM_MEMORY_RESEARCH_MASTER_CHECKPOINT_V51.md,1zzwNHsZtiQ0RhJBqgLAI_4OF7v2uehrQ,text/markdown,21719,2026-08-23T20:44:18.322Z
LLM_TOKEN_ZIP_RESEARCH_MASTER/LLM_Memory_Research_Checkpoint_2026-08-23_V51,NEW_CHAT_START_PROMPT_V51.md,17SCXaCXxGRB1IxyBq1g_s91qLIo5Pe8n,text/markdown,5157,2026-08-23T20:44:28.085Z
LLM_TOKEN_ZIP_RESEARCH_MASTER/LLM_Memory_Research_Checkpoint_2026-08-23_V51,v51_full_locomo_benchmark.py,14r_OWHw8lBDeWpOP5ogWoi0cqTkEk5qx,text/x-python,24014,2026-08-23T20:44:44.919Z
LLM_TOKEN_ZIP_RESEARCH_MASTER/LLM_Memory_Research_Checkpoint_2026-08-23_V51,v51_protocol_manifest.json,18g5w_SYwQzMhcnecf5WCRdUKzJRwuDNw,application/json,1305,2026-08-23T20:44:54.794Z
LLM_TOKEN_ZIP_RESEARCH_MASTER/LLM_Memory_Research_V52_T2_External_Audit,00_READ_ME_FIRST__V52_T2_EXTERNAL_AUDIT,1HyTZG-aVuttSLoOqFmgeEuutOsleRSE3rSUoubq5Evk,application/vnd.google-apps.document,3448,2026-08-24T12:37:19.514Z
LLM_TOKEN_ZIP_RESEARCH_MASTER/LLM_Memory_Research_V52_T2_External_Audit,01_V52_T2_COMPUTE_REPORT,1Q345Z6Wzc-h5_HhTNodqT5167VKrSCaYf-gSZ8hatgU,application/vnd.google-apps.document,3114,2026-08-24T12:37:54.613Z
LLM_TOKEN_ZIP_RESEARCH_MASTER/LLM_Memory_Research_V52_T2_External_Audit,02_V52_T2_PROTOCOL_JSON,1yh-amCzW_Y-YnK4LlGO6U1AQVVSiuM5TrjeYg0WkOkA,application/vnd.google-apps.document,1893,2026-08-24T12:38:19.482Z
LLM_TOKEN_ZIP_RESEARCH_MASTER/LLM_Memory_Research_V52_T2_External_Audit,03_V52_T2_FRONTIER_COMPACT_CSV,1z2ipXWE03WjnDY6JjkKLxFApPrFt7zYF4HuC7LbFMKo,application/vnd.google-apps.document,1187,2026-08-24T12:38:41.070Z
LLM_TOKEN_ZIP_RESEARCH_MASTER/LLM_Memory_Research_V52_T2_External_Audit,04_V52_T2_BOOTSTRAP_CRITICAL_CSV,1TS88hWA4Ki-rfPFKIb7S9HQj3jzcp-Tuddc83uIcb3Q,application/vnd.google-apps.document,2000,2026-08-24T12:39:06.737Z
LLM_TOKEN_ZIP_RESEARCH_MASTER/LLM_Memory_Research_V52_T2_External_Audit,05_V52_T2_GOLD_CAPTURE_DECOMPOSITION_CSV,1umXExi02Fm244s7-yqWmbSLjJ7IeKy01mR9TdzM_tew,application/vnd.google-apps.document,1774,2026-08-24T12:39:30.484Z
LLM_TOKEN_ZIP_RESEARCH_MASTER/LLM_Memory_Research_V52_T2_External_Audit,06_V52_T2_CODE_AUDIT_EXTRACT,11j4h33fVkNFbEed0PepaD0kpL9VRP3_OYlto5Alx3io,application/vnd.google-apps.document,3782,2026-08-24T12:40:04.760Z
LLM_TOKEN_ZIP_RESEARCH_MASTER/LLM_Memory_Research_V52_T2_External_Audit,08_V52_T2_INDEPENDENT_ADVERSARIAL_AUDIT_PROMPT,1u5zTDWvinncrmTpKUiWZU74CxCIKHRAi_b7brbMPrHI,application/vnd.google-apps.document,2578,2026-08-24T12:41:12.021Z
LLM_TOKEN_ZIP_RESEARCH_MASTER/LLM_Memory_Research_V52_T2_RAW_EXTERNAL_AUDIT,V52_T2_aggregate.csv,1zJU-UZpa0PAkKkR1exMARuiVjzprpRxg,text/csv,48522,2026-08-24T12:55:45.690Z
LLM_TOKEN_ZIP_RESEARCH_MASTER/LLM_Memory_Research_V52_T2_RAW_EXTERNAL_AUDIT,V52_T2_bootstrap.csv,191bZRD_BdNT03L-4ggMKFArsNu2mcty2,text/csv,7546,2026-08-24T12:55:54.457Z
LLM_TOKEN_ZIP_RESEARCH_MASTER/LLM_Memory_Research_V52_T2_RAW_EXTERNAL_AUDIT,V52_T2_COMPUTE_REPORT.md,10c51fZ7iBa3A0vwU7QhFVqdAHiWoOztf,text/markdown,3019,2026-08-24T12:56:40.836Z
LLM_TOKEN_ZIP_RESEARCH_MASTER/LLM_Memory_Research_V52_T2_RAW_EXTERNAL_AUDIT,V52_T2_gold_capture_decomposition.csv,1TJd5a_vrky_ZuWQCK0EhVRrD_YI-x_Da,text/csv,1937,2026-08-24T12:56:10.031Z
LLM_TOKEN_ZIP_RESEARCH_MASTER/LLM_Memory_Research_V52_T2_RAW_EXTERNAL_AUDIT,V52_T2_protocol.json,1_KC1jJhg4HAwH6HXilksYnY88LjTURMm,application/json,1585,2026-08-24T12:55:24.786Z
LLM_TOKEN_ZIP_RESEARCH_MASTER/LLM_Memory_Research_V52_T2_RAW_EXTERNAL_AUDIT,V52_T2_question_level.csv,1d8CjM8BHEDRuEQ8HMNbOHa3LMWWl1opZ,text/csv,23918663,2026-08-24T12:55:13.798Z
LLM_TOKEN_ZIP_RESEARCH_MASTER/LLM_Memory_Research_V52_T2_RAW_EXTERNAL_AUDIT,V52_T2_sanity_checks.csv,1-lBK5P2w41cnWKc12TyWGF7-nQHpaHdq,text/csv,211420,2026-08-24T12:56:03.171Z
LLM_TOKEN_ZIP_RESEARCH_MASTER/LLM_Memory_Research_V52_T2_RAW_EXTERNAL_AUDIT,v52_t2_shortlist_scaling.py,1Mjd9fz2KeACN4uqRKbmCWrOdO4CGEUOr,text/x-python,26451,2026-08-24T13:08:10.377Z
LLM_TOKEN_ZIP_RESEARCH_MASTER/RECOVERED_FROM_FILE_LIBRARY,01_V51_T1_RECOVERED,1jaM44E1bxVVIzh7OI6mJJO_K3E564Z7v,application/vnd.google-apps.folder,,
LLM_TOKEN_ZIP_RESEARCH_MASTER/RECOVERED_FROM_FILE_LIBRARY,03_T3_T4_RECOVERED,1-IQcc0xPXsKOJ_J3tjAaSecSTNc2nXg-,application/vnd.google-apps.folder,,
LLM_TOKEN_ZIP_RESEARCH_MASTER/RECOVERED_FROM_FILE_LIBRARY,04_T4C0_T4C1_RECOVERED,1P8Y8MDHkTrqBDNReUSgHJol1s-3C2sC7,application/vnd.google-apps.folder,,
LLM_TOKEN_ZIP_RESEARCH_MASTER/RECOVERED_FROM_FILE_LIBRARY,EXTERNAL_LLM_CORE_CONTEXT_AND_AUDIT.md,1taCuiqnIiZ_L-htnejzqauHZLMAMWLAf,text/markdown,6173,2026-08-25T17:04:31.170Z
LLM_TOKEN_ZIP_RESEARCH_MASTER/RECOVERED_FROM_FILE_LIBRARY,FILE_LIBRARY_SYNC_STATUS_2026-08-25.md,1AwZdAuEc6aRBuCqSN0NLPi44fFhqFvtG,text/markdown,4108,2026-08-25T17:13:54.185Z
LLM_TOKEN_ZIP_RESEARCH_MASTER/RECOVERED_FROM_FILE_LIBRARY/01_V51_T1_RECOVERED,EXTERNAL_LLM_HANDOFF_BUNDLE.zip,1RVKXTaBelXlWCO_fi9SZ-rITY1lr55dZ,application/zip,6706096,2026-08-25T17:13:10.727Z
LLM_TOKEN_ZIP_RESEARCH_MASTER/RECOVERED_FROM_FILE_LIBRARY/01_V51_T1_RECOVERED,LLM_MEMORY_RESEARCH_FULL_ARCHIVE_V51.zip,1na260DjDiBZQ48dMAtQAuoSPBH_1zycs,application/zip,1470360,2026-08-25T17:12:47.840Z
LLM_TOKEN_ZIP_RESEARCH_MASTER/RECOVERED_FROM_FILE_LIBRARY/01_V51_T1_RECOVERED,locomo-audit-main.zip,1_7qmgEpU4k78pP8V8jJMBcWVQfS9fo6q,application/zip,2824434,2026-08-25T17:12:56.474Z
LLM_TOKEN_ZIP_RESEARCH_MASTER/RECOVERED_FROM_FILE_LIBRARY/01_V51_T1_RECOVERED,v51_full_locomo_benchmark_patched_v2.py,1elIGkiJgkq7X4v4nYRsRvS-_ndLpwWcn,text/x-python,31258,2026-08-25T17:13:36.903Z
LLM_TOKEN_ZIP_RESEARCH_MASTER/RECOVERED_FROM_FILE_LIBRARY/01_V51_T1_RECOVERED,v51_full_locomo_benchmark_patched_v4.py,14Eu3EjXIrIiVp_j3kq6Q18bQnrXA5_kQ,text/x-python,32375,2026-08-25T17:13:24.864Z
LLM_TOKEN_ZIP_RESEARCH_MASTER/RECOVERED_FROM_FILE_LIBRARY/01_V51_T1_RECOVERED,V52_T1_COMPUTE_INPUT_BUNDLE.zip,1TBoSidcw-PC0gA_YAGTPrZelYnT81phd,application/zip,2044991,2026-08-25T17:12:35.511Z
LLM_TOKEN_ZIP_RESEARCH_MASTER/RECOVERED_FROM_FILE_LIBRARY/03_T3_T4_RECOVERED,V52_T3A1_PROTOCOL_PATCH.md,1tgHwOUtOLt7PtND-Ws0F7VWsE6WLdPw5,text/markdown,744,2026-08-25T17:09:56.521Z
LLM_TOKEN_ZIP_RESEARCH_MASTER/RECOVERED_FROM_FILE_LIBRARY/04_T4C0_T4C1_RECOVERED,V52_T4C1_BLOCKED_SHA256.txt,1j6IjzPCV27mW2-U7E7K5WKC8eEnZCpQN,text/plain,384,2026-08-25T17:10:03.897Z
LLM_TOKEN_ZIP_RESEARCH_MASTER/RECOVERED_FROM_FILE_LIBRARY/04_T4C0_T4C1_RECOVERED,V52_T4C1_PRIOR_ART_NOVELTY_AUDIT_20260825.md,1km_JCnHTdxujIKr6S7xeQAi1JARnpSK2,text/markdown,13758,2026-08-25T17:10:12.807Z
LLM_TOKEN_ZIP_RESEARCH_MASTER/V52_CAUSAL_SPECTRAL_BAND_HAAR_2026-09-04,CROSS_BENCHMARK_CAUSAL_SPECTRAL_SUBSPACE_CHECKPOINT_2026-09-04.md,1fd470TNLtOING2obnfcuPtEiLdTUIBdr,text/markdown,3957,2026-09-04T14:40:44.391Z
LLM_TOKEN_ZIP_RESEARCH_MASTER/V52_CAUSAL_SPECTRAL_BAND_HAAR_2026-09-04,CROSS_BENCHMARK_HEAD_TAIL_CAUSAL_CHECKPOINT_2026-09-04.md,1HSBrmm4ufVbiY24GhEoo3wyGHUkCKu4T,text/markdown,5190,2026-09-04T14:47:26.953Z
LLM_TOKEN_ZIP_RESEARCH_MASTER/V52_CAUSAL_SPECTRAL_BAND_HAAR_2026-09-04,CROSS_BENCHMARK_MATCHED_RANDOM_PARTITION_NULL_CHECKPOINT_2026-09-04,1__c-LIzdI9SsKxkyiQmvzix1NA4SDC5hFX8EWuZ4ZJs,application/vnd.google-apps.document,3438,2026-09-04T18:47:56.170Z
LLM_TOKEN_ZIP_RESEARCH_MASTER/V52_CAUSAL_SPECTRAL_BAND_HAAR_2026-09-04,CROSS_DATASET_HEAD_TAIL_BOUNDARY_LOCALIZATION_CHECKPOINT_2026-09-04,1Rhq_GyLmUgLorvoTOyx38U4pfaReJGs8zwYpG6IVGEw,application/vnd.google-apps.document,4019,2026-09-04T20:43:07.514Z
LLM_TOKEN_ZIP_RESEARCH_MASTER/V52_CAUSAL_SPECTRAL_BAND_HAAR_2026-09-04,V52_BOUNDARY_LOCALIZATION_AUDIT_RESULT_2026-09-05_NAVIGATION_MIRROR.md,13zdeIJhjxDGySB2uMxtKybqKYTo8w0nW,text/markdown,3860,2026-09-05T06:27:41.712Z
LLM_TOKEN_ZIP_RESEARCH_MASTER/V52_CAUSAL_SPECTRAL_BAND_HAAR_2026-09-04,V52_BOUNDARY_LOCALIZATION_COLD_START_AUDIT_HANDOFF_2026-09-04_NAVIGATION_MIRROR.md,1W_p5GRbYfiM7XdO_YJibZed56yslXraY,text/markdown,4532,2026-09-04T20:55:23.416Z
LLM_TOKEN_ZIP_RESEARCH_MASTER/V52_CAUSAL_SPECTRAL_BAND_HAAR_2026-09-04,V52_BOUNDARY_LOCALIZATION_POST_AUDIT_INTERPRETATION_ADDENDUM_2026-09-05_NAVIGATION_MIRROR.md,1Wt_I_5jvCcJCMHy0FOCcSMruN1vXy2q7,text/markdown,4702,2026-09-05T06:46:47.698Z
LLM_TOKEN_ZIP_RESEARCH_MASTER/V52_CAUSAL_SPECTRAL_BAND_HAAR_2026-09-04,V52_BOUNDARY_LOCALIZATION_PRERUN_SEAL_2026-09-04,1z-WSwgCgB_HKoO6F8t6fxfKh6KBol-4pSMzcLrqyiLs,application/vnd.google-apps.document,2219,2026-09-04T20:34:36.806Z
LLM_TOKEN_ZIP_RESEARCH_MASTER/V52_CAUSAL_SPECTRAL_BAND_HAAR_2026-09-04,V52_BOUNDARY_LOCALIZATION_PROVENANCE_MANIFEST_2026-09-04,1W9Cs8ijdLxbT0lt6WqnG2Y0hky1KiXFBtTTsT_hi4Xk,application/vnd.google-apps.document,3429,2026-09-04T20:45:31.320Z
LLM_TOKEN_ZIP_RESEARCH_MASTER/V52_CAUSAL_SPECTRAL_BAND_HAAR_2026-09-04,V52_CAUSAL_HEAD_TAIL_BOUNDARY_LOCALIZATION_PREREG_2026-09-04,1hE_-z6qIn3g-zX0jLAClwoQeHbsZDeVuQ83SyO17sI0,application/vnd.google-apps.document,9869,2026-09-04T20:27:21.341Z
LLM_TOKEN_ZIP_RESEARCH_MASTER/V52_CAUSAL_SPECTRAL_BAND_HAAR_2026-09-04,V52_CAUSAL_HEAD_TAIL_TWO_SUBSPACE_HAAR_PREREG_2026-09-04.md,1RhJizffeiFVa8NsIKOOmkvFG3LIb2FUw,text/markdown,6624,2026-09-04T14:34:34.215Z
LLM_TOKEN_ZIP_RESEARCH_MASTER/V52_CAUSAL_SPECTRAL_BAND_HAAR_2026-09-04,V52_CAUSAL_SPECTRAL_BAND_HAAR_INTERIM_DOUBLE_BACKUP_2026-09-04.zip,1G8iytJjdJhDNAmbt4zJfp9Gy1wgX33bx,application/zip,7381,2026-09-04T14:30:56.749Z
LLM_TOKEN_ZIP_RESEARCH_MASTER/V52_CAUSAL_SPECTRAL_BAND_HAAR_2026-09-04,V52_HEAD_TAIL_POST_AUDIT_INTERPRETATION_ADDENDUM_2026-09-04,13hV2Ubw4Dgfi2TBO5MuNEtpLIJXJ0NuDXga-BmC94z8,application/vnd.google-apps.document,4628,2026-09-04T20:28:04.472Z
LLM_TOKEN_ZIP_RESEARCH_MASTER/V52_CAUSAL_SPECTRAL_BAND_HAAR_2026-09-04,V52_LOCOMO_BOUNDARY_LOCALIZATION_RESULTS_2026-09-04.zip,1suAZoTuYsaah_oWf1fB9vPxQ2KPg92tr,application/zip,211990,2026-09-04T20:36:54.127Z
LLM_TOKEN_ZIP_RESEARCH_MASTER/V52_CAUSAL_SPECTRAL_BAND_HAAR_2026-09-04,V52_LOCOMO_CAUSAL_BAND_HAAR_RESULTS_2026-09-04.zip,1mfJUZ5i8TG5mwCKfHGJ2avBaIRVGAgi1,application/zip,4861,2026-09-04T14:26:27.021Z
LLM_TOKEN_ZIP_RESEARCH_MASTER/V52_CAUSAL_SPECTRAL_BAND_HAAR_2026-09-04,V52_LOCOMO_HEAD_TAIL_CAUSAL_RESULTS_2026-09-04.zip,15AjflormsdLveHWgIIc7rqhrsVE8bQNv,application/zip,3576,2026-09-04T14:38:42.018Z
LLM_TOKEN_ZIP_RESEARCH_MASTER/V52_CAUSAL_SPECTRAL_BAND_HAAR_2026-09-04,V52_LOCOMO_MATCHED_RANDOM_PARTITION_NULL_RESULTS_2026-09-04.zip,19zuaMJeF32BAdG7dSKOmovjGzhSmvzT7,application/zip,10821,2026-09-04T18:46:01.310Z
LLM_TOKEN_ZIP_RESEARCH_MASTER/V52_CAUSAL_SPECTRAL_BAND_HAAR_2026-09-04,V52_LONGMEMEVAL_BOUNDARY_LOCALIZATION_FINAL_2026-09-04.zip,1qLSdVsbUb8Eo5D8YgmGdkk3gx0w_vufQ,application/zip,91808,2026-09-04T20:40:15.503Z
LLM_TOKEN_ZIP_RESEARCH_MASTER/V52_CAUSAL_SPECTRAL_BAND_HAAR_2026-09-04,V52_LONGMEMEVAL_CAUSAL_SHARDED_FINAL_2026-09-04.zip,1atTWg-DOGiekK7wx1DBS7GozFIDxtOp6,application/zip,3887,2026-09-04T14:39:12.709Z
LLM_TOKEN_ZIP_RESEARCH_MASTER/V52_CAUSAL_SPECTRAL_BAND_HAAR_2026-09-04,V52_LONGMEMEVAL_HEAD_TAIL_CAUSAL_FINAL_2026-09-04.zip,1P58-aWzcHf-YtyHBHqCOiIiE-2AtH2ru,application/zip,3573,2026-09-04T14:46:37.378Z
LLM_TOKEN_ZIP_RESEARCH_MASTER/V52_CAUSAL_SPECTRAL_BAND_HAAR_2026-09-04,V52_LONGMEMEVAL_MATCHED_RANDOM_PARTITION_NULL_FINAL_2026-09-04.zip,1YHi5QT1cX4T_qXHzaXRtxNUw5m5DP7R4,application/zip,9829,2026-09-04T18:46:07.979Z
LLM_TOKEN_ZIP_RESEARCH_MASTER/V52_CAUSAL_SPECTRAL_BAND_HAAR_2026-09-04,V52_MATCHED_RANDOM_PARTITION_NULL_COLD_START_AUDIT_HANDOFF_2026-09-04,1l7rE9TPn15Ob6yP9a7A9Vfcqi83IcDnu61n8Tp9A-pI,application/vnd.google-apps.document,4061,2026-09-04T18:51:30.797Z
LLM_TOKEN_ZIP_RESEARCH_MASTER/V52_CAUSAL_SPECTRAL_BAND_HAAR_2026-09-04,V52_MATCHED_RANDOM_PARTITION_NULL_PREREG_2026-09-04,16cpNlMnVmehI6faMfvmicK280SKWHheA7bfAom7Ub_g,application/vnd.google-apps.document,8380,2026-09-04T18:35:39.687Z
LLM_TOKEN_ZIP_RESEARCH_MASTER/V52_CAUSAL_SPECTRAL_BAND_HAAR_2026-09-04,V52_MATCHED_RANDOM_PARTITION_NULL_PRERUN_SEAL_2026-09-04,14PJunDnAshUvXBf5uA1T5UCFlA5Xkfa1rYa6Gg4bXIg,application/vnd.google-apps.document,2446,2026-09-04T18:39:47.284Z
LLM_TOKEN_ZIP_RESEARCH_MASTER/V52_CAUSAL_SPECTRAL_BAND_HAAR_2026-09-04,V52_MATCHED_RANDOM_PARTITION_NULL_PROVENANCE_MANIFEST_2026-09-04,1jPagpqOQQmlhcSnmKMNJzLinyYQbcXg0jhctHllXUMw,application/vnd.google-apps.document,3349,2026-09-04T18:49:30.824Z
LLM_TOKEN_ZIP_RESEARCH_MASTER/V52_STATIC_STORAGE_INVENTORY_INDEPENDENT_AUDIT_2026-09-12,AUDIT_RECEIPT,118B7DAaUfHpKcZE1H8pyAd0FToZTRjchyyiAHRIO0dU,application/vnd.google-apps.document,1024,2026-09-12T17:07:02.191Z
LLM_TOKEN_ZIP_RESEARCH_MASTER/V52_STATIC_STORAGE_INVENTORY_INDEPENDENT_AUDIT_2026-09-12,INDEPENDENT_INVENTORY_AUDIT_REPORT,1iuVHrKPcESamPS1qsz1JCH_qeRH36eRYxZf6krAsBaY,application/vnd.google-apps.document,6381,2026-09-12T17:06:51.315Z
LLM_TOKEN_ZIP_RESEARCH_MASTER/V52_TASK_4C2_AUDIT_PACKAGE,V52_T4C2_ALL_OUTPUTS.zip,1XkcdVYZTOzDXxq1RMDbnVT46_biGBGxa,application/zip,13536123,2026-08-27T06:20:20.065Z
LLM_TOKEN_ZIP_RESEARCH_MASTER/V52_TASK_4C2_CENTERING_GEOMETRY,FINAL_2026-08-27_FULL_470,1rXeSGN0__wXTYVzvJy1wVulTY0gFTUaP,application/vnd.google-apps.folder,,
LLM_TOKEN_ZIP_RESEARCH_MASTER/V52_TASK_4C2_CENTERING_GEOMETRY/FINAL_2026-08-27_FULL_470,V52_T4C2_aggregate.csv,19QNrbOOvOF_2ExxeDkEFTQUjhLMOVZz5,text/csv,333,2026-08-26T22:12:17.244Z
LLM_TOKEN_ZIP_RESEARCH_MASTER/V52_TASK_4C2_CENTERING_GEOMETRY/FINAL_2026-08-27_FULL_470,V52_T4C2_ALL_OUTPUTS.zip,1axb1ZQpo7bdN92blVl3eHWe3nME1mwlR,application/zip,13536123,2026-08-26T22:11:18.257Z
LLM_TOKEN_ZIP_RESEARCH_MASTER/V52_TASK_4C2_CENTERING_GEOMETRY/FINAL_2026-08-27_FULL_470,V52_T4C2_archive_size.csv,1m_fdfixtV5x8simEtAHmi45fMTN74_Iy,text/csv,683,2026-08-26T22:12:21.671Z
LLM_TOKEN_ZIP_RESEARCH_MASTER/V52_TASK_4C2_CENTERING_GEOMETRY/FINAL_2026-08-27_FULL_470,V52_T4C2_BINARY_GEOMETRY.zip,1ggaSk2TyhVVNil7UOk2Dai2UDcgIZY9r,application/zip,13012706,2026-08-26T22:11:24.034Z
LLM_TOKEN_ZIP_RESEARCH_MASTER/V52_TASK_4C2_CENTERING_GEOMETRY/FINAL_2026-08-27_FULL_470,V52_T4C2_bit_balance.csv,1yPYFavaGqJ9jjiY1fsB6QonQyGHFq-rH,text/csv,83134,2026-08-26T22:12:25.806Z
LLM_TOKEN_ZIP_RESEARCH_MASTER/V52_TASK_4C2_CENTERING_GEOMETRY/FINAL_2026-08-27_FULL_470,V52_T4C2_centering_effect.csv,1qYtCvCPFrmMv8EFNkNapwSvsi6Ih6gUA,text/csv,277,2026-08-26T22:12:30.253Z
LLM_TOKEN_ZIP_RESEARCH_MASTER/V52_TASK_4C2_CENTERING_GEOMETRY/FINAL_2026-08-27_FULL_470,v52_t4c2_centering_geometry.py,16D-93zDk-xxmIhv9m0mCG2-U_FhZ8zFp,text/x-python,53342,2026-08-26T22:13:52.028Z
LLM_TOKEN_ZIP_RESEARCH_MASTER/V52_TASK_4C2_CENTERING_GEOMETRY/FINAL_2026-08-27_FULL_470,V52_T4C2_collision_diagnostics.csv,1_Hv-a6cZ5xDclV0kcYnXDVoZ5tZCLQNi,text/csv,247932,2026-08-26T22:12:34.257Z
LLM_TOKEN_ZIP_RESEARCH_MASTER/V52_TASK_4C2_CENTERING_GEOMETRY/FINAL_2026-08-27_FULL_470,V52_T4C2_COMPUTE_REPORT.md,1KSqb65MxvBYX-flICVnx1vZs-_VMoQOL,text/markdown,1947,2026-08-26T22:11:30.337Z
LLM_TOKEN_ZIP_RESEARCH_MASTER/V52_TASK_4C2_CENTERING_GEOMETRY/FINAL_2026-08-27_FULL_470,V52_T4C2_distance_geometry.csv,17AK7X-ldwA6qrb09M9SRytwwohGA_JxK,text/csv,467241,2026-08-26T22:12:39.191Z
LLM_TOKEN_ZIP_RESEARCH_MASTER/V52_TASK_4C2_CENTERING_GEOMETRY/FINAL_2026-08-27_FULL_470,V52_T4C2_feature_geometry.csv,1catvEUhJHyFVyVLCRlmHNnMtXnaXyBV6,text/csv,77491,2026-08-26T22:12:43.414Z
LLM_TOKEN_ZIP_RESEARCH_MASTER/V52_TASK_4C2_CENTERING_GEOMETRY/FINAL_2026-08-27_FULL_470,V52_T4C2_gold_cardinality.csv,10C8hRkGrWuWq_jiTB7i6Innr6Lw9y2XE,text/csv,483,2026-08-26T22:12:47.444Z
LLM_TOKEN_ZIP_RESEARCH_MASTER/V52_TASK_4C2_CENTERING_GEOMETRY/FINAL_2026-08-27_FULL_470,V52_T4C2_HEAD_RESEARCHER_HANDOFF.txt,1hjUdmJg4ZhFGMzI8_aohh4x5-Ng0-PXi,text/plain,8238,2026-08-26T22:11:39.576Z
LLM_TOKEN_ZIP_RESEARCH_MASTER/V52_TASK_4C2_CENTERING_GEOMETRY/FINAL_2026-08-27_FULL_470,V52_T4C2_INPUT_CHECKS.json,1DK8jf_1SWm42nIrU1LpfCF_YLGkNcuZz,application/json,1503,2026-08-26T22:11:49.153Z
LLM_TOKEN_ZIP_RESEARCH_MASTER/V52_TASK_4C2_CENTERING_GEOMETRY/FINAL_2026-08-27_FULL_470,V52_T4C2_leakage_audit.csv,1Aq1jXrLa_Q4WUdoP0ZWL9v30xK0xnI6N,text/csv,867,2026-08-26T22:12:51.425Z
LLM_TOKEN_ZIP_RESEARCH_MASTER/V52_TASK_4C2_CENTERING_GEOMETRY/FINAL_2026-08-27_FULL_470,V52_T4C2_POST_RUN_MANIFEST.json,1pNREGLxrbTvD-Qso3dGpFCTNnpmMBXfy,application/json,3468,2026-08-26T22:11:55.651Z
LLM_TOKEN_ZIP_RESEARCH_MASTER/V52_TASK_4C2_CENTERING_GEOMETRY/FINAL_2026-08-27_FULL_470,V52_T4C2_PRE_RUN_SEAL.json,1XdMYwYPcGj3rk_r235ly4PLngzKdI_w5,application/json,3192,2026-08-26T22:12:02.387Z
LLM_TOKEN_ZIP_RESEARCH_MASTER/V52_TASK_4C2_CENTERING_GEOMETRY/FINAL_2026-08-27_FULL_470,V52_T4C2_question_level.csv,1X-4Df7KihrA4n37U-0GZtjiiyn308W5r,text/csv,56274,2026-08-26T22:12:55.775Z
LLM_TOKEN_ZIP_RESEARCH_MASTER/V52_TASK_4C2_CENTERING_GEOMETRY/FINAL_2026-08-27_FULL_470,V52_T4C2_question_type.csv,1tCOy_QE1NYHGDqdIvY6LY6qBC6xXsP8v,text/csv,901,2026-08-26T22:13:00.187Z
LLM_TOKEN_ZIP_RESEARCH_MASTER/V52_TASK_4C2_CENTERING_GEOMETRY/FINAL_2026-08-27_FULL_470,V52_T4C2_rank_geometry.csv,1QduL7qm1OQdRYikIbeIo7sLqAOE0Er3-,text/csv,180648,2026-08-26T22:13:21.523Z
LLM_TOKEN_ZIP_RESEARCH_MASTER/V52_TASK_4C2_CENTERING_GEOMETRY/FINAL_2026-08-27_FULL_470,V52_T4C2_reuse.csv,1fld_ueJ9toVXrhKXu6xJd512ovngw5iK,text/csv,610,2026-08-26T22:13:27.210Z
LLM_TOKEN_ZIP_RESEARCH_MASTER/V52_TASK_4C2_CENTERING_GEOMETRY/FINAL_2026-08-27_FULL_470,V52_T4C2_same_input_proof.csv,1mH_w-RkgtPcfPHG6qnFfx8g35zPBuMTL,text/csv,22378,2026-08-26T22:13:31.359Z
LLM_TOKEN_ZIP_RESEARCH_MASTER/V52_TASK_4C2_CENTERING_GEOMETRY/FINAL_2026-08-27_FULL_470,V52_T4C2_sanity_checks.csv,1gvzqSg6hDam9BEVaoO4HO0UbWZcEyBEJ,text/csv,489,2026-08-26T22:13:35.534Z
LLM_TOKEN_ZIP_RESEARCH_MASTER/V52_TASK_4C2_CENTERING_GEOMETRY/FINAL_2026-08-27_FULL_470,V52_T4C2_TASK4C1_REPRODUCTION.csv,1bXtW7zz9zqp2b4ytC6TlKFiEUTt9Y0Av,text/csv,780,2026-08-26T22:12:07.039Z
LLM_TOKEN_ZIP_RESEARCH_MASTER/V52_TASK_4C2_CENTERING_GEOMETRY/FINAL_2026-08-27_FULL_470,V52_T4C2_tie_diagnostics.csv,1k6YUky1yLlRxRJYOpckW4yWcVNOFlqo1,text/csv,178893,2026-08-26T22:13:39.752Z
LLM_TOKEN_ZIP_RESEARCH_MASTER/V52_TASK_4C2_CENTERING_GEOMETRY/FINAL_2026-08-27_FULL_470,V52_T4C2_trial_results.csv,1g8_vCbmA63aDOQVZvIDmxpD6leJ6TjES,text/csv,5371479,2026-08-26T22:13:47.864Z
LLM_TOKEN_ZIP_RESEARCH_MASTER/V52_TASK_4C2_CENTERING_GEOMETRY/FINAL_2026-08-27_FULL_470,V52_T4C2_WIN_TIE_LOSS.csv,1K7dRBytDweaYAqCcamSPxGomxjZH88eo,text/csv,283,2026-08-26T22:12:12.657Z
LLM_TOKEN_ZIP_RESEARCH_MASTER/V52_TASK_4C3_COORDINATE_AXIS_CAUSAL_PROBE,FINAL_2026-08-28_FULL_470,1ABFEBsp7KfNxtIRkdaqU-6ImTFbsXAnv,application/vnd.google-apps.folder,,
LLM_TOKEN_ZIP_RESEARCH_MASTER/V52_TASK_4C3_COORDINATE_AXIS_CAUSAL_PROBE/FINAL_2026-08-28_FULL_470,V52_T4C3_aggregate.csv,1l22nP6YzjMLiWCvIdl002qVW0leAJP3d,text/csv,768,2026-08-28T12:44:46.406Z
LLM_TOKEN_ZIP_RESEARCH_MASTER/V52_TASK_4C3_COORDINATE_AXIS_CAUSAL_PROBE/FINAL_2026-08-28_FULL_470,V52_T4C3_ALL_OUTPUTS.zip,1KoDZx0h88JMUfJsAgd_rUtAyeS5_3ESm,application/x-zip-compressed,24756509,2026-08-28T12:40:49.000Z
LLM_TOKEN_ZIP_RESEARCH_MASTER/V52_TASK_4C3_COORDINATE_AXIS_CAUSAL_PROBE/FINAL_2026-08-28_FULL_470,V52_T4C3_archive_size.csv,1T3LyEwdY0_H9ZvYiJVcLjYL67OhvmkA7,text/csv,1662,2026-08-28T12:44:57.635Z
LLM_TOKEN_ZIP_RESEARCH_MASTER/V52_TASK_4C3_COORDINATE_AXIS_CAUSAL_PROBE/FINAL_2026-08-28_FULL_470,V52_T4C3_block_gradient.csv,1rZol5gm6T2ly2AW_4M33Jr57jICq8J7Q,text/csv,1461,2026-08-28T12:44:52.063Z
LLM_TOKEN_ZIP_RESEARCH_MASTER/V52_TASK_4C3_COORDINATE_AXIS_CAUSAL_PROBE/FINAL_2026-08-28_FULL_470,V52_T4C3_collision_diagnostics.csv,1KU6PiLumi9FR-0ZudE6-mI4rNALmOqTY,text/csv,1648720,2026-08-28T12:45:15.776Z
LLM_TOKEN_ZIP_RESEARCH_MASTER/V52_TASK_4C3_COORDINATE_AXIS_CAUSAL_PROBE/FINAL_2026-08-28_FULL_470,V52_T4C3_COMPUTE_REPORT.md,1AzbO_n08yqEvJ4iwKEA-Z0joBhBcaHD8,text/markdown,1318,2026-08-28T12:44:05.821Z
LLM_TOKEN_ZIP_RESEARCH_MASTER/V52_TASK_4C3_COORDINATE_AXIS_CAUSAL_PROBE/FINAL_2026-08-28_FULL_470,V52_T4C3_continuous_invariance.csv,1fZP8GQnWJtOWG-WoPFNasguIAKo0Tlwm,text/csv,1833254,2026-08-28T12:43:51.552Z
LLM_TOKEN_ZIP_RESEARCH_MASTER/V52_TASK_4C3_COORDINATE_AXIS_CAUSAL_PROBE/FINAL_2026-08-28_FULL_470,v52_t4c3_coordinate_axis_probe.py,1Mvd54Y3LjSbZClrADOHHvVBDifses74o,text/x-python,32837,2026-08-28T12:43:20.895Z
LLM_TOKEN_ZIP_RESEARCH_MASTER/V52_TASK_4C3_COORDINATE_AXIS_CAUSAL_PROBE/FINAL_2026-08-28_FULL_470,V52_T4C3_gold_cardinality.csv,1kd9xwmP04-orOuKATrGyPxBoh-1DYo7a,text/csv,1014,2026-08-28T12:45:03.295Z
LLM_TOKEN_ZIP_RESEARCH_MASTER/V52_TASK_4C3_COORDINATE_AXIS_CAUSAL_PROBE/FINAL_2026-08-28_FULL_470,V52_T4C3_HEAD_RESEARCHER_HANDOFF.txt,1KmjZIK_0H8FDQqyE6-4OSgjrNifw97xr,text/plain,773,2026-08-28T12:44:12.071Z
LLM_TOKEN_ZIP_RESEARCH_MASTER/V52_TASK_4C3_COORDINATE_AXIS_CAUSAL_PROBE/FINAL_2026-08-28_FULL_470,V52_T4C3_heterogeneity_alignment.csv,1P5vuHU736w1AnvQRLrz2GIsj6S0OXJB7,text/csv,1620,2026-08-28T12:45:27.455Z
LLM_TOKEN_ZIP_RESEARCH_MASTER/V52_TASK_4C3_COORDINATE_AXIS_CAUSAL_PROBE/FINAL_2026-08-28_FULL_470,V52_T4C3_heterogeneity_quintiles.csv,1PfFJfOJzhvud8eLvzcMnCwa9DLFzcdSt,text/csv,16478,2026-08-28T12:43:32.635Z
LLM_TOKEN_ZIP_RESEARCH_MASTER/V52_TASK_4C3_COORDINATE_AXIS_CAUSAL_PROBE/FINAL_2026-08-28_FULL_470,V52_T4C3_INPUT_CHECKS.json,1B_qVTP6v8GAXhKBoEn0mXTeuLrP92m-9,application/json,1023,2026-08-28T12:43:26.695Z
LLM_TOKEN_ZIP_RESEARCH_MASTER/V52_TASK_4C3_COORDINATE_AXIS_CAUSAL_PROBE/FINAL_2026-08-28_FULL_470,V52_T4C3_ITQ_HAAR_ENVELOPE.csv,1flMTr5i8Zuv4bk8WGGlBIujZn5XMRVL2,text/csv,281,2026-08-28T12:45:22.465Z
LLM_TOKEN_ZIP_RESEARCH_MASTER/V52_TASK_4C3_COORDINATE_AXIS_CAUSAL_PROBE/FINAL_2026-08-28_FULL_470,V52_T4C3_leakage_audit.csv,1cgJgZ2JG_AKDV3TFMiICZqTXHffChnHw,text/csv,144,2026-08-28T12:43:44.210Z
LLM_TOKEN_ZIP_RESEARCH_MASTER/V52_TASK_4C3_COORDINATE_AXIS_CAUSAL_PROBE/FINAL_2026-08-28_FULL_470,V52_T4C3_native_heterogeneity.csv,1PME-hZHxp3fRN0AYgygp1oM7v-GNYm6Z,text/csv,1947381,2026-08-28T12:44:00.066Z
LLM_TOKEN_ZIP_RESEARCH_MASTER/V52_TASK_4C3_COORDINATE_AXIS_CAUSAL_PROBE/FINAL_2026-08-28_FULL_470,V52_T4C3_POST_RUN_MANIFEST.json,1DXvUT_bfks2gKlOaTZJqkfOVKi7nCMvU,application/json,3964,2026-08-28T12:44:23.576Z
LLM_TOKEN_ZIP_RESEARCH_MASTER/V52_TASK_4C3_COORDINATE_AXIS_CAUSAL_PROBE/FINAL_2026-08-28_FULL_470,V52_T4C3_PRE_RUN_SEAL.json,1aTBPjXnxl4XUJIYs6QlGgpWDPx0bZwAO,application/json,3166,2026-08-28T12:43:12.468Z
LLM_TOKEN_ZIP_RESEARCH_MASTER/V52_TASK_4C3_COORDINATE_AXIS_CAUSAL_PROBE/FINAL_2026-08-28_FULL_470,V52_T4C3_question_level.csv,13WMESuSqfkAN6xohsE4I02IXc_gw1pMX,text/csv,69428,2026-08-28T12:45:33.390Z
LLM_TOKEN_ZIP_RESEARCH_MASTER/V52_TASK_4C3_COORDINATE_AXIS_CAUSAL_PROBE/FINAL_2026-08-28_FULL_470,V52_T4C3_question_type.csv,10IrKLtm1CaV4MZdMdrlyK9-3odaeiy35,text/csv,2305,2026-08-28T12:45:52.902Z
LLM_TOKEN_ZIP_RESEARCH_MASTER/V52_TASK_4C3_COORDINATE_AXIS_CAUSAL_PROBE/FINAL_2026-08-28_FULL_470,V52_T4C3_rank_geometry.csv,1kkwo0L9elK8p_aCj0vYK0S5-GNwOu187,text/csv,1205877,2026-08-28T12:46:10.172Z
LLM_TOKEN_ZIP_RESEARCH_MASTER/V52_TASK_4C3_COORDINATE_AXIS_CAUSAL_PROBE/FINAL_2026-08-28_FULL_470,V52_T4C3_reuse.csv,15M41K4ljxVv0ljZ0O1REtd9SnfAdgTQD,text/csv,1348,2026-08-28T12:45:47.195Z
LLM_TOKEN_ZIP_RESEARCH_MASTER/V52_TASK_4C3_COORDINATE_AXIS_CAUSAL_PROBE/FINAL_2026-08-28_FULL_470,V52_T4C3_rotated_heterogeneity.csv,1sMbkfQvdH2yX3uKREb-gM37nIYh_83ko,text/csv,78405429,2026-08-28T12:40:35.000Z
LLM_TOKEN_ZIP_RESEARCH_MASTER/V52_TASK_4C3_COORDINATE_AXIS_CAUSAL_PROBE/FINAL_2026-08-28_FULL_470,V52_T4C3_rotation_seed_results.csv,1hc6KY7Fch4R7fcQAzXQa9BS4B-tzS2gt,text/csv,2663,2026-08-28T12:45:39.035Z
LLM_TOKEN_ZIP_RESEARCH_MASTER/V52_TASK_4C3_COORDINATE_AXIS_CAUSAL_PROBE/FINAL_2026-08-28_FULL_470,V52_T4C3_sanity_checks.csv,1giKpbJKde5G5FrlPXRe1Z-3goohYa7CD,text/csv,461,2026-08-28T12:44:18.113Z
LLM_TOKEN_ZIP_RESEARCH_MASTER/V52_TASK_4C3_COORDINATE_AXIS_CAUSAL_PROBE/FINAL_2026-08-28_FULL_470,V52_T4C3_signed_permutation_control.csv,1qGgObNL7gmEWIdPduJLXDNUVB2JqfYLD,text/csv,56658,2026-08-28T12:43:38.641Z
LLM_TOKEN_ZIP_RESEARCH_MASTER/V52_TASK_4C3_COORDINATE_AXIS_CAUSAL_PROBE/FINAL_2026-08-28_FULL_470,V52_T4C3_tie_diagnostics.csv,1wquekIN_Hui3S_qStVr4jj7M2jGl2h5r,text/csv,1134821,2026-08-28T12:46:02.986Z
LLM_TOKEN_ZIP_RESEARCH_MASTER/V52_TASK_4C3_COORDINATE_AXIS_CAUSAL_PROBE/FINAL_2026-08-28_FULL_470,V52_T4C3_trial_results.csv,1dHAZ1wV9kem7BM87OwpW86BS6GAj3Fx3,text/csv,21723081,2026-08-28T12:40:31.000Z
LLM_TOKEN_ZIP_RESEARCH_MASTER/V52_TASK_4C3_COORDINATE_AXIS_CAUSAL_PROBE/FINAL_2026-08-28_FULL_470,V52_TASK_4C3_ACCEPTED_CHECKPOINT_2026-08-28,1AQu8Zoe_Rc6xHfZQ92l3gHGo5xu7H6uApmH03olS1Qw,application/vnd.google-apps.document,3191,2026-08-28T13:58:19.277Z
LLM_TOKEN_ZIP_RESEARCH_MASTER/V52_TASK_4D_LOCOMO_FROZEN_CROSS_BENCHMARK_REPLICATION_2026-08-29,V52_T4D_aggregate.csv,1M7LSlum1cje0EuVQexuiTTw4jgDHh_WQ,text/csv,581,2026-08-29T14:27:07.071Z
LLM_TOKEN_ZIP_RESEARCH_MASTER/V52_TASK_4D_LOCOMO_FROZEN_CROSS_BENCHMARK_REPLICATION_2026-08-29,V52_T4D_ALL_OUTPUTS.zip,1jBgSS4A239X-5aVmYiAqvk96VP82ZYK5,application/zip,1451357,2026-08-29T14:25:13.292Z
LLM_TOKEN_ZIP_RESEARCH_MASTER/V52_TASK_4D_LOCOMO_FROZEN_CROSS_BENCHMARK_REPLICATION_2026-08-29,V52_T4D_ARCHIVE_SIZE_QUARTILES_FROZEN.csv,1gLXfsSF3me1DTx3ky4CS_GGAWqfZ5A5M,text/csv,193,2026-08-29T14:29:25.365Z
LLM_TOKEN_ZIP_RESEARCH_MASTER/V52_TASK_4D_LOCOMO_FROZEN_CROSS_BENCHMARK_REPLICATION_2026-08-29,V52_T4D_collision_diagnostics.csv,1DGNev6-Lx5KPWM1hgv72bAKmbioBk83I,text/csv,12430,2026-08-29T14:27:47.862Z
LLM_TOKEN_ZIP_RESEARCH_MASTER/V52_TASK_4D_LOCOMO_FROZEN_CROSS_BENCHMARK_REPLICATION_2026-08-29,V52_T4D_COMPOSITION_SENSITIVITY.csv,1shiCUeA_LYZEpIieF-VU-POyj2EUrrs-,text/csv,395,2026-08-29T14:29:07.989Z
LLM_TOKEN_ZIP_RESEARCH_MASTER/V52_TASK_4D_LOCOMO_FROZEN_CROSS_BENCHMARK_REPLICATION_2026-08-29,V52_T4D_COMPUTE_REPORT.md,1OuiYoYTm6EbY7skQHPwzRyBJqF71rdN7,text/markdown,1721,2026-08-29T14:26:04.306Z
LLM_TOKEN_ZIP_RESEARCH_MASTER/V52_TASK_4D_LOCOMO_FROZEN_CROSS_BENCHMARK_REPLICATION_2026-08-29,V52_T4D_CONTINUOUS_INVARIANCE.csv,1Q0XjQc0iiB76daTNop607Hjnl08amPgx,text/csv,6925,2026-08-29T14:27:29.932Z
LLM_TOKEN_ZIP_RESEARCH_MASTER/V52_TASK_4D_LOCOMO_FROZEN_CROSS_BENCHMARK_REPLICATION_2026-08-29,V52_T4D_HAAR_SEED_RESULTS.csv,1AcXqiGGTETlIVM7-ScYxS6zkQY7e1C_f,text/csv,946,2026-08-29T14:27:14.964Z
LLM_TOKEN_ZIP_RESEARCH_MASTER/V52_TASK_4D_LOCOMO_FROZEN_CROSS_BENCHMARK_REPLICATION_2026-08-29,V52_T4D_HEAD_RESEARCHER_HANDOFF.txt,1LxL_EwGFc3pecgNJ0Bp2FU85Uo3Gr9NA,text/plain,1597,2026-08-29T14:26:12.619Z
LLM_TOKEN_ZIP_RESEARCH_MASTER/V52_TASK_4D_LOCOMO_FROZEN_CROSS_BENCHMARK_REPLICATION_2026-08-29,V52_T4D_INPUT_CHECKS.csv,1TCAv9mBD-eNit-UH6FfZm1CXTY6c9jOX,text/csv,976,2026-08-29T14:26:21.489Z
LLM_TOKEN_ZIP_RESEARCH_MASTER/V52_TASK_4D_LOCOMO_FROZEN_CROSS_BENCHMARK_REPLICATION_2026-08-29,V52_T4D_ITQ_HAAR_ENVELOPE.csv,1e9vbPnm9F-0oEKdp1RsxzeJAxFj8B2kq,text/csv,270,2026-08-29T14:27:37.828Z
LLM_TOKEN_ZIP_RESEARCH_MASTER/V52_TASK_4D_LOCOMO_FROZEN_CROSS_BENCHMARK_REPLICATION_2026-08-29,v52_t4d_locomo_frozen_cross_benchmark.py,1a_ctuEgxMLzuSCjTelxEEovfhxmCoZ5z,text/x-python,63381,2026-08-29T14:25:38.657Z
LLM_TOKEN_ZIP_RESEARCH_MASTER/V52_TASK_4D_LOCOMO_FROZEN_CROSS_BENCHMARK_REPLICATION_2026-08-29,V52_T4D_POST_RUN_HASHES.txt,1s9Te1GNDWzjs2Cvah86veM2TVPxIGV2H,text/plain,178,2026-08-29T14:25:55.539Z
LLM_TOKEN_ZIP_RESEARCH_MASTER/V52_TASK_4D_LOCOMO_FROZEN_CROSS_BENCHMARK_REPLICATION_2026-08-29,V52_T4D_POST_RUN_MANIFEST.json,1Lk5ZLaceKuc3OF-v0X52OfItU0PqVlmp,application/json,4705,2026-08-29T14:25:47.281Z
LLM_TOKEN_ZIP_RESEARCH_MASTER/V52_TASK_4D_LOCOMO_FROZEN_CROSS_BENCHMARK_REPLICATION_2026-08-29,V52_T4D_PRE_OUTCOME_QUESTION_COHORT.csv,1hcRpus553XcQzZEmXc1ViepUnVnSdwPL,text/csv,60691,2026-08-29T14:29:18.638Z
LLM_TOKEN_ZIP_RESEARCH_MASTER/V52_TASK_4D_LOCOMO_FROZEN_CROSS_BENCHMARK_REPLICATION_2026-08-29,V52_T4D_PRE_RUN_SEAL.json,1c2QMmAIA-spECbLHx_kYKjVl3DVmIoq8,application/json,8089,2026-08-29T14:25:28.464Z
LLM_TOKEN_ZIP_RESEARCH_MASTER/V52_TASK_4D_LOCOMO_FROZEN_CROSS_BENCHMARK_REPLICATION_2026-08-29,V52_T4D_PROTOCOL_DEFECT_SENSITIVITY.csv,1UBG-70aAXG34QZ9WQsewVAe3TIUj99X-,text/csv,1478,2026-08-29T14:29:32.844Z
LLM_TOKEN_ZIP_RESEARCH_MASTER/V52_TASK_4D_LOCOMO_FROZEN_CROSS_BENCHMARK_REPLICATION_2026-08-29,V52_T4D_question_level.csv,1L5ZqqFQfrxEqdvqU3PED2IQt5Y3EMDbD,text/csv,209415,2026-08-29T14:27:00.340Z
LLM_TOKEN_ZIP_RESEARCH_MASTER/V52_TASK_4D_LOCOMO_FROZEN_CROSS_BENCHMARK_REPLICATION_2026-08-29,V52_T4D_rank_geometry.csv,1dRx_KJfL5D9zZMqmc79FfqjjgChgVQCP,text/csv,1266214,2026-08-29T14:28:09.360Z
LLM_TOKEN_ZIP_RESEARCH_MASTER/V52_TASK_4D_LOCOMO_FROZEN_CROSS_BENCHMARK_REPLICATION_2026-08-29,V52_T4D_REPRESENTATION_TRANSFER_PROOF.csv,1PuuUiqZIW--B2RE4OUJRcRd5eTg1488i,text/csv,629,2026-08-29T14:26:30.784Z
LLM_TOKEN_ZIP_RESEARCH_MASTER/V52_TASK_4D_LOCOMO_FROZEN_CROSS_BENCHMARK_REPLICATION_2026-08-29,V52_T4D_REPRESENTATION_TRANSFER_PROOF.txt,11cKt4hDPBazhrOSZxSgcT5Dw-w5kdpNi,text/plain,4416,2026-08-29T14:26:36.551Z
LLM_TOKEN_ZIP_RESEARCH_MASTER/V52_TASK_4D_LOCOMO_FROZEN_CROSS_BENCHMARK_REPLICATION_2026-08-29,V52_T4D_SIGNED_PERM_CONTROL.csv,1WO5Yyo0nkTVSc1N7Mq08gummHsO2o56W,text/csv,1421,2026-08-29T14:27:21.214Z
LLM_TOKEN_ZIP_RESEARCH_MASTER/V52_TASK_4D_LOCOMO_FROZEN_CROSS_BENCHMARK_REPLICATION_2026-08-29,V52_T4D_strata_archive_size.csv,1XIhW3eqH1anGfyUKytXJe1L8mp-0PeFF,text/csv,359,2026-08-29T14:28:56.136Z
LLM_TOKEN_ZIP_RESEARCH_MASTER/V52_TASK_4D_LOCOMO_FROZEN_CROSS_BENCHMARK_REPLICATION_2026-08-29,V52_T4D_strata_category.csv,1P3-IksBUiwahoiZaVfIOUP3lJsygDXnt,text/csv,349,2026-08-29T14:28:27.950Z
LLM_TOKEN_ZIP_RESEARCH_MASTER/V52_TASK_4D_LOCOMO_FROZEN_CROSS_BENCHMARK_REPLICATION_2026-08-29,V52_T4D_strata_conversation.csv,1zlFGpifUjUIP49pp2mVrFacvgf_AbQk9,text/csv,793,2026-08-29T14:28:36.199Z
LLM_TOKEN_ZIP_RESEARCH_MASTER/V52_TASK_4D_LOCOMO_FROZEN_CROSS_BENCHMARK_REPLICATION_2026-08-29,V52_T4D_strata_gold_cardinality.csv,1t9nvXE1H3Xms1HTlSLnwx_pR3Lkagbmh,text/csv,244,2026-08-29T14:28:46.324Z
LLM_TOKEN_ZIP_RESEARCH_MASTER/V52_TASK_4D_LOCOMO_FROZEN_CROSS_BENCHMARK_REPLICATION_2026-08-29,V52_T4D_tie_diagnostics.csv,1YWRmqxwnnBViWa6M-LHTEakjSagNjdxx,text/csv,1072005,2026-08-29T14:27:57.009Z
LLM_TOKEN_ZIP_RESEARCH_MASTER/V52_TASK_4D_LOCOMO_FROZEN_CROSS_BENCHMARK_REPLICATION_2026-08-29,V52_T4D_trial_results.csv,1oFaqNb1Jre-LYAa6DMQ9tzYE6iRAbMnt,text/csv,28498699,2026-08-29T14:26:52.485Z
LLM_TOKEN_ZIP_RESEARCH_MASTER/V52_TASK_4D_LOCOMO_FROZEN_CROSS_BENCHMARK_REPLICATION_2026-08-29,V52_T4D_UPLOAD_RECEIPT.txt,1BJgsMU37aw5yFnZ2g76kuNYMJkfR6HIP,text/plain,780,2026-08-29T14:30:02.627Z
LLM_TOKEN_ZIP_RESEARCH_MASTER/V52_TASK_4D_LOCOMO_FROZEN_CROSS_BENCHMARK_REPLICATION_2026-08-29,V52_TASK_4D_ACCEPTED_CHECKPOINT_2026-08-29,1x5arkoj2boNGbqXI5K1tYMIVVQCBr8-atUp-Lth_ZzU,application/vnd.google-apps.document,4702,2026-08-29T15:37:11.563Z
LLM_TOKEN_ZIP_RESEARCH_MASTER/V52_TASK_4D_LOCOMO_FROZEN_CROSS_BENCHMARK_REPLICATION_2026-08-29,V52_TASK_4D_HEAD_RESEARCHER_INTERIM_ASSESSMENT_2026-08-29,1rzMu9VvIIOL_Knjx6jPcR1i5zNvEfh_wTKI94vgzf-4,application/vnd.google-apps.document,3078,2026-08-29T14:39:10.814Z
LLM_TOKEN_ZIP_RESEARCH_MASTER/V52_TASK_4E0_LONGMEMEVAL_V2_ADAPTER_ESTIMAND_FREEZE,v52_t4e0_adapter_profile.py,1mv1XGMbxpfUR370YR-nArAqX4Hj7b6M-,text/x-python,4476,2026-08-29T16:09:39.541Z
LLM_TOKEN_ZIP_RESEARCH_MASTER/V52_TASK_4E0_LONGMEMEVAL_V2_ADAPTER_ESTIMAND_FREEZE,V52_T4E0_ALL_OUTPUTS.zip,12C_i7Y8bABFqQTcji9Mg_8VvFT4d3dtN,application/zip,18871,2026-08-29T16:17:18.104Z
LLM_TOKEN_ZIP_RESEARCH_MASTER/V52_TASK_4E0_LONGMEMEVAL_V2_ADAPTER_ESTIMAND_FREEZE,V52_T4E0_ALL_OUTPUTS.zip,1KL3LGg_G9VraH2ByNrKmjU2qypLo9k7c,application/zip,18801,2026-08-29T16:07:55.258Z
LLM_TOKEN_ZIP_RESEARCH_MASTER/V52_TASK_4E0_LONGMEMEVAL_V2_ADAPTER_ESTIMAND_FREEZE,V52_T4E0_COMPUTE_COST_ESTIMATE.md,190fwIOWTlzyJ-25p6rP6GUzk27CiMjbb,text/markdown,2595,2026-08-29T16:19:04.411Z
LLM_TOKEN_ZIP_RESEARCH_MASTER/V52_TASK_4E0_LONGMEMEVAL_V2_ADAPTER_ESTIMAND_FREEZE,V52_T4E0_COMPUTE_COST_ESTIMATE.md,1gJbOYe4ZuHzBiT9bgLChaJ0LdfhpSSHT,text/markdown,2251,2026-08-29T16:09:17.940Z
LLM_TOKEN_ZIP_RESEARCH_MASTER/V52_TASK_4E0_LONGMEMEVAL_V2_ADAPTER_ESTIMAND_FREEZE,V52_T4E0_COMPUTE_REPORT.md,1sxTCdDFdceZRLokyzpZXtGPSoOSjLrxH,text/markdown,4201,2026-08-29T16:19:15.455Z
LLM_TOKEN_ZIP_RESEARCH_MASTER/V52_TASK_4E0_LONGMEMEVAL_V2_ADAPTER_ESTIMAND_FREEZE,V52_T4E0_COMPUTE_REPORT.md,1jCS26tUKzqGi8M6Ufu8N4B1LEUXttDaP,text/markdown,2879,2026-08-29T16:09:23.729Z
LLM_TOKEN_ZIP_RESEARCH_MASTER/V52_TASK_4E0_LONGMEMEVAL_V2_ADAPTER_ESTIMAND_FREEZE,V52_T4E0_DATA_IDENTITY.csv,1G7zUzCqHU6x8_zpRR1vNp5ZOhe-KAtmd,text/csv,1928,2026-08-29T16:17:39.155Z
LLM_TOKEN_ZIP_RESEARCH_MASTER/V52_TASK_4E0_LONGMEMEVAL_V2_ADAPTER_ESTIMAND_FREEZE,V52_T4E0_DATA_IDENTITY.csv,1LRZ2SoHRBjDB-xFrdKpaH0nuw-XmSLJv,text/csv,2352,2026-08-29T16:08:15.044Z
LLM_TOKEN_ZIP_RESEARCH_MASTER/V52_TASK_4E0_LONGMEMEVAL_V2_ADAPTER_ESTIMAND_FREEZE,V52_T4E0_ESTIMAND_AVAILABILITY.csv,1PsToRAsP0dpAv8rhSXc5NIUZZdbXj97q,text/csv,852,2026-08-29T16:18:56.172Z
LLM_TOKEN_ZIP_RESEARCH_MASTER/V52_TASK_4E0_LONGMEMEVAL_V2_ADAPTER_ESTIMAND_FREEZE,V52_T4E0_ESTIMAND_AVAILABILITY.csv,1dTPc7xExcLK96PSs0dai8MUaqhXKuCb3,text/csv,971,2026-08-29T16:09:11.576Z
LLM_TOKEN_ZIP_RESEARCH_MASTER/V52_TASK_4E0_LONGMEMEVAL_V2_ADAPTER_ESTIMAND_FREEZE,V52_T4E0_HAYSTACK_SCALE.csv,1BlYgu1UVSj0xt_f7E2lbmE8gzCPFMnwO,text/csv,714,2026-08-29T16:17:55.420Z
LLM_TOKEN_ZIP_RESEARCH_MASTER/V52_TASK_4E0_LONGMEMEVAL_V2_ADAPTER_ESTIMAND_FREEZE,V52_T4E0_HAYSTACK_SCALE.csv,1PrD-OjGBkP9Pl-X6mnndSkiBYXpO_WKO,text/csv,806,2026-08-29T16:08:31.651Z
LLM_TOKEN_ZIP_RESEARCH_MASTER/V52_TASK_4E0_LONGMEMEVAL_V2_ADAPTER_ESTIMAND_FREEZE,V52_T4E0_HEAD_RESEARCHER_HANDOFF.txt,1igFu0BeItlFlEwlctbZGdZ8IRPfhxU0L,text/plain,3104,2026-08-29T16:19:26.241Z
LLM_TOKEN_ZIP_RESEARCH_MASTER/V52_TASK_4E0_LONGMEMEVAL_V2_ADAPTER_ESTIMAND_FREEZE,V52_T4E0_HEAD_RESEARCHER_HANDOFF.txt,1BxjyDfaYy9GWXQzk1p1epon2aNZtGJJU,text/plain,2974,2026-08-29T16:09:31.513Z
LLM_TOKEN_ZIP_RESEARCH_MASTER/V52_TASK_4E0_LONGMEMEVAL_V2_ADAPTER_ESTIMAND_FREEZE,V52_T4E0_MEMORY_UNIT_EXAMPLES.jsonl,12sDWfvJedd3iCCMID7IHf069svigo18P,application/jsonl,931,2026-08-29T16:18:17.891Z
LLM_TOKEN_ZIP_RESEARCH_MASTER/V52_TASK_4E0_LONGMEMEVAL_V2_ADAPTER_ESTIMAND_FREEZE,V52_T4E0_MEMORY_UNIT_EXAMPLES.jsonl,1HmGNPtEL2SQ9KEqztzp0fR3DoeXgenMw,application/x-ndjson,1123,2026-08-29T16:08:44.193Z
LLM_TOKEN_ZIP_RESEARCH_MASTER/V52_TASK_4E0_LONGMEMEVAL_V2_ADAPTER_ESTIMAND_FREEZE,V52_T4E0_MEMORY_UNIT_SPEC.md,1vWJwVIjcnMin_X2a9PjataMaK3o9Y6N-,text/markdown,2967,2026-08-29T16:18:09.501Z
LLM_TOKEN_ZIP_RESEARCH_MASTER/V52_TASK_4E0_LONGMEMEVAL_V2_ADAPTER_ESTIMAND_FREEZE,V52_T4E0_MEMORY_UNIT_SPEC.md,1D7fO0D61sBg0jDMbtv-ndATScpDj_DTX,text/markdown,3700,2026-08-29T16:08:38.323Z
LLM_TOKEN_ZIP_RESEARCH_MASTER/V52_TASK_4E0_LONGMEMEVAL_V2_ADAPTER_ESTIMAND_FREEZE,V52_T4E0_MULTIMODAL_INTERFACE_AUDIT.md,1U1sUxWgCohv2E9YLTGKXHz9RETyFswG4,text/markdown,1602,2026-08-29T16:18:46.983Z
LLM_TOKEN_ZIP_RESEARCH_MASTER/V52_TASK_4E0_LONGMEMEVAL_V2_ADAPTER_ESTIMAND_FREEZE,V52_T4E0_MULTIMODAL_INTERFACE_AUDIT.md,1XhGOdisbkeKDfABGMxcuuzc-J2IScOZ9,text/markdown,1661,2026-08-29T16:09:03.456Z
LLM_TOKEN_ZIP_RESEARCH_MASTER/V52_TASK_4E0_LONGMEMEVAL_V2_ADAPTER_ESTIMAND_FREEZE,V52_T4E0_OFFICIAL_SOURCE_PINS.json,1sCNb6fhfLKpNBHoprYYj6fTqUecxnIm-,application/json,3172,2026-08-29T16:17:31.094Z
LLM_TOKEN_ZIP_RESEARCH_MASTER/V52_TASK_4E0_LONGMEMEVAL_V2_ADAPTER_ESTIMAND_FREEZE,V52_T4E0_OFFICIAL_SOURCE_PINS.json,13Kr75cciNXQj1cQ_oizwL2ZgHxX3fE9U,application/json,3177,2026-08-29T16:08:05.262Z
LLM_TOKEN_ZIP_RESEARCH_MASTER/V52_TASK_4E0_LONGMEMEVAL_V2_ADAPTER_ESTIMAND_FREEZE,V52_T4E0_PACKAGE_RECEIPT.json,1tUMm4c9DOkpAIZjxzwf_VQhfW7SVeUao,application/json,318,2026-08-29T16:19:53.089Z
LLM_TOKEN_ZIP_RESEARCH_MASTER/V52_TASK_4E0_LONGMEMEVAL_V2_ADAPTER_ESTIMAND_FREEZE,V52_T4E0_POST_RUN_MANIFEST.json,1ZLU2yaq5X36RRGd3KoVlPf3yjqer4b9s,application/json,2262,2026-08-29T16:19:36.667Z
LLM_TOKEN_ZIP_RESEARCH_MASTER/V52_TASK_4E0_LONGMEMEVAL_V2_ADAPTER_ESTIMAND_FREEZE,V52_T4E0_POST_RUN_MANIFEST.json,1coITn1pEicGjxm2w1CM-6ZJjY5q2LpLD,application/json,2187,2026-08-29T16:09:47.574Z
LLM_TOKEN_ZIP_RESEARCH_MASTER/V52_TASK_4E0_LONGMEMEVAL_V2_ADAPTER_ESTIMAND_FREEZE,v52_t4e0_profile_adapter.py,1-XP4U3z5F6vzARFFu3CfIOxbHQmKl9ji,text/x-python,2491,2026-08-29T16:19:43.464Z
LLM_TOKEN_ZIP_RESEARCH_MASTER/V52_TASK_4E0_LONGMEMEVAL_V2_ADAPTER_ESTIMAND_FREEZE,V52_T4E0_QUESTION_INVENTORY.csv,1tEICicJy6uWIdV6WHYl5j2jIbQ6Pyp96,text/csv,1079,2026-08-29T16:17:46.585Z
LLM_TOKEN_ZIP_RESEARCH_MASTER/V52_TASK_4E0_LONGMEMEVAL_V2_ADAPTER_ESTIMAND_FREEZE,V52_T4E0_QUESTION_INVENTORY.csv,1NYVgArqynzR2-4TrVIokaZiXtmciCIk9,text/csv,870,2026-08-29T16:08:23.178Z
LLM_TOKEN_ZIP_RESEARCH_MASTER/V52_TASK_4E0_LONGMEMEVAL_V2_ADAPTER_ESTIMAND_FREEZE,V52_T4E0_REPRESENTATION_TRANSFER_PROOF.csv,1VfHox3KAjyx797uZhg3zMwcBsUDj8kux,text/csv,1208,2026-08-29T16:18:37.268Z
LLM_TOKEN_ZIP_RESEARCH_MASTER/V52_TASK_4E0_LONGMEMEVAL_V2_ADAPTER_ESTIMAND_FREEZE,V52_T4E0_REPRESENTATION_TRANSFER_PROOF.csv,1nWHl63isVBlTAp8-6LDIdaZIEmH4aUcQ,text/csv,1199,2026-08-29T16:08:56.670Z
LLM_TOKEN_ZIP_RESEARCH_MASTER/V52_TASK_4E0_LONGMEMEVAL_V2_ADAPTER_ESTIMAND_FREEZE,V52_T4E0_REPRESENTATION_TRANSFER_PROOF.md,1DlkN-5r_MJU8F5IlHZdP9QvondXA3Ki1,text/markdown,2252,2026-08-29T16:18:25.725Z
LLM_TOKEN_ZIP_RESEARCH_MASTER/V52_TASK_4E0_LONGMEMEVAL_V2_ADAPTER_ESTIMAND_FREEZE,V52_T4E0_REPRESENTATION_TRANSFER_PROOF.md,1Kg_5qgtRWXCalN66x_Rrl_Ria-vdngPs,text/markdown,1624,2026-08-29T16:08:50.101Z
LLM_TOKEN_ZIP_RESEARCH_MASTER/V52_TASK_4F0_BEAM_LARGE_SCALE_ADAPTER_EVIDENCE_FREEZE_2026-08-29,V52_T4F0_ADAPTER_SELF_TEST.json,1tfhTIKe1v834BiM0V4pFsPqIlyK3AkPb,application/json,1163,2026-08-29T17:58:55.529Z
LLM_TOKEN_ZIP_RESEARCH_MASTER/V52_TASK_4F0_BEAM_LARGE_SCALE_ADAPTER_EVIDENCE_FREEZE_2026-08-29,V52_T4F0_ALL_OUTPUTS.zip,1c8LubJZK-epi7EGikkKbQGW6idcfnpL-,application/zip,19871,2026-08-29T17:58:01.221Z
LLM_TOKEN_ZIP_RESEARCH_MASTER/V52_TASK_4F0_BEAM_LARGE_SCALE_ADAPTER_EVIDENCE_FREEZE_2026-08-29,v52_t4f0_beam_adapter_evidence_freeze.py,1lE-TTVId7EQHvX5xckRIJgh0pGBc116B,text/x-python,15822,2026-08-29T17:58:09.160Z
LLM_TOKEN_ZIP_RESEARCH_MASTER/V52_TASK_4F0_BEAM_LARGE_SCALE_ADAPTER_EVIDENCE_FREEZE_2026-08-29,V52_T4F0_COMPUTE_REPORT.md,1FsNVfRqCaBymtHKsDiTr8OjbGan3jzp3,text/markdown,3673,2026-08-29T17:58:47.215Z
LLM_TOKEN_ZIP_RESEARCH_MASTER/V52_TASK_4F0_BEAM_LARGE_SCALE_ADAPTER_EVIDENCE_FREEZE_2026-08-29,V52_T4F0_DATASET_INVENTORY.csv,1e3o8i0zlN-_IkAy7AoxK-v7LMitON5IQ,text/csv,1504,2026-08-29T17:58:14.054Z
LLM_TOKEN_ZIP_RESEARCH_MASTER/V52_TASK_4F0_BEAM_LARGE_SCALE_ADAPTER_EVIDENCE_FREEZE_2026-08-29,V52_T4F0_EVIDENCE_IDENTIFIABILITY.csv,1BZolkOFc-WfeS-7fpBYvQHVSXmaDL9-0,text/csv,9395,2026-08-29T17:58:26.679Z
LLM_TOKEN_ZIP_RESEARCH_MASTER/V52_TASK_4F0_BEAM_LARGE_SCALE_ADAPTER_EVIDENCE_FREEZE_2026-08-29,V52_T4F0_HEAD_RESEARCHER_HANDOFF.txt,1hrfXZVZwSDO3xsV6RebHXCFO98Viyfp9,text/plain,2756,2026-08-29T17:58:51.286Z
LLM_TOKEN_ZIP_RESEARCH_MASTER/V52_TASK_4F0_BEAM_LARGE_SCALE_ADAPTER_EVIDENCE_FREEZE_2026-08-29,V52_T4F0_INPUT_MANIFEST.json,1VTBqTepqoC5eRSOz60yi2o8-AV5C9vMY,application/json,3754,2026-08-29T17:58:05.373Z
LLM_TOKEN_ZIP_RESEARCH_MASTER/V52_TASK_4F0_BEAM_LARGE_SCALE_ADAPTER_EVIDENCE_FREEZE_2026-08-29,V52_T4F0_LEAKAGE_CHECKS.csv,10VivZksRsZB-NHf6uNyaFtS7Tz7ipu8W,text/csv,843,2026-08-29T17:58:39.159Z
LLM_TOKEN_ZIP_RESEARCH_MASTER/V52_TASK_4F0_BEAM_LARGE_SCALE_ADAPTER_EVIDENCE_FREEZE_2026-08-29,V52_T4F0_MEMORY_UNIT_SEMANTICS.md,1Rd_4i14PGnbBWtG2m1pBPx4GJCS1IEhm,text/markdown,2648,2026-08-29T17:58:30.578Z
LLM_TOKEN_ZIP_RESEARCH_MASTER/V52_TASK_4F0_BEAM_LARGE_SCALE_ADAPTER_EVIDENCE_FREEZE_2026-08-29,V52_T4F0_OUTPUT_HASHES.json,19nOOdha6Y8KbiflWAKjQHrkEQwtaDWWk,application/json,1798,2026-08-29T17:59:00.626Z
LLM_TOKEN_ZIP_RESEARCH_MASTER/V52_TASK_4F0_BEAM_LARGE_SCALE_ADAPTER_EVIDENCE_FREEZE_2026-08-29,V52_T4F0_QUESTION_SCHEMA_COVERAGE.csv,1HwzDUmyz3FNWpjAuu2x85GNJjxl0IVdw,text/csv,8048,2026-08-29T17:58:18.468Z
LLM_TOKEN_ZIP_RESEARCH_MASTER/V52_TASK_4F0_BEAM_LARGE_SCALE_ADAPTER_EVIDENCE_FREEZE_2026-08-29,V52_T4F0_REPRESENTATION_TRANSFER_PROOF.md,1FPbzHi_6_owOpi3fp08FC4oe7u2NMiTP,text/markdown,1804,2026-08-29T17:58:34.900Z
LLM_TOKEN_ZIP_RESEARCH_MASTER/V52_TASK_4F0_BEAM_LARGE_SCALE_ADAPTER_EVIDENCE_FREEZE_2026-08-29,V52_T4F0_SCALE_COST_ESTIMATE.csv,1CCIks-NDbLnXDpdVKWYrp0av60N80YkC,text/csv,1152,2026-08-29T17:58:43.276Z
LLM_TOKEN_ZIP_RESEARCH_MASTER/V52_TASK_4F0_BEAM_LARGE_SCALE_ADAPTER_EVIDENCE_FREEZE_2026-08-29,V52_T4F0_SOURCE_ID_MAPPING.csv,1V4eJc_zMJorRbix0Qmsb8mKhSvlvcE0J,text/csv,1661,2026-08-29T17:58:22.199Z
PROJECT_AUTOGENESIS/02_PHASES/06_PHASE_B2B_ORIGINAL,PHASE_B2B_PERTURBATION_MATRIX.csv,1uShpCCFMWSDeAnClCc4O3JguspQzL_TM,text/csv,193385,2026-08-15
PROJECT_AUTOGENESIS/02_PHASES/11_PHASE_B3/00_PREREGISTRATION_DRAFT_2026-08-16,PHASE_B3_FROZEN_RUN_MATRIX_DRAFT.csv,1O31523rKjLfBYFN89xzDCPbUaWlFD8ZV,text/csv,3892430,2026-08-16
PROJECT_AUTOGENESIS/02_PHASES/11_PHASE_B3/00_PREREGISTRATION_DRAFT_2026-08-16,PHASE_B3_RUN_MATRIX_VALIDATION_DRAFT.json,1vj98ZxRbNbpTBHjHATnddQDkh0-kKxZu,application/json,618,2026-08-16
PROJECT_AUTOGENESIS/02_PHASES/11_PHASE_B3/02_FROZEN_PREPRODUCTION_CHECKPOINT_2026-08-16,PHASE_B3_FROZEN_RUN_MATRIX.csv,1IE5yQRW-1TwdqHnRzWl5qvjrp7b8q0Gd,text/csv,3892430,2026-08-16
PROJECT_AUTOGENESIS/CURRENT_RESEARCH_2026_08_25/C0V9_POSITIVE_CONTROL_FAILURE_VERIFY_001/RESULTS,C0V9_CANONICAL_INPUT_INVENTORY.json,1H9Km1_lQrY_RmM67spq56MsPRSHmCcAQ,application/json,29888,2026-08-26T09:24:26.300Z
PROJECT_AUTOGENESIS/CURRENT_RESEARCH_2026_08_25/C0V9_POSITIVE_CONTROL_FAILURE_VERIFY_001/RESULTS,C0V9_CONTROL_COMPONENT_CLASSIFICATION.json,1v7SnovvTYgLpkT-IHRBWimwLAJiGZCKj,application/json,3241,2026-08-26T09:25:06.938Z
PROJECT_AUTOGENESIS/CURRENT_RESEARCH_2026_08_25/C0V9_POSITIVE_CONTROL_FAILURE_VERIFY_001/RESULTS,C0V9_CONTROL_SOURCE_AUDIT.csv,1ZYGxDsKauKDfFL6lyDFaDP5svmRdl-om,text/csv,3332,2026-08-26T09:24:41.124Z
PROJECT_AUTOGENESIS/CURRENT_RESEARCH_2026_08_25/C0V9_POSITIVE_CONTROL_FAILURE_VERIFY_001/RESULTS,C0V9_GATE_IMPLEMENTATION_AUDIT.json,1VEUPoAcGQts4a_qHyOUXNzidOfKTC_H2,application/json,2021,2026-08-26T09:25:15.060Z
PROJECT_AUTOGENESIS/CURRENT_RESEARCH_2026_08_25/C0V9_POSITIVE_CONTROL_FAILURE_VERIFY_001/RESULTS,C0V9_METRIC_ALGEBRA.md,1G4okVOaK-ol10yG4-Sf42gboTrb59fgJ,text/markdown,4182,2026-08-26T09:24:50.201Z
PROJECT_AUTOGENESIS/CURRENT_RESEARCH_2026_08_25/C0V9_POSITIVE_CONTROL_FAILURE_VERIFY_001/RESULTS,C0V9_NO_RESCUE_TIMELINE.json,1ESHvZhTpC4KuyOH-nbxAv8F_jv9Sm7h3,application/json,2493,2026-08-26T09:25:24.998Z
PROJECT_AUTOGENESIS/CURRENT_RESEARCH_2026_08_25/C0V9_POSITIVE_CONTROL_FAILURE_VERIFY_001/RESULTS,C0V9_POSITIVE_CONTROL_FAILURE_VERIFY_001_RESULTS.zip,1s_j2mz8645gyFVk-MjYc5FUmzPk6JWjg,application/zip,31094,2026-08-26T09:27:08.981Z
PROJECT_AUTOGENESIS/CURRENT_RESEARCH_2026_08_25/C0V9_POSITIVE_CONTROL_FAILURE_VERIFY_001/RESULTS,C0V9_POSITIVE_CONTROL_FAILURE_VERIFY_001_RESULTS.zip.sha256,12ztjBGWscWhCH0Eu5OyJQD0b3FcGGJyh,text/plain,119,2026-08-26T09:27:18.224Z
PROJECT_AUTOGENESIS/CURRENT_RESEARCH_2026_08_25/C0V9_POSITIVE_CONTROL_FAILURE_VERIFY_001/RESULTS,C0V9_POSITIVE_CONTROL_FAILURE_VERIFY_REPORT.md,1M6MPOSOcJ2C3EjUmfNyMcneEKr9Xa2zo,text/markdown,8636,2026-08-26T09:24:14.701Z
PROJECT_AUTOGENESIS/CURRENT_RESEARCH_2026_08_25/C0V9_POSITIVE_CONTROL_FAILURE_VERIFY_001/RESULTS,C0V9_SAMPLE_REPLAY_DETAIL.csv,1r-dq7L7zMZXOChOwj-iP5gM4PTZab6J6,text/csv,137678,2026-08-26T09:25:36.401Z
PROJECT_AUTOGENESIS/CURRENT_RESEARCH_2026_08_25/C0V9_POSITIVE_CONTROL_FAILURE_VERIFY_001/RESULTS,C0V9_TARGET_REPLAY.csv,1cHYUQ4D6E2EuXHuW67s1JiggjtXvCgFe,text/csv,3974,2026-08-26T09:24:58.811Z
PROJECT_AUTOGENESIS/CURRENT_RESEARCH_2026_08_25/ENGINE_RETENTION_SUPPORT_EQUIVALENCE_VERIFY_001/RESULTS,THREE_ENGINE_CONTRACT_MATRIX.csv,1-3j9JQC4593gZ3fRb4kvJGepOJeKuBZC,text/csv,592,2026-08-25
Riemann Hipotezi — Araştırma Arşivi/02_COMPUTATION,C909A_THEOREM_TRANSFER_MATRIX.csv,1acvk7JCGHb4OvyY_6eFZL6hTL_N0zKBG,text/csv,1144,2026-08-16
autogenesis-meta/.venv (numpy sample data),topobathy.npz,1wAZzK5XmaIXWp4rdkQR6szqZpusWahs_,application/octet-stream,45224,2026-08-20
autogenesis-meta/.venv/Lib/site-packages/matplotlib/mpl-data/sample_data/axes_grid,bivariate_normal.npy,1KlVgH1Z56EsUgByjd8QyBzhZejZnyA5O,application/octet-stream,1880,2026-08-20
autogenesis-meta/.venv/Lib/site-packages/numpy/_core/tests/data,astype_copy.pkl,1RXUKuUPD-a_PiPzC7GiM-Ey1iI9-scNI,application/octet-stream,716,2026-08-20
autogenesis-meta/.venv/Lib/site-packages/numpy/random/tests/data,generator_pcg64_np126.pkl.gz,1o3zHZXS8UtkwUNdYBKFKCpAWZRYpk12h,application/gzip,208,2026-08-20
