method,itq_seed,bit_index,positive_fraction,mean_occupancy,min_occupancy,max_occupancy,dead_constant_bit_count,mean_abs_deviation_from_0_5
SIGN96_CENTERED,,0,0.4493320553008126,0.4954398130157826,0.4493320553008126,0.4996114090308541,0,0.004560186984217451
SIGN96_CENTERED,,1,0.47120109150885553,0.4954398130157826,0.4493320553008126,0.4996114090308541,0,0.004560186984217451
SIGN96_CENTERED,,2,0.49497854114314827,0.4954398130157826,0.4493320553008126,0.4996114090308541,0,0.004560186984217451
SIGN96_CENTERED,,3,0.4896980216401993,0.4954398130157826,0.4493320553008126,0.4996114090308541,0,0.004560186984217451
SIGN96_CENTERED,,4,0.49542326191894853,0.4954398130157826,0.4493320553008126,0.4996114090308541,0,0.004560186984217451
SIGN96_CENTERED,,5,0.48486654059048556,0.4954398130157826,0.4493320553008126,0.4996114090308541,0,0.004560186984217451
SIGN96_CENTERED,,6,0.4916064350664491,0.4954398130157826,0.4493320553008126,0.4996114090308541,0,0.004560186984217451
SIGN96_CENTERED,,7,0.48837249466766836,0.4954398130157826,0.4493320553008126,0.4996114090308541,0,0.004560186984217451
SIGN96_CENTERED,,8,0.4914294102916159,0.4954398130157826,0.4493320553008126,0.4996114090308541,0,0.004560186984217451
SIGN96_CENTERED,,9,0.49065654603075914,0.4954398130157826,0.4493320553008126,0.4996114090308541,0,0.004560186984217451
SIGN96_CENTERED,,10,0.49443451378634407,0.4954398130157826,0.4493320553008126,0.4996114090308541,0,0.004560186984217451
SIGN96_CENTERED,,11,0.49782820825021806,0.4954398130157826,0.4493320553008126,0.4996114090308541,0,0.004560186984217451
SIGN96_CENTERED,,12,0.49700784953757676,0.4954398130157826,0.4493320553008126,0.4996114090308541,0,0.004560186984217451
SIGN96_CENTERED,,13,0.49398115765567385,0.4954398130157826,0.4493320553008126,0.4996114090308541,0,0.004560186984217451
SIGN96_CENTERED,,14,0.4947583395939656,0.4954398130157826,0.4493320553008126,0.4996114090308541,0,0.004560186984217451
SIGN96_CENTERED,,15,0.49680923637556884,0.4954398130157826,0.4493320553008126,0.4996114090308541,0,0.004560186984217451
SIGN96_CENTERED,,16,0.4985363073495505,0.4954398130157826,0.4493320553008126,0.4996114090308541,0,0.004560186984217451
SIGN96_CENTERED,,17,0.49548370940303793,0.4954398130157826,0.4493320553008126,0.4996114090308541,0,0.004560186984217451
SIGN96_CENTERED,,18,0.49579889985578957,0.4954398130157826,0.4493320553008126,0.4996114090308541,0,0.004560186984217451
SIGN96_CENTERED,,19,0.49822975225166877,0.4954398130157826,0.4493320553008126,0.4996114090308541,0,0.004560186984217451
SIGN96_CENTERED,,20,0.4996114090308541,0.4954398130157826,0.4493320553008126,0.4996114090308541,0,0.004560186984217451
SIGN96_CENTERED,,21,0.4960665958567567,0.4954398130157826,0.4493320553008126,0.4996114090308541,0,0.004560186984217451
SIGN96_CENTERED,,22,0.49763823044308003,0.4954398130157826,0.4493320553008126,0.4996114090308541,0,0.004560186984217451
SIGN96_CENTERED,,23,0.49802682141222593,0.4954398130157826,0.4493320553008126,0.4996114090308541,0,0.004560186984217451
SIGN96_CENTERED,,24,0.49542326191894853,0.4954398130157826,0.4493320553008126,0.4996114090308541,0,0.004560186984217451
SIGN96_CENTERED,,25,0.4937220970095766,0.4954398130157826,0.4493320553008126,0.4996114090308541,0,0.004560186984217451
SIGN96_CENTERED,,26,0.4928931029420654,0.4954398130157826,0.4493320553008126,0.4996114090308541,0,0.004560186984217451
SIGN96_CENTERED,,27,0.4976814072174296,0.4954398130157826,0.4493320553008126,0.4996114090308541,0,0.004560186984217451
SIGN96_CENTERED,,28,0.4950260355949328,0.4954398130157826,0.4493320553008126,0.4996114090308541,0,0.004560186984217451
SIGN96_CENTERED,,29,0.48695197879156843,0.4954398130157826,0.4493320553008126,0.4996114090308541,0,0.004560186984217451
SIGN96_CENTERED,,30,0.48670587117777603,0.4954398130157826,0.4493320553008126,0.4996114090308541,0,0.004560186984217451
SIGN96_CENTERED,,31,0.47557489875046416,0.4954398130157826,0.4493320553008126,0.4996114090308541,0,0.004560186984217451
SIGN96_CENTERED,,32,0.4943222541730352,0.4954398130157826,0.4493320553008126,0.4996114090308541,0,0.004560186984217451
SIGN96_CENTERED,,33,0.49398979301054374,0.4954398130157826,0.4493320553008126,0.4996114090308541,0,0.004560186984217451
SIGN96_CENTERED,,34,0.4963127034705491,0.4954398130157826,0.4493320553008126,0.4996114090308541,0,0.004560186984217451
SIGN96_CENTERED,,35,0.4946719860452665,0.4954398130157826,0.4493320553008126,0.4996114090308541,0,0.004560186984217451
SIGN96_CENTERED,,36,0.49369619094496686,0.4954398130157826,0.4493320553008126,0.4996114090308541,0,0.004560186984217451
SIGN96_CENTERED,,37,0.4962954327608093,0.4954398130157826,0.4493320553008126,0.4996114090308541,0,0.004560186984217451
SIGN96_CENTERED,,38,0.493307599975821,0.4954398130157826,0.4493320553008126,0.4996114090308541,0,0.004560186984217451
SIGN96_CENTERED,,39,0.49489650527188417,0.4954398130157826,0.4493320553008126,0.4996114090308541,0,0.004560186984217451
SIGN96_CENTERED,,40,0.4951555659179814,0.4954398130157826,0.4493320553008126,0.4996114090308541,0,0.004560186984217451
SIGN96_CENTERED,,41,0.4944604198509538,0.4954398130157826,0.4493320553008126,0.4996114090308541,0,0.004560186984217451
SIGN96_CENTERED,,42,0.4960234190824072,0.4954398130157826,0.4493320553008126,0.4996114090308541,0,0.004560186984217451
SIGN96_CENTERED,,43,0.4944949612704334,0.4954398130157826,0.4493320553008126,0.4996114090308541,0,0.004560186984217451
SIGN96_CENTERED,,44,0.4967185651494348,0.4954398130157826,0.4493320553008126,0.4996114090308541,0,0.004560186984217451
SIGN96_CENTERED,,45,0.495475074048168,0.4954398130157826,0.4493320553008126,0.4996114090308541,0,0.004560186984217451
SIGN96_CENTERED,,46,0.49658903482638617,0.4954398130157826,0.4493320553008126,0.4996114090308541,0,0.004560186984217451
SIGN96_CENTERED,,47,0.4988126387053876,0.4954398130157826,0.4493320553008126,0.4996114090308541,0,0.004560186984217451
SIGN96_CENTERED,,48,0.4954016735317738,0.4954398130157826,0.4493320553008126,0.4996114090308541,0,0.004560186984217451
SIGN96_CENTERED,,49,0.49568664024248077,0.4954398130157826,0.4493320553008126,0.4996114090308541,0,0.004560186984217451
SIGN96_CENTERED,,50,0.499153735222749,0.4954398130157826,0.4493320553008126,0.4996114090308541,0,0.004560186984217451
SIGN96_CENTERED,,51,0.49945597264319574,0.4954398130157826,0.4493320553008126,0.4996114090308541,0,0.004560186984217451
SIGN96_CENTERED,,52,0.49856221341416024,0.4954398130157826,0.4493320553008126,0.4996114090308541,0,0.004560186984217451
SIGN96_CENTERED,,53,0.4977116309594743,0.4954398130157826,0.4493320553008126,0.4996114090308541,0,0.004560186984217451
SIGN96_CENTERED,,54,0.4977073132820393,0.4954398130157826,0.4493320553008126,0.4996114090308541,0,0.004560186984217451
SIGN96_CENTERED,,55,0.49805272747683565,0.4954398130157826,0.4493320553008126,0.4996114090308541,0,0.004560186984217451
SIGN96_CENTERED,,56,0.4975648299266858,0.4954398130157826,0.4493320553008126,0.4996114090308541,0,0.004560186984217451
SIGN96_CENTERED,,57,0.49776344308869375,0.4954398130157826,0.4493320553008126,0.4996114090308541,0,0.004560186984217451
SIGN96_CENTERED,,58,0.49686968385965824,0.4954398130157826,0.4493320553008126,0.4996114090308541,0,0.004560186984217451
SIGN96_CENTERED,,59,0.4977289016692141,0.4954398130157826,0.4493320553008126,0.4996114090308541,0,0.004560186984217451
SIGN96_CENTERED,,60,0.4985751664464651,0.4954398130157826,0.4493320553008126,0.4996114090308541,0,0.004560186984217451
SIGN96_CENTERED,,61,0.49870469676951373,0.4954398130157826,0.4493320553008126,0.4996114090308541,0,0.004560186984217451
SIGN96_CENTERED,,62,0.4981995285096241,0.4954398130157826,0.4493320553008126,0.4996114090308541,0,0.004560186984217451
SIGN96_CENTERED,,63,0.49879968567308275,0.4954398130157826,0.4493320553008126,0.4996114090308541,0,0.004560186984217451
SIGN96_CENTERED,,64,0.4972021450221497,0.4954398130157826,0.4493320553008126,0.4996114090308541,0,0.004560186984217451
SIGN96_CENTERED,,65,0.4976036890236004,0.4954398130157826,0.4493320553008126,0.4996114090308541,0,0.004560186984217451
SIGN96_CENTERED,,66,0.4982945174131931,0.4954398130157826,0.4493320553008126,0.4996114090308541,0,0.004560186984217451
SIGN96_CENTERED,,67,0.49900693418996056,0.4954398130157826,0.4493320553008126,0.4996114090308541,0,0.004560186984217451
SIGN96_CENTERED,,68,0.4985363073495505,0.4954398130157826,0.4493320553008126,0.4996114090308541,0,0.004560186984217451
SIGN96_CENTERED,,69,0.49815635173527456,0.4954398130157826,0.4493320553008126,0.4996114090308541,0,0.004560186984217451
SIGN96_CENTERED,,70,0.4967142474719999,0.4954398130157826,0.4493320553008126,0.4996114090308541,0,0.004560186984217451
SIGN96_CENTERED,,71,0.49873923818899335,0.4954398130157826,0.4493320553008126,0.4996114090308541,0,0.004560186984217451
SIGN96_CENTERED,,72,0.4985104012849408,0.4954398130157826,0.4493320553008126,0.4996114090308541,0,0.004560186984217451
SIGN96_CENTERED,,73,0.4971071561185807,0.4954398130157826,0.4493320553008126,0.4996114090308541,0,0.004560186984217451
SIGN96_CENTERED,,74,0.49941279586884624,0.4954398130157826,0.4493320553008126,0.4996114090308541,0,0.004560186984217451
SIGN96_CENTERED,,75,0.4989248983186964,0.4954398130157826,0.4493320553008126,0.4996114090308541,0,0.004560186984217451
SIGN96_CENTERED,,76,0.49804409212196576,0.4954398130157826,0.4493320553008126,0.4996114090308541,0,0.004560186984217451
SIGN96_CENTERED,,77,0.49786706734713265,0.4954398130157826,0.4493320553008126,0.4996114090308541,0,0.004560186984217451
SIGN96_CENTERED,,78,0.49951642012728514,0.4954398130157826,0.4493320553008126,0.4996114090308541,0,0.004560186984217451
SIGN96_CENTERED,,79,0.4994905140626754,0.4954398130157826,0.4493320553008126,0.4996114090308541,0,0.004560186984217451
SIGN96_CENTERED,,80,0.4984283654136767,0.4954398130157826,0.4493320553008126,0.4996114090308541,0,0.004560186984217451
SIGN96_CENTERED,,81,0.4986097078659448,0.4954398130157826,0.4493320553008126,0.4996114090308541,0,0.004560186984217451
SIGN96_CENTERED,,82,0.49797932696044145,0.4954398130157826,0.4493320553008126,0.4996114090308541,0,0.004560186984217451
SIGN96_CENTERED,,83,0.4985104012849408,0.4954398130157826,0.4493320553008126,0.4996114090308541,0,0.004560186984217451
SIGN96_CENTERED,,84,0.49837223560702226,0.4954398130157826,0.4493320553008126,0.4996114090308541,0,0.004560186984217451
SIGN96_CENTERED,,85,0.49865720231772925,0.4954398130157826,0.4493320553008126,0.4996114090308541,0,0.004560186984217451
SIGN96_CENTERED,,86,0.49883854476999734,0.4954398130157826,0.4493320553008126,0.4996114090308541,0,0.004560186984217451
SIGN96_CENTERED,,87,0.49804409212196576,0.4954398130157826,0.4493320553008126,0.4996114090308541,0,0.004560186984217451
SIGN96_CENTERED,,88,0.4978411612825229,0.4954398130157826,0.4493320553008126,0.4996114090308541,0,0.004560186984217451
SIGN96_CENTERED,,89,0.498393823994197,0.4954398130157826,0.4493320553008126,0.4996114090308541,0,0.004560186984217451
SIGN96_CENTERED,,90,0.49819521083218915,0.4954398130157826,0.4493320553008126,0.4996114090308541,0,0.004560186984217451
SIGN96_CENTERED,,91,0.4984370007685466,0.4954398130157826,0.4493320553008126,0.4996114090308541,0,0.004560186984217451
SIGN96_CENTERED,,92,0.4988255917376925,0.4954398130157826,0.4493320553008126,0.4996114090308541,0,0.004560186984217451
SIGN96_CENTERED,,93,0.49715033289293026,0.4954398130157826,0.4493320553008126,0.4996114090308541,0,0.004560186984217451
SIGN96_CENTERED,,94,0.4976339127656451,0.4954398130157826,0.4493320553008126,0.4996114090308541,0,0.004560186984217451
SIGN96_CENTERED,,95,0.49826429367114844,0.4954398130157826,0.4493320553008126,0.4996114090308541,0,0.004560186984217451
ITQ96_CENTERED,101,0,0.4993868898042365,0.5000872080890247,0.49676605960121933,0.5036268490453615,0,0.0009995873019985064
ITQ96_CENTERED,101,1,0.49676605960121933,0.5000872080890247,0.49676605960121933,0.5036268490453615,0,0.0009995873019985064
ITQ96_CENTERED,101,2,0.5009067122613404,0.5000872080890247,0.49676605960121933,0.5036268490453615,0,0.0009995873019985064
ITQ96_CENTERED,101,3,0.49974093935390274,0.5000872080890247,0.49676605960121933,0.5036268490453615,0,0.0009995873019985064
ITQ96_CENTERED,101,4,0.49998272929026016,0.5000872080890247,0.49676605960121933,0.5036268490453615,0,0.0009995873019985064
ITQ96_CENTERED,101,5,0.4991839589647937,0.5000872080890247,0.49676605960121933,0.5036268490453615,0,0.0009995873019985064
ITQ96_CENTERED,101,6,0.5008160410352064,0.5000872080890247,0.49676605960121933,0.5036268490453615,0,0.0009995873019985064
ITQ96_CENTERED,101,7,0.4996070913534192,0.5000872080890247,0.49676605960121933,0.5036268490453615,0,0.0009995873019985064
ITQ96_CENTERED,101,8,0.4985665310915952,0.5000872080890247,0.49676605960121933,0.5036268490453615,0,0.0009995873019985064
ITQ96_CENTERED,101,9,0.5013730214243154,0.5000872080890247,0.49676605960121933,0.5036268490453615,0,0.0009995873019985064
ITQ96_CENTERED,101,10,0.49891194528639154,0.5000872080890247,0.49676605960121933,0.5036268490453615,0,0.0009995873019985064
ITQ96_CENTERED,101,11,0.49962436206315897,0.5000872080890247,0.49676605960121933,0.5036268490453615,0,0.0009995873019985064
ITQ96_CENTERED,101,12,0.5008592178095559,0.5000872080890247,0.49676605960121933,0.5036268490453615,0,0.0009995873019985064
ITQ96_CENTERED,101,13,0.500189977807138,0.5000872080890247,0.49676605960121933,0.5036268490453615,0,0.0009995873019985064
ITQ96_CENTERED,101,14,0.500379955614276,0.5000872080890247,0.49676605960121933,0.5036268490453615,0,0.0009995873019985064
ITQ96_CENTERED,101,15,0.5000690828389592,0.5000872080890247,0.49676605960121933,0.5036268490453615,0,0.0009995873019985064
ITQ96_CENTERED,101,16,0.4995077847724152,0.5000872080890247,0.49676605960121933,0.5036268490453615,0,0.0009995873019985064
ITQ96_CENTERED,101,17,0.49908033470635477,0.5000872080890247,0.49676605960121933,0.5036268490453615,0,0.0009995873019985064
ITQ96_CENTERED,101,18,0.5007858172931616,0.5000872080890247,0.49676605960121933,0.5036268490453615,0,0.0009995873019985064
ITQ96_CENTERED,101,19,0.5004447207758003,0.5000872080890247,0.49676605960121933,0.5036268490453615,0,0.0009995873019985064
ITQ96_CENTERED,101,20,0.49941279586884624,0.5000872080890247,0.49676605960121933,0.5036268490453615,0,0.0009995873019985064
ITQ96_CENTERED,101,21,0.5012521264561367,0.5000872080890247,0.49676605960121933,0.5036268490453615,0,0.0009995873019985064
ITQ96_CENTERED,101,22,0.5000820358712641,0.5000872080890247,0.49676605960121933,0.5036268490453615,0,0.0009995873019985064
ITQ96_CENTERED,101,23,0.4974655233456819,0.5000872080890247,0.49676605960121933,0.5036268490453615,0,0.0009995873019985064
ITQ96_CENTERED,101,24,0.5006519692926781,0.5000872080890247,0.49676605960121933,0.5036268490453615,0,0.0009995873019985064
ITQ96_CENTERED,101,25,0.5004878975501498,0.5000872080890247,0.49676605960121933,0.5036268490453615,0,0.0009995873019985064
ITQ96_CENTERED,101,26,0.5003929086465808,0.5000872080890247,0.49676605960121933,0.5036268490453615,0,0.0009995873019985064
ITQ96_CENTERED,101,27,0.5005828864537188,0.5000872080890247,0.49676605960121933,0.5036268490453615,0,0.0009995873019985064
ITQ96_CENTERED,101,28,0.49912782915813925,0.5000872080890247,0.49676605960121933,0.5036268490453615,0,0.0009995873019985064
ITQ96_CENTERED,101,29,0.5002547429686623,0.5000872080890247,0.49676605960121933,0.5036268490453615,0,0.0009995873019985064
ITQ96_CENTERED,101,30,0.4997063979344231,0.5000872080890247,0.49676605960121933,0.5036268490453615,0,0.0009995873019985064
ITQ96_CENTERED,101,31,0.5002979197430119,0.5000872080890247,0.49676605960121933,0.5036268490453615,0,0.0009995873019985064
ITQ96_CENTERED,101,32,0.49949483174011033,0.5000872080890247,0.49676605960121933,0.5036268490453615,0,0.0009995873019985064
ITQ96_CENTERED,101,33,0.4998661519995164,0.5000872080890247,0.49676605960121933,0.5036268490453615,0,0.0009995873019985064
ITQ96_CENTERED,101,34,0.5025172059445783,0.5000872080890247,0.49676605960121933,0.5036268490453615,0,0.0009995873019985064
ITQ96_CENTERED,101,35,0.5024740291702288,0.5000872080890247,0.49676605960121933,0.5036268490453615,0,0.0009995873019985064
ITQ96_CENTERED,101,36,0.5011614552300027,0.5000872080890247,0.49676605960121933,0.5036268490453615,0,0.0009995873019985064
ITQ96_CENTERED,101,37,0.49948619638524044,0.5000872080890247,0.49676605960121933,0.5036268490453615,0,0.0009995873019985064
ITQ96_CENTERED,101,38,0.49962004438572405,0.5000872080890247,0.49676605960121933,0.5036268490453615,0,0.0009995873019985064
ITQ96_CENTERED,101,39,0.5017098002642418,0.5000872080890247,0.49676605960121933,0.5036268490453615,0,0.0009995873019985064
ITQ96_CENTERED,101,40,0.4976511834753849,0.5000872080890247,0.49676605960121933,0.5036268490453615,0,0.0009995873019985064
ITQ96_CENTERED,101,41,0.5004878975501498,0.5000872080890247,0.49676605960121933,0.5036268490453615,0,0.0009995873019985064
ITQ96_CENTERED,101,42,0.500189977807138,0.5000872080890247,0.49676605960121933,0.5036268490453615,0,0.0009995873019985064
ITQ96_CENTERED,101,43,0.5024740291702288,0.5000872080890247,0.49676605960121933,0.5036268490453615,0,0.0009995873019985064
ITQ96_CENTERED,101,44,0.4998920580641261,0.5000872080890247,0.49676605960121933,0.5036268490453615,0,0.0009995873019985064
ITQ96_CENTERED,101,45,0.4985794841239001,0.5000872080890247,0.49676605960121933,0.5036268490453615,0,0.0009995873019985064
ITQ96_CENTERED,101,46,0.5007296874865073,0.5000872080890247,0.49676605960121933,0.5036268490453615,0,0.0009995873019985064
ITQ96_CENTERED,101,47,0.4993912074816715,0.5000872080890247,0.49676605960121933,0.5036268490453615,0,0.0009995873019985064
ITQ96_CENTERED,101,48,0.5019429548457294,0.5000872080890247,0.49676605960121933,0.5036268490453615,0,0.0009995873019985064
ITQ96_CENTERED,101,49,0.5000820358712641,0.5000872080890247,0.49676605960121933,0.5036268490453615,0,0.0009995873019985064
ITQ96_CENTERED,101,50,0.4999697762579553,0.5000872080890247,0.49676605960121933,0.5036268490453615,0,0.0009995873019985064
ITQ96_CENTERED,101,51,0.5028798908491144,0.5000872080890247,0.49676605960121933,0.5036268490453615,0,0.0009995873019985064
ITQ96_CENTERED,101,52,0.501701164909372,0.5000872080890247,0.49676605960121933,0.5036268490453615,0,0.0009995873019985064
ITQ96_CENTERED,101,53,0.49854494270442046,0.5000872080890247,0.49676605960121933,0.5036268490453615,0,0.0009995873019985064
ITQ96_CENTERED,101,54,0.5012305380689619,0.5000872080890247,0.49676605960121933,0.5036268490453615,0,0.0009995873019985064
ITQ96_CENTERED,101,55,0.5008980769064705,0.5000872080890247,0.49676605960121933,0.5036268490453615,0,0.0009995873019985064
ITQ96_CENTERED,101,56,0.49968480954724837,0.5000872080890247,0.49676605960121933,0.5036268490453615,0,0.0009995873019985064
ITQ96_CENTERED,101,57,0.4997366216764678,0.5000872080890247,0.49676605960121933,0.5036268490453615,0,0.0009995873019985064
ITQ96_CENTERED,101,58,0.5022149685241315,0.5000872080890247,0.49676605960121933,0.5036268490453615,0,0.0009995873019985064
ITQ96_CENTERED,101,59,0.5036268490453615,0.5000872080890247,0.49676605960121933,0.5036268490453615,0,0.0009995873019985064
ITQ96_CENTERED,101,60,0.49880832102795264,0.5000872080890247,0.49676605960121933,0.5036268490453615,0,0.0009995873019985064
ITQ96_CENTERED,101,61,0.4988126387053876,0.5000872080890247,0.49676605960121933,0.5036268490453615,0,0.0009995873019985064
ITQ96_CENTERED,101,62,0.49954232619189487,0.5000872080890247,0.49676605960121933,0.5036268490453615,0,0.0009995873019985064
ITQ96_CENTERED,101,63,0.5033375646572196,0.5000872080890247,0.49676605960121933,0.5036268490453615,0,0.0009995873019985064
ITQ96_CENTERED,101,64,0.5010491956166939,0.5000872080890247,0.49676605960121933,0.5036268490453615,0,0.0009995873019985064
ITQ96_CENTERED,101,65,0.4995725499339395,0.5000872080890247,0.49676605960121933,0.5036268490453615,0,0.0009995873019985064
ITQ96_CENTERED,101,66,0.503018056527033,0.5000872080890247,0.49676605960121933,0.5036268490453615,0,0.0009995873019985064
ITQ96_CENTERED,101,67,0.5010448779392589,0.5000872080890247,0.49676605960121933,0.5036268490453615,0,0.0009995873019985064
ITQ96_CENTERED,101,68,0.4996329974180289,0.5000872080890247,0.49676605960121933,0.5036268490453615,0,0.0009995873019985064
ITQ96_CENTERED,101,69,0.49958118528880946,0.5000872080890247,0.49676605960121933,0.5036268490453615,0,0.0009995873019985064
ITQ96_CENTERED,101,70,0.4990198872222654,0.5000872080890247,0.49676605960121933,0.5036268490453615,0,0.0009995873019985064
ITQ96_CENTERED,101,71,0.5009110299387753,0.5000872080890247,0.49676605960121933,0.5036268490453615,0,0.0009995873019985064
ITQ96_CENTERED,101,72,0.49941279586884624,0.5000872080890247,0.49676605960121933,0.5036268490453615,0,0.0009995873019985064
ITQ96_CENTERED,101,73,0.5024610761379239,0.5000872080890247,0.49676605960121933,0.5036268490453615,0,0.0009995873019985064
ITQ96_CENTERED,101,74,0.500561298066544,0.5000872080890247,0.49676605960121933,0.5036268490453615,0,0.0009995873019985064
ITQ96_CENTERED,101,75,0.49949483174011033,0.5000872080890247,0.49676605960121933,0.5036268490453615,0,0.0009995873019985064
ITQ96_CENTERED,101,76,0.4987521912212982,0.5000872080890247,0.49676605960121933,0.5036268490453615,0,0.0009995873019985064
ITQ96_CENTERED,101,77,0.49968480954724837,0.5000872080890247,0.49676605960121933,0.5036268490453615,0,0.0009995873019985064
ITQ96_CENTERED,101,78,0.5005569803891091,0.5000872080890247,0.49676605960121933,0.5036268490453615,0,0.0009995873019985064
ITQ96_CENTERED,101,79,0.49936530141706176,0.5000872080890247,0.49676605960121933,0.5036268490453615,0,0.0009995873019985064
ITQ96_CENTERED,101,80,0.49829883509062806,0.5000872080890247,0.49676605960121933,0.5036268490453615,0,0.0009995873019985064
ITQ96_CENTERED,101,81,0.5001079419358738,0.5000872080890247,0.49676605960121933,0.5036268490453615,0,0.0009995873019985064
ITQ96_CENTERED,101,82,0.49832905883267276,0.5000872080890247,0.49676605960121933,0.5036268490453615,0,0.0009995873019985064
ITQ96_CENTERED,101,83,0.5001165772907438,0.5000872080890247,0.49676605960121933,0.5036268490453615,0,0.0009995873019985064
ITQ96_CENTERED,101,84,0.5007512758736821,0.5000872080890247,0.49676605960121933,0.5036268490453615,0,0.0009995873019985064
ITQ96_CENTERED,101,85,0.4997841161282523,0.5000872080890247,0.49676605960121933,0.5036268490453615,0,0.0009995873019985064
ITQ96_CENTERED,101,86,0.4992832655457976,0.5000872080890247,0.49676605960121933,0.5036268490453615,0,0.0009995873019985064
ITQ96_CENTERED,101,87,0.49940416051397635,0.5000872080890247,0.49676605960121933,0.5036268490453615,0,0.0009995873019985064
ITQ96_CENTERED,101,88,0.5021027089108226,0.5000872080890247,0.49676605960121933,0.5036268490453615,0,0.0009995873019985064
ITQ96_CENTERED,101,89,0.49987478735438634,0.5000872080890247,0.49676605960121933,0.5036268490453615,0,0.0009995873019985064
ITQ96_CENTERED,101,90,0.4988212740602575,0.5000872080890247,0.49676605960121933,0.5036268490453615,0,0.0009995873019985064
ITQ96_CENTERED,101,91,0.49927031251349274,0.5000872080890247,0.49676605960121933,0.5036268490453615,0,0.0009995873019985064
ITQ96_CENTERED,101,92,0.4983247411552378,0.5000872080890247,0.49676605960121933,0.5036268490453615,0,0.0009995873019985064
ITQ96_CENTERED,101,93,0.49765981883025484,0.5000872080890247,0.49676605960121933,0.5036268490453615,0,0.0009995873019985064
ITQ96_CENTERED,101,94,0.4977116309594743,0.5000872080890247,0.49676605960121933,0.5036268490453615,0,0.0009995873019985064
ITQ96_CENTERED,101,95,0.4997754807733824,0.5000872080890247,0.49676605960121933,0.5036268490453615,0,0.0009995873019985064
ITQ96_CENTERED,202,0,0.5016623058124574,0.5001772046780596,0.4961702201151956,0.5042960890477794,0,0.0011879010042917745
ITQ96_CENTERED,202,1,0.49904579328687515,0.5001772046780596,0.4961702201151956,0.5042960890477794,0,0.0011879010042917745
ITQ96_CENTERED,202,2,0.49974093935390274,0.5001772046780596,0.4961702201151956,0.5042960890477794,0,0.0011879010042917745
ITQ96_CENTERED,202,3,0.5041622410472958,0.5001772046780596,0.4961702201151956,0.5042960890477794,0,0.0011879010042917745
ITQ96_CENTERED,202,4,0.5001165772907438,0.5001772046780596,0.4961702201151956,0.5042960890477794,0,0.0011879010042917745
ITQ96_CENTERED,202,5,0.5012866678756164,0.5001772046780596,0.4961702201151956,0.5042960890477794,0,0.0011879010042917745
ITQ96_CENTERED,202,6,0.5034411889156585,0.5001772046780596,0.4961702201151956,0.5042960890477794,0,0.0011879010042917745
ITQ96_CENTERED,202,7,0.5003670025819711,0.5001772046780596,0.4961702201151956,0.5042960890477794,0,0.0011879010042917745
ITQ96_CENTERED,202,8,0.5023919932989647,0.5001772046780596,0.4961702201151956,0.5042960890477794,0,0.0011879010042917745
ITQ96_CENTERED,202,9,0.49954232619189487,0.5001772046780596,0.4961702201151956,0.5042960890477794,0,0.0011879010042917745
ITQ96_CENTERED,202,10,0.5020034023298188,0.5001772046780596,0.4961702201151956,0.5042960890477794,0,0.0011879010042917745
ITQ96_CENTERED,202,11,0.5002633783235322,0.5001772046780596,0.4961702201151956,0.5042960890477794,0,0.0011879010042917745
ITQ96_CENTERED,202,12,0.4995466438693298,0.5001772046780596,0.4961702201151956,0.5042960890477794,0,0.0011879010042917745
ITQ96_CENTERED,202,13,0.4998229752251669,0.5001772046780596,0.4961702201151956,0.5042960890477794,0,0.0011879010042917745
ITQ96_CENTERED,202,14,0.49924008877144804,0.5001772046780596,0.4961702201151956,0.5042960890477794,0,0.0011879010042917745
ITQ96_CENTERED,202,15,0.5007642289059869,0.5001772046780596,0.4961702201151956,0.5042960890477794,0,0.0011879010042917745
ITQ96_CENTERED,202,16,0.5018306952324206,0.5001772046780596,0.4961702201151956,0.5042960890477794,0,0.0011879010042917745
ITQ96_CENTERED,202,17,0.5004922152275848,0.5001772046780596,0.4961702201151956,0.5042960890477794,0,0.0011879010042917745
ITQ96_CENTERED,202,18,0.5003367788399264,0.5001772046780596,0.4961702201151956,0.5042960890477794,0,0.0011879010042917745
ITQ96_CENTERED,202,19,0.4995855029662444,0.5001772046780596,0.4961702201151956,0.5042960890477794,0,0.0011879010042917745
ITQ96_CENTERED,202,20,0.5011571375525677,0.5001772046780596,0.4961702201151956,0.5042960890477794,0,0.0011879010042917745
ITQ96_CENTERED,202,21,0.49933939535245203,0.5001772046780596,0.4961702201151956,0.5042960890477794,0,0.0011879010042917745
ITQ96_CENTERED,202,22,0.5000345414194797,0.5001772046780596,0.4961702201151956,0.5042960890477794,0,0.0011879010042917745
ITQ96_CENTERED,202,23,0.49727122786110894,0.5001772046780596,0.4961702201151956,0.5042960890477794,0,0.0011879010042917745
ITQ96_CENTERED,202,24,0.5008505824546859,0.5001772046780596,0.4961702201151956,0.5042960890477794,0,0.0011879010042917745
ITQ96_CENTERED,202,25,0.5010060188423443,0.5001772046780596,0.4961702201151956,0.5042960890477794,0,0.0011879010042917745
ITQ96_CENTERED,202,26,0.5013989274889251,0.5001772046780596,0.4961702201151956,0.5042960890477794,0,0.0011879010042917745
ITQ96_CENTERED,202,27,0.4980095507024861,0.5001772046780596,0.4961702201151956,0.5042960890477794,0,0.0011879010042917745
ITQ96_CENTERED,202,28,0.49980570451542705,0.5001772046780596,0.4961702201151956,0.5042960890477794,0,0.0011879010042917745
ITQ96_CENTERED,202,29,0.5016838941996321,0.5001772046780596,0.4961702201151956,0.5042960890477794,0,0.0011879010042917745
ITQ96_CENTERED,202,30,0.49955527922419973,0.5001772046780596,0.4961702201151956,0.5042960890477794,0,0.0011879010042917745
ITQ96_CENTERED,202,31,0.49929621857810247,0.5001772046780596,0.4961702201151956,0.5042960890477794,0,0.0011879010042917745
ITQ96_CENTERED,202,32,0.5005353920019343,0.5001772046780596,0.4961702201151956,0.5042960890477794,0,0.0011879010042917745
ITQ96_CENTERED,202,33,0.4961702201151956,0.5001772046780596,0.4961702201151956,0.5042960890477794,0,0.0011879010042917745
ITQ96_CENTERED,202,34,0.4990760170289198,0.5001772046780596,0.4961702201151956,0.5042960890477794,0,0.0011879010042917745
ITQ96_CENTERED,202,35,0.5007901349705967,0.5001772046780596,0.4961702201151956,0.5042960890477794,0,0.0011879010042917745
ITQ96_CENTERED,202,36,0.5007599112285519,0.5001772046780596,0.4961702201151956,0.5042960890477794,0,0.0011879010042917745
ITQ96_CENTERED,202,37,0.49976252774107754,0.5001772046780596,0.4961702201151956,0.5042960890477794,0,0.0011879010042917745
ITQ96_CENTERED,202,38,0.503583672271012,0.5001772046780596,0.4961702201151956,0.5042960890477794,0,0.0011879010042917745
ITQ96_CENTERED,202,39,0.4999525055482155,0.5001772046780596,0.4961702201151956,0.5042960890477794,0,0.0011879010042917745
ITQ96_CENTERED,202,40,0.5017313886514166,0.5001772046780596,0.4961702201151956,0.5042960890477794,0,0.0011879010042917745
ITQ96_CENTERED,202,41,0.49801386837992107,0.5001772046780596,0.4961702201151956,0.5042960890477794,0,0.0011879010042917745
ITQ96_CENTERED,202,42,0.4995941383211143,0.5001772046780596,0.4961702201151956,0.5042960890477794,0,0.0011879010042917745
ITQ96_CENTERED,202,43,0.4979534208958317,0.5001772046780596,0.4961702201151956,0.5042960890477794,0,0.0011879010042917745
ITQ96_CENTERED,202,44,0.4983161058003679,0.5001772046780596,0.4961702201151956,0.5042960890477794,0,0.0011879010042917745
ITQ96_CENTERED,202,45,0.499149417545314,0.5001772046780596,0.4961702201151956,0.5042960890477794,0,0.0011879010042917745
ITQ96_CENTERED,202,46,0.5030828216885573,0.5001772046780596,0.4961702201151956,0.5042960890477794,0,0.0011879010042917745
ITQ96_CENTERED,202,47,0.5005872041311538,0.5001772046780596,0.4961702201151956,0.5042960890477794,0,0.0011879010042917745
ITQ96_CENTERED,202,48,0.5011614552300027,0.5001772046780596,0.4961702201151956,0.5042960890477794,0,0.0011879010042917745
ITQ96_CENTERED,202,49,0.5003454141947964,0.5001772046780596,0.4961702201151956,0.5042960890477794,0,0.0011879010042917745
ITQ96_CENTERED,202,50,0.4994602903206307,0.5001772046780596,0.4961702201151956,0.5042960890477794,0,0.0011879010042917745
ITQ96_CENTERED,202,51,0.49861834322081466,0.5001772046780596,0.4961702201151956,0.5042960890477794,0,0.0011879010042917745
ITQ96_CENTERED,202,52,0.4999740939353903,0.5001772046780596,0.4961702201151956,0.5042960890477794,0,0.0011879010042917745
ITQ96_CENTERED,202,53,0.49822975225166877,0.5001772046780596,0.4961702201151956,0.5042960890477794,0,0.0011879010042917745
ITQ96_CENTERED,202,54,0.5002374722589225,0.5001772046780596,0.4961702201151956,0.5042960890477794,0,0.0011879010042917745
ITQ96_CENTERED,202,55,0.5011096431007832,0.5001772046780596,0.4961702201151956,0.5042960890477794,0,0.0011879010042917745
ITQ96_CENTERED,202,56,0.5012521264561367,0.5001772046780596,0.4961702201151956,0.5042960890477794,0,0.0011879010042917745
ITQ96_CENTERED,202,57,0.5007901349705967,0.5001772046780596,0.4961702201151956,0.5042960890477794,0,0.0011879010042917745
ITQ96_CENTERED,202,58,0.49962004438572405,0.5001772046780596,0.4961702201151956,0.5042960890477794,0,0.0011879010042917745
ITQ96_CENTERED,202,59,0.4984715421880262,0.5001772046780596,0.4961702201151956,0.5042960890477794,0,0.0011879010042917745
ITQ96_CENTERED,202,60,0.4986010725110748,0.5001772046780596,0.4961702201151956,0.5042960890477794,0,0.0011879010042917745
ITQ96_CENTERED,202,61,0.5004749445178449,0.5001772046780596,0.4961702201151956,0.5042960890477794,0,0.0011879010042917745
ITQ96_CENTERED,202,62,0.49926599483605777,0.5001772046780596,0.4961702201151956,0.5042960890477794,0,0.0011879010042917745
ITQ96_CENTERED,202,63,0.5008764885192957,0.5001772046780596,0.4961702201151956,0.5042960890477794,0,0.0011879010042917745
ITQ96_CENTERED,202,64,0.4994171135462812,0.5001772046780596,0.4961702201151956,0.5042960890477794,0,0.0011879010042917745
ITQ96_CENTERED,202,65,0.5017400240062866,0.5001772046780596,0.4961702201151956,0.5042960890477794,0,0.0011879010042917745
ITQ96_CENTERED,202,66,0.5019429548457294,0.5001772046780596,0.4961702201151956,0.5042960890477794,0,0.0011879010042917745
ITQ96_CENTERED,202,67,0.49806136283170555,0.5001772046780596,0.4961702201151956,0.5042960890477794,0,0.0011879010042917745
ITQ96_CENTERED,202,68,0.4987133321243837,0.5001772046780596,0.4961702201151956,0.5042960890477794,0,0.0011879010042917745
ITQ96_CENTERED,202,69,0.5010751016813036,0.5001772046780596,0.4961702201151956,0.5042960890477794,0,0.0011879010042917745
ITQ96_CENTERED,202,70,0.5014421042632747,0.5001772046780596,0.4961702201151956,0.5042960890477794,0,0.0011879010042917745
ITQ96_CENTERED,202,71,0.501416198198665,0.5001772046780596,0.4961702201151956,0.5042960890477794,0,0.0011879010042917745
ITQ96_CENTERED,202,72,0.4981736224450144,0.5001772046780596,0.4961702201151956,0.5042960890477794,0,0.0011879010042917745
ITQ96_CENTERED,202,73,0.499434384256021,0.5001772046780596,0.4961702201151956,0.5042960890477794,0,0.0011879010042917745
ITQ96_CENTERED,202,74,0.5014032451663601,0.5001772046780596,0.4961702201151956,0.5042960890477794,0,0.0011879010042917745
ITQ96_CENTERED,202,75,0.498773779608473,0.5001772046780596,0.4961702201151956,0.5042960890477794,0,0.0011879010042917745
ITQ96_CENTERED,202,76,0.4993782544493666,0.5001772046780596,0.4961702201151956,0.5042960890477794,0,0.0011879010042917745
ITQ96_CENTERED,202,77,0.497832525927653,0.5001772046780596,0.4961702201151956,0.5042960890477794,0,0.0011879010042917745
ITQ96_CENTERED,202,78,0.49987910503182126,0.5001772046780596,0.4961702201151956,0.5042960890477794,0,0.0011879010042917745
ITQ96_CENTERED,202,79,0.4987133321243837,0.5001772046780596,0.4961702201151956,0.5042960890477794,0,0.0011879010042917745
ITQ96_CENTERED,202,80,0.500746958196247,0.5001772046780596,0.4961702201151956,0.5042960890477794,0,0.0011879010042917745
ITQ96_CENTERED,202,81,0.5015629992314534,0.5001772046780596,0.4961702201151956,0.5042960890477794,0,0.0011879010042917745
ITQ96_CENTERED,202,82,0.5010146541972142,0.5001772046780596,0.4961702201151956,0.5042960890477794,0,0.0011879010042917745
ITQ96_CENTERED,202,83,0.5042960890477794,0.5001772046780596,0.4961702201151956,0.5042960890477794,0,0.0011879010042917745
ITQ96_CENTERED,202,84,0.4990716993514849,0.5001772046780596,0.4961702201151956,0.5042960890477794,0,0.0011879010042917745
ITQ96_CENTERED,202,85,0.4991062407709645,0.5001772046780596,0.4961702201151956,0.5042960890477794,0,0.0011879010042917745
ITQ96_CENTERED,202,86,0.5005526627116741,0.5001772046780596,0.4961702201151956,0.5042960890477794,0,0.0011879010042917745
ITQ96_CENTERED,202,87,0.5016536704575875,0.5001772046780596,0.4961702201151956,0.5042960890477794,0,0.0011879010042917745
ITQ96_CENTERED,202,88,0.5001424833553535,0.5001772046780596,0.4961702201151956,0.5042960890477794,0,0.0011879010042917745
ITQ96_CENTERED,202,89,0.5009067122613404,0.5001772046780596,0.4961702201151956,0.5042960890477794,0,0.0011879010042917745
ITQ96_CENTERED,202,90,0.5019127311036847,0.5001772046780596,0.4961702201151956,0.5042960890477794,0,0.0011879010042917745
ITQ96_CENTERED,202,91,0.4994602903206307,0.5001772046780596,0.4961702201151956,0.5042960890477794,0,0.0011879010042917745
ITQ96_CENTERED,202,92,0.5011485021976978,0.5001772046780596,0.4961702201151956,0.5042960890477794,0,0.0011879010042917745
ITQ96_CENTERED,202,93,0.4997107156118581,0.5001772046780596,0.4961702201151956,0.5042960890477794,0,0.0011879010042917745
ITQ96_CENTERED,202,94,0.4961702201151956,0.5001772046780596,0.4961702201151956,0.5042960890477794,0,0.0011879010042917745
ITQ96_CENTERED,202,95,0.49955959690163465,0.5001772046780596,0.4961702201151956,0.5042960890477794,0,0.0011879010042917745
ITQ96_CENTERED,303,0,0.4996114090308541,0.5002072035410712,0.4971848743124099,0.5041190642729463,0,0.0010322397376003537
ITQ96_CENTERED,303,1,0.5007124167767675,0.5002072035410712,0.4971848743124099,0.5041190642729463,0,0.0010322397376003537
ITQ96_CENTERED,303,2,0.49970208025698815,0.5002072035410712,0.4971848743124099,0.5041190642729463,0,0.0010322397376003537
ITQ96_CENTERED,303,3,0.49994818787078055,0.5002072035410712,0.4971848743124099,0.5041190642729463,0,0.0010322397376003537
ITQ96_CENTERED,303,4,0.500660604647548,0.5002072035410712,0.4971848743124099,0.5041190642729463,0,0.0010322397376003537
ITQ96_CENTERED,303,5,0.5003281434850565,0.5002072035410712,0.4971848743124099,0.5041190642729463,0,0.0010322397376003537
ITQ96_CENTERED,303,6,0.4995682322565046,0.5002072035410712,0.4971848743124099,0.5041190642729463,0,0.0010322397376003537
ITQ96_CENTERED,303,7,0.5008160410352064,0.5002072035410712,0.4971848743124099,0.5041190642729463,0,0.0010322397376003537
ITQ96_CENTERED,303,8,0.4988299094151274,0.5002072035410712,0.4971848743124099,0.5041190642729463,0,0.0010322397376003537
ITQ96_CENTERED,303,9,0.5018091068452458,0.5002072035410712,0.4971848743124099,0.5041190642729463,0,0.0010322397376003537
ITQ96_CENTERED,303,10,0.5011485021976978,0.5002072035410712,0.4971848743124099,0.5041190642729463,0,0.0010322397376003537
ITQ96_CENTERED,303,11,0.5016666234898923,0.5002072035410712,0.4971848743124099,0.5041190642729463,0,0.0010322397376003537
ITQ96_CENTERED,303,12,0.4996761741923784,0.5002072035410712,0.4971848743124099,0.5041190642729463,0,0.0010322397376003537
ITQ96_CENTERED,303,13,0.5008937592290356,0.5002072035410712,0.4971848743124099,0.5041190642729463,0,0.0010322397376003537
ITQ96_CENTERED,303,14,0.5021502033626072,0.5002072035410712,0.4971848743124099,0.5041190642729463,0,0.0010322397376003537
ITQ96_CENTERED,303,15,0.4991062407709645,0.5002072035410712,0.4971848743124099,0.5041190642729463,0,0.0010322397376003537
ITQ96_CENTERED,303,16,0.4971848743124099,0.5002072035410712,0.4971848743124099,0.5041190642729463,0,0.0010322397376003537
ITQ96_CENTERED,303,17,0.5007080990993324,0.5002072035410712,0.4971848743124099,0.5041190642729463,0,0.0010322397376003537
ITQ96_CENTERED,303,18,0.501031924906954,0.5002072035410712,0.4971848743124099,0.5041190642729463,0,0.0010322397376003537
ITQ96_CENTERED,303,19,0.5003670025819711,0.5002072035410712,0.4971848743124099,0.5041190642729463,0,0.0010322397376003537
ITQ96_CENTERED,303,20,0.49877809728590794,0.5002072035410712,0.4971848743124099,0.5041190642729463,0,0.0010322397376003537
ITQ96_CENTERED,303,21,0.5005397096793692,0.5002072035410712,0.4971848743124099,0.5041190642729463,0,0.0010322397376003537
ITQ96_CENTERED,303,22,0.5003626849045362,0.5002072035410712,0.4971848743124099,0.5041190642729463,0,0.0010322397376003537
ITQ96_CENTERED,303,23,0.49883422709256237,0.5002072035410712,0.4971848743124099,0.5041190642729463,0,0.0010322397376003537
ITQ96_CENTERED,303,24,0.5019386371682945,0.5002072035410712,0.4971848743124099,0.5041190642729463,0,0.0010322397376003537
ITQ96_CENTERED,303,25,0.4978238905727831,0.5002072035410712,0.4971848743124099,0.5041190642729463,0,0.0010322397376003537
ITQ96_CENTERED,303,26,0.5010060188423443,0.5002072035410712,0.4971848743124099,0.5041190642729463,0,0.0010322397376003537
ITQ96_CENTERED,303,27,0.5006649223249829,0.5002072035410712,0.4971848743124099,0.5041190642729463,0,0.0010322397376003537
ITQ96_CENTERED,303,28,0.5018177422001158,0.5002072035410712,0.4971848743124099,0.5041190642729463,0,0.0010322397376003537
ITQ96_CENTERED,303,29,0.499715033289293,0.5002072035410712,0.4971848743124099,0.5041190642729463,0,0.0010322397376003537
ITQ96_CENTERED,303,30,0.5020077200072537,0.5002072035410712,0.4971848743124099,0.5041190642729463,0,0.0010322397376003537
ITQ96_CENTERED,303,31,0.5022797336856558,0.5002072035410712,0.4971848743124099,0.5041190642729463,0,0.0010322397376003537
ITQ96_CENTERED,303,32,0.5025258412994482,0.5002072035410712,0.4971848743124099,0.5041190642729463,0,0.0010322397376003537
ITQ96_CENTERED,303,33,0.5002806490332721,0.5002072035410712,0.4971848743124099,0.5041190642729463,0,0.0010322397376003537
ITQ96_CENTERED,303,34,0.5041190642729463,0.5002072035410712,0.4971848743124099,0.5041190642729463,0,0.0010322397376003537
ITQ96_CENTERED,303,35,0.4997797984508173,0.5002072035410712,0.4971848743124099,0.5041190642729463,0,0.0010322397376003537
ITQ96_CENTERED,303,36,0.4989248983186964,0.5002072035410712,0.4971848743124099,0.5041190642729463,0,0.0010322397376003537
ITQ96_CENTERED,303,37,0.5014334689084048,0.5002072035410712,0.4971848743124099,0.5041190642729463,0,0.0010322397376003537
ITQ96_CENTERED,303,38,0.5001252126456137,0.5002072035410712,0.4971848743124099,0.5041190642729463,0,0.0010322397376003537
ITQ96_CENTERED,303,39,0.5012478087787018,0.5002072035410712,0.4971848743124099,0.5041190642729463,0,0.0010322397376003537
ITQ96_CENTERED,303,40,0.49966322116007356,0.5002072035410712,0.4971848743124099,0.5041190642729463,0,0.0010322397376003537
ITQ96_CENTERED,303,41,0.4988299094151274,0.5002072035410712,0.4971848743124099,0.5041190642729463,0,0.0010322397376003537
ITQ96_CENTERED,303,42,0.4982211168967989,0.5002072035410712,0.4971848743124099,0.5041190642729463,0,0.0010322397376003537
ITQ96_CENTERED,303,43,0.4995077847724152,0.5002072035410712,0.4971848743124099,0.5041190642729463,0,0.0010322397376003537
ITQ96_CENTERED,303,44,0.4982513406388436,0.5002072035410712,0.4971848743124099,0.5041190642729463,0,0.0010322397376003537
ITQ96_CENTERED,303,45,0.49908033470635477,0.5002072035410712,0.4971848743124099,0.5041190642729463,0,0.0010322397376003537
ITQ96_CENTERED,303,46,0.49861834322081466,0.5002072035410712,0.4971848743124099,0.5041190642729463,0,0.0010322397376003537
ITQ96_CENTERED,303,47,0.49958982064367935,0.5002072035410712,0.4971848743124099,0.5041190642729463,0,0.0010322397376003537
ITQ96_CENTERED,303,48,0.5031303161403418,0.5002072035410712,0.4971848743124099,0.5041190642729463,0,0.0010322397376003537
ITQ96_CENTERED,303,49,0.5010189718746492,0.5002072035410712,0.4971848743124099,0.5041190642729463,0,0.0010322397376003537
ITQ96_CENTERED,303,50,0.4996891272246833,0.5002072035410712,0.4971848743124099,0.5041190642729463,0,0.0010322397376003537
ITQ96_CENTERED,303,51,0.4986053901885098,0.5002072035410712,0.4971848743124099,0.5041190642729463,0,0.0010322397376003537
ITQ96_CENTERED,303,52,0.4997107156118581,0.5002072035410712,0.4971848743124099,0.5041190642729463,0,0.0010322397376003537
ITQ96_CENTERED,303,53,0.5000388590969146,0.5002072035410712,0.4971848743124099,0.5041190642729463,0,0.0010322397376003537
ITQ96_CENTERED,303,54,0.5012909855530513,0.5002072035410712,0.4971848743124099,0.5041190642729463,0,0.0010322397376003537
ITQ96_CENTERED,303,55,0.5000863535486991,0.5002072035410712,0.4971848743124099,0.5041190642729463,0,0.0010322397376003537
ITQ96_CENTERED,303,56,0.49869174373720887,0.5002072035410712,0.4971848743124099,0.5041190642729463,0,0.0010322397376003537
ITQ96_CENTERED,303,57,0.5008160410352064,0.5002072035410712,0.4971848743124099,0.5041190642729463,0,0.0010322397376003537
ITQ96_CENTERED,303,58,0.5012909855530513,0.5002072035410712,0.4971848743124099,0.5041190642729463,0,0.0010322397376003537
ITQ96_CENTERED,303,59,0.49883422709256237,0.5002072035410712,0.4971848743124099,0.5041190642729463,0,0.0010322397376003537
ITQ96_CENTERED,303,60,0.5005353920019343,0.5002072035410712,0.4971848743124099,0.5041190642729463,0,0.0010322397376003537
ITQ96_CENTERED,303,61,0.4993782544493666,0.5002072035410712,0.4971848743124099,0.5041190642729463,0,0.0010322397376003537
ITQ96_CENTERED,303,62,0.5005310743244994,0.5002072035410712,0.4971848743124099,0.5041190642729463,0,0.0010322397376003537
ITQ96_CENTERED,303,63,0.5015284578119737,0.5002072035410712,0.4971848743124099,0.5041190642729463,0,0.0010322397376003537
ITQ96_CENTERED,303,64,0.4992875832232326,0.5002072035410712,0.4971848743124099,0.5041190642729463,0,0.0010322397376003537
ITQ96_CENTERED,303,65,0.5009671597454297,0.5002072035410712,0.4971848743124099,0.5041190642729463,0,0.0010322397376003537
ITQ96_CENTERED,303,66,0.5010794193587386,0.5002072035410712,0.4971848743124099,0.5041190642729463,0,0.0010322397376003537
ITQ96_CENTERED,303,67,0.5017529770385915,0.5002072035410712,0.4971848743124099,0.5041190642729463,0,0.0010322397376003537
ITQ96_CENTERED,303,68,0.4978584319922627,0.5002072035410712,0.4971848743124099,0.5041190642729463,0,0.0010322397376003537
ITQ96_CENTERED,303,69,0.5011744082623075,0.5002072035410712,0.4971848743124099,0.5041190642729463,0,0.0010322397376003537
ITQ96_CENTERED,303,70,0.5013125739402261,0.5002072035410712,0.4971848743124099,0.5041190642729463,0,0.0010322397376003537
ITQ96_CENTERED,303,71,0.49809158657375024,0.5002072035410712,0.4971848743124099,0.5041190642729463,0,0.0010322397376003537
ITQ96_CENTERED,303,72,0.49937393677193165,0.5002072035410712,0.4971848743124099,0.5041190642729463,0,0.0010322397376003537
ITQ96_CENTERED,303,73,0.49962867974059394,0.5002072035410712,0.4971848743124099,0.5041190642729463,0,0.0010322397376003537
ITQ96_CENTERED,303,74,0.4992746301909277,0.5002072035410712,0.4971848743124099,0.5041190642729463,0,0.0010322397376003537
ITQ96_CENTERED,303,75,0.5005224389696294,0.5002072035410712,0.4971848743124099,0.5041190642729463,0,0.0010322397376003537
ITQ96_CENTERED,303,76,0.5008074056803364,0.5002072035410712,0.4971848743124099,0.5041190642729463,0,0.0010322397376003537
ITQ96_CENTERED,303,77,0.5014550572955796,0.5002072035410712,0.4971848743124099,0.5041190642729463,0,0.0010322397376003537
ITQ96_CENTERED,303,78,0.4979577385732667,0.5002072035410712,0.4971848743124099,0.5041190642729463,0,0.0010322397376003537
ITQ96_CENTERED,303,79,0.49974093935390274,0.5002072035410712,0.4971848743124099,0.5041190642729463,0,0.0010322397376003537
ITQ96_CENTERED,303,80,0.5005958394860237,0.5002072035410712,0.4971848743124099,0.5041190642729463,0,0.0010322397376003537
ITQ96_CENTERED,303,81,0.5015327754894088,0.5002072035410712,0.4971848743124099,0.5041190642729463,0,0.0010322397376003537
ITQ96_CENTERED,303,82,0.5000129530323049,0.5002072035410712,0.4971848743124099,0.5041190642729463,0,0.0010322397376003537
ITQ96_CENTERED,303,83,0.49969344490211826,0.5002072035410712,0.4971848743124099,0.5041190642729463,0,0.0010322397376003537
ITQ96_CENTERED,303,84,0.5014421042632747,0.5002072035410712,0.4971848743124099,0.5041190642729463,0,0.0010322397376003537
ITQ96_CENTERED,303,85,0.5013989274889251,0.5002072035410712,0.4971848743124099,0.5041190642729463,0,0.0010322397376003537
ITQ96_CENTERED,303,86,0.49951210244985017,0.5002072035410712,0.4971848743124099,0.5041190642729463,0,0.0010322397376003537
ITQ96_CENTERED,303,87,0.5011096431007832,0.5002072035410712,0.4971848743124099,0.5041190642729463,0,0.0010322397376003537
ITQ96_CENTERED,303,88,0.5005526627116741,0.5002072035410712,0.4971848743124099,0.5041190642729463,0,0.0010322397376003537
ITQ96_CENTERED,303,89,0.49949483174011033,0.5002072035410712,0.4971848743124099,0.5041190642729463,0,0.0010322397376003537
ITQ96_CENTERED,303,90,0.49938257212680154,0.5002072035410712,0.4971848743124099,0.5041190642729463,0,0.0010322397376003537
ITQ96_CENTERED,303,91,0.49844995380085144,0.5002072035410712,0.4971848743124099,0.5041190642729463,0,0.0010322397376003537
ITQ96_CENTERED,303,92,0.49977116309594743,0.5002072035410712,0.4971848743124099,0.5041190642729463,0,0.0010322397376003537
ITQ96_CENTERED,303,93,0.4987262851566885,0.5002072035410712,0.4971848743124099,0.5041190642729463,0,0.0010322397376003537
ITQ96_CENTERED,303,94,0.5006821930347227,0.5002072035410712,0.4971848743124099,0.5041190642729463,0,0.0010322397376003537
ITQ96_CENTERED,303,95,0.500185660129703,0.5002072035410712,0.4971848743124099,0.5041190642729463,0,0.0010322397376003537
ITQ96_CENTERED,404,0,0.5006260632280684,0.4998151944106226,0.495289413918465,0.5027762665906755,0,0.0010352081408368803
ITQ96_CENTERED,404,1,0.4998877403866912,0.4998151944106226,0.495289413918465,0.5027762665906755,0,0.0010352081408368803
ITQ96_CENTERED,404,2,0.49870469676951373,0.4998151944106226,0.495289413918465,0.5027762665906755,0,0.0010352081408368803
ITQ96_CENTERED,404,3,0.500561298066544,0.4998151944106226,0.495289413918465,0.5027762665906755,0,0.0010352081408368803
ITQ96_CENTERED,404,4,0.4996718565149435,0.4998151944106226,0.495289413918465,0.5027762665906755,0,0.0010352081408368803
ITQ96_CENTERED,404,5,0.5000518121292195,0.4998151944106226,0.495289413918465,0.5027762665906755,0,0.0010352081408368803
ITQ96_CENTERED,404,6,0.5013946098114902,0.4998151944106226,0.495289413918465,0.5027762665906755,0,0.0010352081408368803
ITQ96_CENTERED,404,7,0.5002202015491827,0.4998151944106226,0.495289413918465,0.5027762665906755,0,0.0010352081408368803
ITQ96_CENTERED,404,8,0.5009585243905599,0.4998151944106226,0.495289413918465,0.5027762665906755,0,0.0010352081408368803
ITQ96_CENTERED,404,9,0.5006217455506334,0.4998151944106226,0.495289413918465,0.5027762665906755,0,0.0010352081408368803
ITQ96_CENTERED,404,10,0.49984456361234164,0.4998151944106226,0.495289413918465,0.5027762665906755,0,0.0010352081408368803
ITQ96_CENTERED,404,11,0.4995941383211143,0.4998151944106226,0.495289413918465,0.5027762665906755,0,0.0010352081408368803
ITQ96_CENTERED,404,12,0.4999222818061708,0.4998151944106226,0.495289413918465,0.5027762665906755,0,0.0010352081408368803
ITQ96_CENTERED,404,13,0.4996329974180289,0.4998151944106226,0.495289413918465,0.5027762665906755,0,0.0010352081408368803
ITQ96_CENTERED,404,14,0.4985794841239001,0.4998151944106226,0.495289413918465,0.5027762665906755,0,0.0010352081408368803
ITQ96_CENTERED,404,15,0.5004749445178449,0.4998151944106226,0.495289413918465,0.5027762665906755,0,0.0010352081408368803
ITQ96_CENTERED,404,16,0.5026640069773667,0.4998151944106226,0.495289413918465,0.5027762665906755,0,0.0010352081408368803
ITQ96_CENTERED,404,17,0.49894648670587116,0.4998151944106226,0.495289413918465,0.5027762665906755,0,0.0010352081408368803
ITQ96_CENTERED,404,18,0.49905011096431007,0.4998151944106226,0.495289413918465,0.5027762665906755,0,0.0010352081408368803
ITQ96_CENTERED,404,19,0.4993868898042365,0.4998151944106226,0.495289413918465,0.5027762665906755,0,0.0010352081408368803
ITQ96_CENTERED,404,20,0.5008592178095559,0.4998151944106226,0.495289413918465,0.5027762665906755,0,0.0010352081408368803
ITQ96_CENTERED,404,21,0.4981779401224493,0.4998151944106226,0.495289413918465,0.5027762665906755,0,0.0010352081408368803
ITQ96_CENTERED,404,22,0.4997452570313377,0.4998151944106226,0.495289413918465,0.5027762665906755,0,0.0010352081408368803
ITQ96_CENTERED,404,23,0.496891272246833,0.4998151944106226,0.495289413918465,0.5027762665906755,0,0.0010352081408368803
ITQ96_CENTERED,404,24,0.500276331355837,0.4998151944106226,0.495289413918465,0.5027762665906755,0,0.0010352081408368803
ITQ96_CENTERED,404,25,0.5001208949681787,0.4998151944106226,0.495289413918465,0.5027762665906755,0,0.0010352081408368803
ITQ96_CENTERED,404,26,0.49991796412873585,0.4998151944106226,0.495289413918465,0.5027762665906755,0,0.0010352081408368803
ITQ96_CENTERED,404,27,0.501886825039075,0.4998151944106226,0.495289413918465,0.5027762665906755,0,0.0010352081408368803
ITQ96_CENTERED,404,28,0.5002936020655769,0.4998151944106226,0.495289413918465,0.5027762665906755,0,0.0010352081408368803
ITQ96_CENTERED,404,29,0.4990846523837897,0.4998151944106226,0.495289413918465,0.5027762665906755,0,0.0010352081408368803
ITQ96_CENTERED,404,30,0.49948187870780547,0.4998151944106226,0.495289413918465,0.5027762665906755,0,0.0010352081408368803
ITQ96_CENTERED,404,31,0.4992919009006675,0.4998151944106226,0.495289413918465,0.5027762665906755,0,0.0010352081408368803
ITQ96_CENTERED,404,32,0.4975648299266858,0.4998151944106226,0.495289413918465,0.5027762665906755,0,0.0010352081408368803
ITQ96_CENTERED,404,33,0.5008160410352064,0.4998151944106226,0.495289413918465,0.5027762665906755,0,0.0010352081408368803
ITQ96_CENTERED,404,34,0.5011873612946124,0.4998151944106226,0.495289413918465,0.5027762665906755,0,0.0010352081408368803
ITQ96_CENTERED,404,35,0.4991839589647937,0.4998151944106226,0.495289413918465,0.5027762665906755,0,0.0010352081408368803
ITQ96_CENTERED,404,36,0.5001036242584389,0.4998151944106226,0.495289413918465,0.5027762665906755,0,0.0010352081408368803
ITQ96_CENTERED,404,37,0.4972755455385439,0.4998151944106226,0.495289413918465,0.5027762665906755,0,0.0010352081408368803
ITQ96_CENTERED,404,38,0.49955096154676476,0.4998151944106226,0.495289413918465,0.5027762665906755,0,0.0010352081408368803
ITQ96_CENTERED,404,39,0.5004490384532352,0.4998151944106226,0.495289413918465,0.5027762665906755,0,0.0010352081408368803
ITQ96_CENTERED,404,40,0.5000129530323049,0.4998151944106226,0.495289413918465,0.5027762665906755,0,0.0010352081408368803
ITQ96_CENTERED,404,41,0.5003670025819711,0.4998151944106226,0.495289413918465,0.5027762665906755,0,0.0010352081408368803
ITQ96_CENTERED,404,42,0.4989335336735663,0.4998151944106226,0.495289413918465,0.5027762665906755,0,0.0010352081408368803
ITQ96_CENTERED,404,43,0.5004663091629751,0.4998151944106226,0.495289413918465,0.5027762665906755,0,0.0010352081408368803
ITQ96_CENTERED,404,44,0.5002936020655769,0.4998151944106226,0.495289413918465,0.5027762665906755,0,0.0010352081408368803
ITQ96_CENTERED,404,45,0.5002504252912273,0.4998151944106226,0.495289413918465,0.5027762665906755,0,0.0010352081408368803
ITQ96_CENTERED,404,46,0.5004188147111905,0.4998151944106226,0.495289413918465,0.5027762665906755,0,0.0010352081408368803
ITQ96_CENTERED,404,47,0.4993523483847569,0.4998151944106226,0.495289413918465,0.5027762665906755,0,0.0010352081408368803
ITQ96_CENTERED,404,48,0.501601858328368,0.4998151944106226,0.495289413918465,0.5027762665906755,0,0.0010352081408368803
ITQ96_CENTERED,404,49,0.49969776257955323,0.4998151944106226,0.495289413918465,0.5027762665906755,0,0.0010352081408368803
ITQ96_CENTERED,404,50,0.49975821006364257,0.4998151944106226,0.495289413918465,0.5027762665906755,0,0.0010352081408368803
ITQ96_CENTERED,404,51,0.5006476516152432,0.4998151944106226,0.495289413918465,0.5027762665906755,0,0.0010352081408368803
ITQ96_CENTERED,404,52,0.4965976701812561,0.4998151944106226,0.495289413918465,0.5027762665906755,0,0.0010352081408368803
ITQ96_CENTERED,404,53,0.49951642012728514,0.4998151944106226,0.495289413918465,0.5027762665906755,0,0.0010352081408368803
ITQ96_CENTERED,404,54,0.499153735222749,0.4998151944106226,0.495289413918465,0.5027762665906755,0,0.0010352081408368803
ITQ96_CENTERED,404,55,0.5000172707097398,0.4998151944106226,0.495289413918465,0.5027762665906755,0,0.0010352081408368803
ITQ96_CENTERED,404,56,0.5003972263240157,0.4998151944106226,0.495289413918465,0.5027762665906755,0,0.0010352081408368803
ITQ96_CENTERED,404,57,0.501601858328368,0.4998151944106226,0.495289413918465,0.5027762665906755,0,0.0010352081408368803
ITQ96_CENTERED,404,58,0.49751733547490135,0.4998151944106226,0.495289413918465,0.5027762665906755,0,0.0010352081408368803
ITQ96_CENTERED,404,59,0.501040560261824,0.4998151944106226,0.495289413918465,0.5027762665906755,0,0.0010352081408368803
ITQ96_CENTERED,404,60,0.5002806490332721,0.4998151944106226,0.495289413918465,0.5027762665906755,0,0.0010352081408368803
ITQ96_CENTERED,404,61,0.4987953679956478,0.4998151944106226,0.495289413918465,0.5027762665906755,0,0.0010352081408368803
ITQ96_CENTERED,404,62,0.495289413918465,0.4998151944106226,0.495289413918465,0.5027762665906755,0,0.0010352081408368803
ITQ96_CENTERED,404,63,0.5022451922661761,0.4998151944106226,0.495289413918465,0.5027762665906755,0,0.0010352081408368803
ITQ96_CENTERED,404,64,0.5008980769064705,0.4998151944106226,0.495289413918465,0.5027762665906755,0,0.0010352081408368803
ITQ96_CENTERED,404,65,0.5013902921340553,0.4998151944106226,0.495289413918465,0.5027762665906755,0,0.0010352081408368803
ITQ96_CENTERED,404,66,0.49801386837992107,0.4998151944106226,0.495289413918465,0.5027762665906755,0,0.0010352081408368803
ITQ96_CENTERED,404,67,0.4969948965052719,0.4998151944106226,0.495289413918465,0.5027762665906755,0,0.0010352081408368803
ITQ96_CENTERED,404,68,0.4978411612825229,0.4998151944106226,0.495289413918465,0.5027762665906755,0,0.0010352081408368803
ITQ96_CENTERED,404,69,0.4995682322565046,0.4998151944106226,0.495289413918465,0.5027762665906755,0,0.0010352081408368803
ITQ96_CENTERED,404,70,0.5027762665906755,0.4998151944106226,0.495289413918465,0.5027762665906755,0,0.0010352081408368803
ITQ96_CENTERED,404,71,0.49759073599129555,0.4998151944106226,0.495289413918465,0.5027762665906755,0,0.0010352081408368803
ITQ96_CENTERED,404,72,0.5005138036147595,0.4998151944106226,0.495289413918465,0.5027762665906755,0,0.0010352081408368803
ITQ96_CENTERED,404,73,0.5004188147111905,0.4998151944106226,0.495289413918465,0.5027762665906755,0,0.0010352081408368803
ITQ96_CENTERED,404,74,0.5017400240062866,0.4998151944106226,0.495289413918465,0.5027762665906755,0,0.0010352081408368803
ITQ96_CENTERED,404,75,0.49954232619189487,0.4998151944106226,0.495289413918465,0.5027762665906755,0,0.0010352081408368803
ITQ96_CENTERED,404,76,0.49942143122371613,0.4998151944106226,0.495289413918465,0.5027762665906755,0,0.0010352081408368803
ITQ96_CENTERED,404,77,0.500375637936841,0.4998151944106226,0.495289413918465,0.5027762665906755,0,0.0010352081408368803
ITQ96_CENTERED,404,78,0.5001597540650933,0.4998151944106226,0.495289413918465,0.5027762665906755,0,0.0010352081408368803
ITQ96_CENTERED,404,79,0.4983851886393271,0.4998151944106226,0.495289413918465,0.5027762665906755,0,0.0010352081408368803
ITQ96_CENTERED,404,80,0.497737537024084,0.4998151944106226,0.495289413918465,0.5027762665906755,0,0.0010352081408368803
ITQ96_CENTERED,404,81,0.5016882118770671,0.4998151944106226,0.495289413918465,0.5027762665906755,0,0.0010352081408368803
ITQ96_CENTERED,404,82,0.4980786335414454,0.4998151944106226,0.495289413918465,0.5027762665906755,0,0.0010352081408368803
ITQ96_CENTERED,404,83,0.4981779401224493,0.4998151944106226,0.495289413918465,0.5027762665906755,0,0.0010352081408368803
ITQ96_CENTERED,404,84,0.5004360854209303,0.4998151944106226,0.495289413918465,0.5027762665906755,0,0.0010352081408368803
ITQ96_CENTERED,404,85,0.5009283006485151,0.4998151944106226,0.495289413918465,0.5027762665906755,0,0.0010352081408368803
ITQ96_CENTERED,404,86,0.5026855953645415,0.4998151944106226,0.495289413918465,0.5027762665906755,0,0.0010352081408368803
ITQ96_CENTERED,404,87,0.4990371579320052,0.4998151944106226,0.495289413918465,0.5027762665906755,0,0.0010352081408368803
ITQ96_CENTERED,404,88,0.502633783235322,0.4998151944106226,0.495289413918465,0.5027762665906755,0,0.0010352081408368803
ITQ96_CENTERED,404,89,0.49973230399903285,0.4998151944106226,0.495289413918465,0.5027762665906755,0,0.0010352081408368803
ITQ96_CENTERED,404,90,0.4987435558664283,0.4998151944106226,0.495289413918465,0.5027762665906755,0,0.0010352081408368803
ITQ96_CENTERED,404,91,0.4995639145790696,0.4998151944106226,0.495289413918465,0.5027762665906755,0,0.0010352081408368803
ITQ96_CENTERED,404,92,0.4993998428365414,0.4998151944106226,0.495289413918465,0.5027762665906755,0,0.0010352081408368803
ITQ96_CENTERED,404,93,0.5002245192266176,0.4998151944106226,0.495289413918465,0.5027762665906755,0,0.0010352081408368803
ITQ96_CENTERED,404,94,0.5007426405188121,0.4998151944106226,0.495289413918465,0.5027762665906755,0,0.0010352081408368803
ITQ96_CENTERED,404,95,0.4996114090308541,0.4998151944106226,0.495289413918465,0.5027762665906755,0,0.0010352081408368803
ITQ96_CENTERED,505,0,0.4996761741923784,0.4999438701933456,0.4965588110843415,0.5027201367840212,0,0.0010963302620254488
ITQ96_CENTERED,505,1,0.49944301961089094,0.4999438701933456,0.4965588110843415,0.5027201367840212,0,0.0010963302620254488
ITQ96_CENTERED,505,2,0.4998618343220815,0.4999438701933456,0.4965588110843415,0.5027201367840212,0,0.0010963302620254488
ITQ96_CENTERED,505,3,0.500565615743979,0.4999438701933456,0.4965588110843415,0.5027201367840212,0,0.0010963302620254488
ITQ96_CENTERED,505,4,0.4998877403866912,0.4999438701933456,0.4965588110843415,0.5027201367840212,0,0.0010963302620254488
ITQ96_CENTERED,505,5,0.49772458399177916,0.4999438701933456,0.4965588110843415,0.5027201367840212,0,0.0010963302620254488
ITQ96_CENTERED,505,6,0.49985319896721153,0.4999438701933456,0.4965588110843415,0.5027201367840212,0,0.0010963302620254488
ITQ96_CENTERED,505,7,0.49970208025698815,0.4999438701933456,0.4965588110843415,0.5027201367840212,0,0.0010963302620254488
ITQ96_CENTERED,505,8,0.4996804918698134,0.4999438701933456,0.4965588110843415,0.5027201367840212,0,0.0010963302620254488
ITQ96_CENTERED,505,9,0.5006044748408935,0.4999438701933456,0.4965588110843415,0.5027201367840212,0,0.0010963302620254488
ITQ96_CENTERED,505,10,0.5001468010327884,0.4999438701933456,0.4965588110843415,0.5027201367840212,0,0.0010963302620254488
ITQ96_CENTERED,505,11,0.4999654585805204,0.4999438701933456,0.4965588110843415,0.5027201367840212,0,0.0010963302620254488
ITQ96_CENTERED,505,12,0.5025301589768831,0.4999438701933456,0.4965588110843415,0.5027201367840212,0,0.0010963302620254488
ITQ96_CENTERED,505,13,0.4986744730274691,0.4999438701933456,0.4965588110843415,0.5027201367840212,0,0.0010963302620254488
ITQ96_CENTERED,505,14,0.502348816524615,0.4999438701933456,0.4965588110843415,0.5027201367840212,0,0.0010963302620254488
ITQ96_CENTERED,505,15,0.5007944526480316,0.4999438701933456,0.4965588110843415,0.5027201367840212,0,0.0010963302620254488
ITQ96_CENTERED,505,16,0.5015500461991486,0.4999438701933456,0.4965588110843415,0.5027201367840212,0,0.0010963302620254488
ITQ96_CENTERED,505,17,0.5007858172931616,0.4999438701933456,0.4965588110843415,0.5027201367840212,0,0.0010963302620254488
ITQ96_CENTERED,505,18,0.5000474944517845,0.4999438701933456,0.4965588110843415,0.5027201367840212,0,0.0010963302620254488
ITQ96_CENTERED,505,19,0.5006390162603732,0.4999438701933456,0.4965588110843415,0.5027201367840212,0,0.0010963302620254488
ITQ96_CENTERED,505,20,0.49791024412148216,0.4999438701933456,0.4965588110843415,0.5027201367840212,0,0.0010963302620254488
ITQ96_CENTERED,505,21,0.4998575166446465,0.4999438701933456,0.4965588110843415,0.5027201367840212,0,0.0010963302620254488
ITQ96_CENTERED,505,22,0.5011959966494823,0.4999438701933456,0.4965588110843415,0.5027201367840212,0,0.0010963302620254488
ITQ96_CENTERED,505,23,0.5009196652936453,0.4999438701933456,0.4965588110843415,0.5027201367840212,0,0.0010963302620254488
ITQ96_CENTERED,505,24,0.4984629068331563,0.4999438701933456,0.4965588110843415,0.5027201367840212,0,0.0010963302620254488
ITQ96_CENTERED,505,25,0.49869606141464384,0.4999438701933456,0.4965588110843415,0.5027201367840212,0,0.0010963302620254488
ITQ96_CENTERED,505,26,0.5004749445178449,0.4999438701933456,0.4965588110843415,0.5027201367840212,0,0.0010963302620254488
ITQ96_CENTERED,505,27,0.499810022192862,0.4999438701933456,0.4965588110843415,0.5027201367840212,0,0.0010963302620254488
ITQ96_CENTERED,505,28,0.5010448779392589,0.4999438701933456,0.4965588110843415,0.5027201367840212,0,0.0010963302620254488
ITQ96_CENTERED,505,29,0.5004576738081051,0.4999438701933456,0.4965588110843415,0.5027201367840212,0,0.0010963302620254488
ITQ96_CENTERED,505,30,0.4994300665785861,0.4999438701933456,0.4965588110843415,0.5027201367840212,0,0.0010963302620254488
ITQ96_CENTERED,505,31,0.4993609837396268,0.4999438701933456,0.4965588110843415,0.5027201367840212,0,0.0010963302620254488
ITQ96_CENTERED,505,32,0.501416198198665,0.4999438701933456,0.4965588110843415,0.5027201367840212,0,0.0010963302620254488
ITQ96_CENTERED,505,33,0.49854494270442046,0.4999438701933456,0.4965588110843415,0.5027201367840212,0,0.0010963302620254488
ITQ96_CENTERED,505,34,0.5005872041311538,0.4999438701933456,0.4965588110843415,0.5027201367840212,0,0.0010963302620254488
ITQ96_CENTERED,505,35,0.49888172154434685,0.4999438701933456,0.4965588110843415,0.5027201367840212,0,0.0010963302620254488
ITQ96_CENTERED,505,36,0.49836360025215237,0.4999438701933456,0.4965588110843415,0.5027201367840212,0,0.0010963302620254488
ITQ96_CENTERED,505,37,0.502633783235322,0.4999438701933456,0.4965588110843415,0.5027201367840212,0,0.0010963302620254488
ITQ96_CENTERED,505,38,0.4995725499339395,0.4999438701933456,0.4965588110843415,0.5027201367840212,0,0.0010963302620254488
ITQ96_CENTERED,505,39,0.49974093935390274,0.4999438701933456,0.4965588110843415,0.5027201367840212,0,0.0010963302620254488
ITQ96_CENTERED,505,40,0.5012564441335716,0.4999438701933456,0.4965588110843415,0.5027201367840212,0,0.0010963302620254488
ITQ96_CENTERED,505,41,0.5006476516152432,0.4999438701933456,0.4965588110843415,0.5027201367840212,0,0.0010963302620254488
ITQ96_CENTERED,505,42,0.5003885909691459,0.4999438701933456,0.4965588110843415,0.5027201367840212,0,0.0010963302620254488
ITQ96_CENTERED,505,43,0.49757346528155577,0.4999438701933456,0.4965588110843415,0.5027201367840212,0,0.0010963302620254488
ITQ96_CENTERED,505,44,0.5023531342020501,0.4999438701933456,0.4965588110843415,0.5027201367840212,0,0.0010963302620254488
ITQ96_CENTERED,505,45,0.5014550572955796,0.4999438701933456,0.4965588110843415,0.5027201367840212,0,0.0010963302620254488
ITQ96_CENTERED,505,46,0.4996718565149435,0.4999438701933456,0.4965588110843415,0.5027201367840212,0,0.0010963302620254488
ITQ96_CENTERED,505,47,0.4989982988350906,0.4999438701933456,0.4965588110843415,0.5027201367840212,0,0.0010963302620254488
ITQ96_CENTERED,505,48,0.49858380180133505,0.4999438701933456,0.4965588110843415,0.5027201367840212,0,0.0010963302620254488
ITQ96_CENTERED,505,49,0.5012219027140921,0.4999438701933456,0.4965588110843415,0.5027201367840212,0,0.0010963302620254488
ITQ96_CENTERED,505,50,0.4996416327728988,0.4999438701933456,0.4965588110843415,0.5027201367840212,0,0.0010963302620254488
ITQ96_CENTERED,505,51,0.5013643860694456,0.4999438701933456,0.4965588110843415,0.5027201367840212,0,0.0010963302620254488
ITQ96_CENTERED,505,52,0.5008505824546859,0.4999438701933456,0.4965588110843415,0.5027201367840212,0,0.0010963302620254488
ITQ96_CENTERED,505,53,0.5013946098114902,0.4999438701933456,0.4965588110843415,0.5027201367840212,0,0.0010963302620254488
ITQ96_CENTERED,505,54,0.4991796412873587,0.4999438701933456,0.4965588110843415,0.5027201367840212,0,0.0010963302620254488
ITQ96_CENTERED,505,55,0.5007642289059869,0.4999438701933456,0.4965588110843415,0.5027201367840212,0,0.0010963302620254488
ITQ96_CENTERED,505,56,0.5023185927825704,0.4999438701933456,0.4965588110843415,0.5027201367840212,0,0.0010963302620254488
ITQ96_CENTERED,505,57,0.4977461723789539,0.4999438701933456,0.4965588110843415,0.5027201367840212,0,0.0010963302620254488
ITQ96_CENTERED,505,58,0.4981390810255347,0.4999438701933456,0.4965588110843415,0.5027201367840212,0,0.0010963302620254488
ITQ96_CENTERED,505,59,0.49768572489486457,0.4999438701933456,0.4965588110843415,0.5027201367840212,0,0.0010963302620254488
ITQ96_CENTERED,505,60,0.49926167715862285,0.4999438701933456,0.4965588110843415,0.5027201367840212,0,0.0010963302620254488
ITQ96_CENTERED,505,61,0.5012737148433115,0.4999438701933456,0.4965588110843415,0.5027201367840212,0,0.0010963302620254488
ITQ96_CENTERED,505,62,0.5011959966494823,0.4999438701933456,0.4965588110843415,0.5027201367840212,0,0.0010963302620254488
ITQ96_CENTERED,505,63,0.49940416051397635,0.4999438701933456,0.4965588110843415,0.5027201367840212,0,0.0010963302620254488
ITQ96_CENTERED,505,64,0.4991839589647937,0.4999438701933456,0.4965588110843415,0.5027201367840212,0,0.0010963302620254488
ITQ96_CENTERED,505,65,0.5010232895520842,0.4999438701933456,0.4965588110843415,0.5027201367840212,0,0.0010963302620254488
ITQ96_CENTERED,505,66,0.4997063979344231,0.4999438701933456,0.4965588110843415,0.5027201367840212,0,0.0010963302620254488
ITQ96_CENTERED,505,67,0.49751733547490135,0.4999438701933456,0.4965588110843415,0.5027201367840212,0,0.0010963302620254488
ITQ96_CENTERED,505,68,0.5013427976822707,0.4999438701933456,0.4965588110843415,0.5027201367840212,0,0.0010963302620254488
ITQ96_CENTERED,505,69,0.5011182784556532,0.4999438701933456,0.4965588110843415,0.5027201367840212,0,0.0010963302620254488
ITQ96_CENTERED,505,70,0.49844995380085144,0.4999438701933456,0.4965588110843415,0.5027201367840212,0,0.0010963302620254488
ITQ96_CENTERED,505,71,0.50046199148554,0.4999438701933456,0.4965588110843415,0.5027201367840212,0,0.0010963302620254488
ITQ96_CENTERED,505,72,0.5004101793563206,0.4999438701933456,0.4965588110843415,0.5027201367840212,0,0.0010963302620254488
ITQ96_CENTERED,505,73,0.5002029308394429,0.4999438701933456,0.4965588110843415,0.5027201367840212,0,0.0010963302620254488
ITQ96_CENTERED,505,74,0.5009628420679948,0.4999438701933456,0.4965588110843415,0.5027201367840212,0,0.0010963302620254488
ITQ96_CENTERED,505,75,0.5012305380689619,0.4999438701933456,0.4965588110843415,0.5027201367840212,0,0.0010963302620254488
ITQ96_CENTERED,505,76,0.49757346528155577,0.4999438701933456,0.4965588110843415,0.5027201367840212,0,0.0010963302620254488
ITQ96_CENTERED,505,77,0.49741371121646244,0.4999438701933456,0.4965588110843415,0.5027201367840212,0,0.0010963302620254488
ITQ96_CENTERED,505,78,0.5014377865858397,0.4999438701933456,0.4965588110843415,0.5027201367840212,0,0.0010963302620254488
ITQ96_CENTERED,505,79,0.498773779608473,0.4999438701933456,0.4965588110843415,0.5027201367840212,0,0.0010963302620254488
ITQ96_CENTERED,505,80,0.4992875832232326,0.4999438701933456,0.4965588110843415,0.5027201367840212,0,0.0010963302620254488
ITQ96_CENTERED,505,81,0.4987867326407779,0.4999438701933456,0.4965588110843415,0.5027201367840212,0,0.0010963302620254488
ITQ96_CENTERED,505,82,0.5027201367840212,0.4999438701933456,0.4965588110843415,0.5027201367840212,0,0.0010963302620254488
ITQ96_CENTERED,505,83,0.501701164909372,0.4999438701933456,0.4965588110843415,0.5027201367840212,0,0.0010963302620254488
ITQ96_CENTERED,505,84,0.4965588110843415,0.4999438701933456,0.4965588110843415,0.5027201367840212,0,0.0010963302620254488
ITQ96_CENTERED,505,85,0.49933507767501706,0.4999438701933456,0.4965588110843415,0.5027201367840212,0,0.0010963302620254488
ITQ96_CENTERED,505,86,0.5005742510988489,0.4999438701933456,0.4965588110843415,0.5027201367840212,0,0.0010963302620254488
ITQ96_CENTERED,505,87,0.4993912074816715,0.4999438701933456,0.4965588110843415,0.5027201367840212,0,0.0010963302620254488
ITQ96_CENTERED,505,88,0.5000302237420446,0.4999438701933456,0.4965588110843415,0.5027201367840212,0,0.0010963302620254488
ITQ96_CENTERED,505,89,0.499434384256021,0.4999438701933456,0.4965588110843415,0.5027201367840212,0,0.0010963302620254488
ITQ96_CENTERED,505,90,0.4981347633480998,0.4999438701933456,0.4965588110843415,0.5027201367840212,0,0.0010963302620254488
ITQ96_CENTERED,505,91,0.49798364463787637,0.4999438701933456,0.4965588110843415,0.5027201367840212,0,0.0010963302620254488
ITQ96_CENTERED,505,92,0.5001079419358738,0.4999438701933456,0.4965588110843415,0.5027201367840212,0,0.0010963302620254488
ITQ96_CENTERED,505,93,0.49816498709014445,0.4999438701933456,0.4965588110843415,0.5027201367840212,0,0.0010963302620254488
ITQ96_CENTERED,505,94,0.5000734005163943,0.4999438701933456,0.4965588110843415,0.5027201367840212,0,0.0010963302620254488
ITQ96_CENTERED,505,95,0.5013039385853562,0.4999438701933456,0.4965588110843415,0.5027201367840212,0,0.0010963302620254488
ITQ96_CENTERED_SEED_AVERAGE,MEAN,0,0.5001925684135989,0.5000461361824248,0.4982763831679663,0.5014973705344421,0,0.000471139564605414
ITQ96_CENTERED_SEED_AVERAGE,MEAN,1,0.49917100593248886,0.5000461361824248,0.4982763831679663,0.5014973705344421,0,0.000471139564605414
ITQ96_CENTERED_SEED_AVERAGE,MEAN,2,0.49978325259276524,0.5000461361824248,0.4982763831679663,0.5014973705344421,0,0.000471139564605414
ITQ96_CENTERED_SEED_AVERAGE,MEAN,3,0.5009956564165005,0.5000461361824248,0.4982763831679663,0.5014973705344421,0,0.000471139564605414
ITQ96_CENTERED_SEED_AVERAGE,MEAN,4,0.5000639016260374,0.5000461361824248,0.4982763831679663,0.5014973705344421,0,0.000471139564605414
ITQ96_CENTERED_SEED_AVERAGE,MEAN,5,0.49971503328929306,0.5000461361824248,0.4982763831679663,0.5014973705344421,0,0.000471139564605414
ITQ96_CENTERED_SEED_AVERAGE,MEAN,6,0.5010146541972142,0.5000461361824248,0.4982763831679663,0.5014973705344421,0,0.000471139564605414
ITQ96_CENTERED_SEED_AVERAGE,MEAN,7,0.5001424833553536,0.5000461361824248,0.4982763831679663,0.5014973705344421,0,0.000471139564605414
ITQ96_CENTERED_SEED_AVERAGE,MEAN,8,0.5000854900132121,0.5000461361824248,0.4982763831679663,0.5014973705344421,0,0.000471139564605414
ITQ96_CENTERED_SEED_AVERAGE,MEAN,9,0.5007901349705965,0.5000461361824248,0.4982763831679663,0.5014973705344421,0,0.000471139564605414
ITQ96_CENTERED_SEED_AVERAGE,MEAN,10,0.5004110428918077,0.5000461361824248,0.4982763831679663,0.5014973705344421,0,0.000471139564605414
ITQ96_CENTERED_SEED_AVERAGE,MEAN,11,0.5002227921556436,0.5000461361824248,0.4982763831679663,0.5014973705344421,0,0.000471139564605414
ITQ96_CENTERED_SEED_AVERAGE,MEAN,12,0.5005068953308637,0.5000461361824248,0.4982763831679663,0.5014973705344421,0,0.000471139564605414
ITQ96_CENTERED_SEED_AVERAGE,MEAN,13,0.4998428365413677,0.5000461361824248,0.4982763831679663,0.5014973705344421,0,0.000471139564605414
ITQ96_CENTERED_SEED_AVERAGE,MEAN,14,0.5005397096793692,0.5000461361824248,0.4982763831679663,0.5014973705344421,0,0.000471139564605414
ITQ96_CENTERED_SEED_AVERAGE,MEAN,15,0.5002417899363574,0.5000461361824248,0.4982763831679663,0.5014973705344421,0,0.000471139564605414
ITQ96_CENTERED_SEED_AVERAGE,MEAN,16,0.5005474814987523,0.5000461361824248,0.4982763831679663,0.5014973705344421,0,0.000471139564605414
ITQ96_CENTERED_SEED_AVERAGE,MEAN,17,0.500002590606461,0.5000461361824248,0.4982763831679663,0.5014973705344421,0,0.000471139564605414
ITQ96_CENTERED_SEED_AVERAGE,MEAN,18,0.5002504252912274,0.5000461361824248,0.4982763831679663,0.5014973705344421,0,0.000471139564605414
ITQ96_CENTERED_SEED_AVERAGE,MEAN,19,0.5000846264777251,0.5000461361824248,0.4982763831679663,0.5014973705344421,0,0.000471139564605414
ITQ96_CENTERED_SEED_AVERAGE,MEAN,20,0.499623498527672,0.5000461361824248,0.4982763831679663,0.5014973705344421,0,0.000471139564605414
ITQ96_CENTERED_SEED_AVERAGE,MEAN,21,0.4998333376510108,0.5000461361824248,0.4982763831679663,0.5014973705344421,0,0.000471139564605414
ITQ96_CENTERED_SEED_AVERAGE,MEAN,22,0.5002841031752201,0.5000461361824248,0.4982763831679663,0.5014973705344421,0,0.000471139564605414
ITQ96_CENTERED_SEED_AVERAGE,MEAN,23,0.4982763831679663,0.5000461361824248,0.4982763831679663,0.5014973705344421,0,0.000471139564605414
ITQ96_CENTERED_SEED_AVERAGE,MEAN,24,0.5004360854209304,0.5000461361824248,0.4982763831679663,0.5014973705344421,0,0.000471139564605414
ITQ96_CENTERED_SEED_AVERAGE,MEAN,25,0.49962695266961993,0.5000461361824248,0.4982763831679663,0.5014973705344421,0,0.000471139564605414
ITQ96_CENTERED_SEED_AVERAGE,MEAN,26,0.5006381527248862,0.5000461361824248,0.4982763831679663,0.5014973705344421,0,0.000471139564605414
ITQ96_CENTERED_SEED_AVERAGE,MEAN,27,0.500190841342625,0.5000461361824248,0.4982763831679663,0.5014973705344421,0,0.000471139564605414
ITQ96_CENTERED_SEED_AVERAGE,MEAN,28,0.5004179511757035,0.5000461361824248,0.4982763831679663,0.5014973705344421,0,0.000471139564605414
ITQ96_CENTERED_SEED_AVERAGE,MEAN,29,0.5002391993298965,0.5000461361824248,0.4982763831679663,0.5014973705344421,0,0.000471139564605414
ITQ96_CENTERED_SEED_AVERAGE,MEAN,30,0.5000362684904537,0.5000461361824248,0.4982763831679663,0.5014973705344421,0,0.000471139564605414
ITQ96_CENTERED_SEED_AVERAGE,MEAN,31,0.5001053513294129,0.5000461361824248,0.4982763831679663,0.5014973705344421,0,0.000471139564605414
ITQ96_CENTERED_SEED_AVERAGE,MEAN,32,0.5003074186333687,0.5000461361824248,0.4982763831679663,0.5014973705344421,0,0.000471139564605414
ITQ96_CENTERED_SEED_AVERAGE,MEAN,33,0.4991356009775222,0.5000461361824248,0.4982763831679663,0.5014973705344421,0,0.000471139564605414
ITQ96_CENTERED_SEED_AVERAGE,MEAN,34,0.5014973705344421,0.5000461361824248,0.4982763831679663,0.5014973705344421,0,0.000471139564605414
ITQ96_CENTERED_SEED_AVERAGE,MEAN,35,0.5002219286201567,0.5000461361824248,0.4982763831679663,0.5014973705344421,0,0.000471139564605414
ITQ96_CENTERED_SEED_AVERAGE,MEAN,36,0.4998626978575684,0.5000461361824248,0.4982763831679663,0.5014973705344421,0,0.000471139564605414
ITQ96_CENTERED_SEED_AVERAGE,MEAN,37,0.5001183043617177,0.5000461361824248,0.4982763831679663,0.5014973705344421,0,0.000471139564605414
ITQ96_CENTERED_SEED_AVERAGE,MEAN,38,0.5004904881566108,0.5000461361824248,0.4982763831679663,0.5014973705344421,0,0.000471139564605414
ITQ96_CENTERED_SEED_AVERAGE,MEAN,39,0.5006200184796594,0.5000461361824248,0.4982763831679663,0.5014973705344421,0,0.000471139564605414
ITQ96_CENTERED_SEED_AVERAGE,MEAN,40,0.5000630380905504,0.5000461361824248,0.4982763831679663,0.5014973705344421,0,0.000471139564605414
ITQ96_CENTERED_SEED_AVERAGE,MEAN,41,0.49966926590848254,0.5000461361824248,0.4982763831679663,0.5014973705344421,0,0.000471139564605414
ITQ96_CENTERED_SEED_AVERAGE,MEAN,42,0.49946547153355264,0.5000461361824248,0.4982763831679663,0.5014973705344421,0,0.000471139564605414
ITQ96_CENTERED_SEED_AVERAGE,MEAN,43,0.49959500185660133,0.5000461361824248,0.4982763831679663,0.5014973705344421,0,0.000471139564605414
ITQ96_CENTERED_SEED_AVERAGE,MEAN,44,0.49982124815419293,0.5000461361824248,0.4982763831679663,0.5014973705344421,0,0.000471139564605414
ITQ96_CENTERED_SEED_AVERAGE,MEAN,45,0.4997029437924752,0.5000461361824248,0.4982763831679663,0.5014973705344421,0,0.000471139564605414
ITQ96_CENTERED_SEED_AVERAGE,MEAN,46,0.5005043047244027,0.5000461361824248,0.4982763831679663,0.5014973705344421,0,0.000471139564605414
ITQ96_CENTERED_SEED_AVERAGE,MEAN,47,0.4995837758952704,0.5000461361824248,0.4982763831679663,0.5014973705344421,0,0.000471139564605414
ITQ96_CENTERED_SEED_AVERAGE,MEAN,48,0.5012840772691554,0.5000461361824248,0.4982763831679663,0.5014973705344421,0,0.000471139564605414
ITQ96_CENTERED_SEED_AVERAGE,MEAN,49,0.500473217446871,0.5000461361824248,0.4982763831679663,0.5014973705344421,0,0.000471139564605414
ITQ96_CENTERED_SEED_AVERAGE,MEAN,50,0.49970380732796216,0.5000461361824248,0.4982763831679663,0.5014973705344421,0,0.000471139564605414
ITQ96_CENTERED_SEED_AVERAGE,MEAN,51,0.5004231323886256,0.5000461361824248,0.4982763831679663,0.5014973705344421,0,0.000471139564605414
ITQ96_CENTERED_SEED_AVERAGE,MEAN,52,0.4997668454185125,0.5000461361824248,0.4982763831679663,0.5014973705344421,0,0.000471139564605414
ITQ96_CENTERED_SEED_AVERAGE,MEAN,53,0.49954491679835583,0.5000461361824248,0.4982763831679663,0.5014973705344421,0,0.000471139564605414
ITQ96_CENTERED_SEED_AVERAGE,MEAN,54,0.5002184744782087,0.5000461361824248,0.4982763831679663,0.5014973705344421,0,0.000471139564605414
ITQ96_CENTERED_SEED_AVERAGE,MEAN,55,0.5005751146343359,0.5000461361824248,0.4982763831679663,0.5014973705344421,0,0.000471139564605414
ITQ96_CENTERED_SEED_AVERAGE,MEAN,56,0.5004688997694361,0.5000461361824248,0.4982763831679663,0.5014973705344421,0,0.000471139564605414
ITQ96_CENTERED_SEED_AVERAGE,MEAN,57,0.5001381656779185,0.5000461361824248,0.4982763831679663,0.5014973705344421,0,0.000471139564605414
ITQ96_CENTERED_SEED_AVERAGE,MEAN,58,0.4997564829926686,0.5000461361824248,0.4982763831679663,0.5014973705344421,0,0.000471139564605414
ITQ96_CENTERED_SEED_AVERAGE,MEAN,59,0.4999317806965277,0.5000461361824248,0.4982763831679663,0.5014973705344421,0,0.000471139564605414
ITQ96_CENTERED_SEED_AVERAGE,MEAN,60,0.49949742234657135,0.5000461361824248,0.4982763831679663,0.5014973705344421,0,0.000471139564605414
ITQ96_CENTERED_SEED_AVERAGE,MEAN,61,0.49974698410231166,0.5000461361824248,0.4982763831679663,0.5014973705344421,0,0.000471139564605414
ITQ96_CENTERED_SEED_AVERAGE,MEAN,62,0.49916496118407994,0.5000461361824248,0.4982763831679663,0.5014973705344421,0,0.000471139564605414
ITQ96_CENTERED_SEED_AVERAGE,MEAN,63,0.5014783727537283,0.5000461361824248,0.4982763831679663,0.5014973705344421,0,0.000471139564605414
ITQ96_CENTERED_SEED_AVERAGE,MEAN,64,0.49996718565149434,0.5000461361824248,0.4982763831679663,0.5014973705344421,0,0.000471139564605414
ITQ96_CENTERED_SEED_AVERAGE,MEAN,65,0.500938663074359,0.5000461361824248,0.4982763831679663,0.5014973705344421,0,0.000471139564605414
ITQ96_CENTERED_SEED_AVERAGE,MEAN,66,0.5007521394091691,0.5000461361824248,0.4982763831679663,0.5014973705344421,0,0.000471139564605414
ITQ96_CENTERED_SEED_AVERAGE,MEAN,67,0.4990742899579458,0.5000461361824248,0.4982763831679663,0.5014973705344421,0,0.000471139564605414
ITQ96_CENTERED_SEED_AVERAGE,MEAN,68,0.4990777440998938,0.5000461361824248,0.4982763831679663,0.5014973705344421,0,0.000471139564605414
ITQ96_CENTERED_SEED_AVERAGE,MEAN,69,0.5005034411889157,0.5000461361824248,0.4982763831679663,0.5014973705344421,0,0.000471139564605414
ITQ96_CENTERED_SEED_AVERAGE,MEAN,70,0.5006001571634587,0.5000461361824248,0.4982763831679663,0.5014973705344421,0,0.000471139564605414
ITQ96_CENTERED_SEED_AVERAGE,MEAN,71,0.4996943084376052,0.5000461361824248,0.4982763831679663,0.5014973705344421,0,0.000471139564605414
ITQ96_CENTERED_SEED_AVERAGE,MEAN,72,0.49957686761137443,0.5000461361824248,0.4982763831679663,0.5014973705344421,0,0.000471139564605414
ITQ96_CENTERED_SEED_AVERAGE,MEAN,73,0.5004291771370344,0.5000461361824248,0.4982763831679663,0.5014973705344421,0,0.000471139564605414
ITQ96_CENTERED_SEED_AVERAGE,MEAN,74,0.5007884078996226,0.5000461361824248,0.4982763831679663,0.5014973705344421,0,0.000471139564605414
ITQ96_CENTERED_SEED_AVERAGE,MEAN,75,0.4999127829158139,0.5000461361824248,0.4982763831679663,0.5014973705344421,0,0.000471139564605414
ITQ96_CENTERED_SEED_AVERAGE,MEAN,76,0.49918654957125463,0.5000461361824248,0.4982763831679663,0.5014973705344421,0,0.000471139564605414
ITQ96_CENTERED_SEED_AVERAGE,MEAN,77,0.4993523483847569,0.5000461361824248,0.4982763831679663,0.5014973705344421,0,0.000471139564605414
ITQ96_CENTERED_SEED_AVERAGE,MEAN,78,0.49999827292902604,0.5000461361824248,0.4982763831679663,0.5014973705344421,0,0.000471139564605414
ITQ96_CENTERED_SEED_AVERAGE,MEAN,79,0.4989957082286297,0.5000461361824248,0.4982763831679663,0.5014973705344421,0,0.000471139564605414
ITQ96_CENTERED_SEED_AVERAGE,MEAN,80,0.49933335060404305,0.5000461361824248,0.4982763831679663,0.5014973705344421,0,0.000471139564605414
ITQ96_CENTERED_SEED_AVERAGE,MEAN,81,0.5007357322349162,0.5000461361824248,0.4982763831679663,0.5014973705344421,0,0.000471139564605414
ITQ96_CENTERED_SEED_AVERAGE,MEAN,82,0.5000310872775316,0.5000461361824248,0.4982763831679663,0.5014973705344421,0,0.000471139564605414
ITQ96_CENTERED_SEED_AVERAGE,MEAN,83,0.5007970432544926,0.5000461361824248,0.4982763831679663,0.5014973705344421,0,0.000471139564605414
ITQ96_CENTERED_SEED_AVERAGE,MEAN,84,0.4996519951987427,0.5000461361824248,0.4982763831679663,0.5014973705344421,0,0.000471139564605414
ITQ96_CENTERED_SEED_AVERAGE,MEAN,85,0.5001105325423347,0.5000461361824248,0.4982763831679663,0.5014973705344421,0,0.000471139564605414
ITQ96_CENTERED_SEED_AVERAGE,MEAN,86,0.5005215754341424,0.5000461361824248,0.4982763831679663,0.5014973705344421,0,0.000471139564605414
ITQ96_CENTERED_SEED_AVERAGE,MEAN,87,0.5001191678972048,0.5000461361824248,0.4982763831679663,0.5014973705344421,0,0.000471139564605414
ITQ96_CENTERED_SEED_AVERAGE,MEAN,88,0.5010923723910434,0.5000461361824248,0.4982763831679663,0.5014973705344421,0,0.000471139564605414
ITQ96_CENTERED_SEED_AVERAGE,MEAN,89,0.4998886039221782,0.5000461361824248,0.4982763831679663,0.5014973705344421,0,0.000471139564605414
ITQ96_CENTERED_SEED_AVERAGE,MEAN,90,0.49939897930105437,0.5000461361824248,0.4982763831679663,0.5014973705344421,0,0.000471139564605414
ITQ96_CENTERED_SEED_AVERAGE,MEAN,91,0.49894562317038416,0.5000461361824248,0.4982763831679663,0.5014973705344421,0,0.000471139564605414
ITQ96_CENTERED_SEED_AVERAGE,MEAN,92,0.4997504382442596,0.5000461361824248,0.4982763831679663,0.5014973705344421,0,0.000471139564605414
ITQ96_CENTERED_SEED_AVERAGE,MEAN,93,0.4988972651831126,0.5000461361824248,0.4982763831679663,0.5014973705344421,0,0.000471139564605414
ITQ96_CENTERED_SEED_AVERAGE,MEAN,94,0.4990760170289198,0.5000461361824248,0.4982763831679663,0.5014973705344421,0,0.000471139564605414
ITQ96_CENTERED_SEED_AVERAGE,MEAN,95,0.5000872170841861,0.5000461361824248,0.4982763831679663,0.5014973705344421,0,0.000471139564605414
