question_id,N_archive,word_columns,char_columns,combined_columns,base_rep_fit_seconds,svd96_fit_seconds,itq96_fit_seconds_5seeds,query_transform_seconds,centered_doc_norm_min,centered_doc_norm_max,centered_query_norm
001be529,514,39940,59943,99915,2.030590664999977,5.365310540999985,1.0743902580001077,0.03918376699994042,0.808365816680071,1.0315036479053543,0.9099174048059765
00ca467f,486,38846,54711,93589,1.7730826760000582,5.788320497000086,1.4313599479999084,0.05129188000000795,0.845119955264961,0.9929307607037676,0.9736282730098011
0100672e,486,41054,57162,98248,2.0091243740000664,5.4102278020000085,1.474267553000118,0.03682750200005103,0.8263002057442187,1.004735991522814,0.9578064164281033
01493427,487,39327,56463,95822,1.2136631119999493,7.517009782999821,1.3372752669999954,0.04016463599987219,0.8674811593118451,1.0199277343851114,0.9615708511436077
031748ae,494,39940,57039,97011,1.275037846000032,7.648842003999789,1.7967673990001458,0.1642339190000257,0.853176988642233,1.0094675317422503,0.9895320437903464
06878be2,443,40797,61852,102681,1.624880501000007,6.245119322999926,1.0882531969996307,0.043736654999975144,0.8509100119321524,1.0131249792757404,0.9028247242126733
06db6396,479,39011,56009,95052,1.7890566579999359,4.37704025700009,1.0554547819999698,0.04889695099996061,0.7786846565785625,1.008210002883041,0.981437421768286
06f04340,503,40212,60496,100740,1.1288524619999407,4.728113954999799,1.2863177350000115,0.025729103000003306,0.8385152685441254,1.0119902846520576,0.9589292000966337
07741c44,513,38768,53232,92032,2.132008867999957,5.61974017600005,1.6305486499998096,0.04718270500006838,0.8089505286250018,1.015150221927341,0.9946380733786596
07741c45,527,38354,61140,99526,1.3677165010001318,5.250426295000125,2.4853807179999876,0.03636401400012801,0.8435433510899476,1.0184463792096483,0.9813197908246916
078150f1,551,39388,58586,98006,1.6669563640000433,3.9492054520001147,1.3847747539996362,0.03411331600000267,0.8507164430737393,1.008283061389037,0.9327698984618188
07b6f563,524,39414,56424,95870,1.6089880350000385,5.21003407399985,1.307539187999737,0.01663205099998777,0.836190073906121,1.0071163577056577,0.9479424205055148
0862e8bf,490,37377,58769,96178,1.115962632999981,3.910740622999924,1.185927776999847,0.032613798000056704,0.8222385061017068,1.0199696402039984,0.9757195682252694
08e075c7,484,39962,57926,97920,2.0218592359999548,5.108551000000034,1.6281489279997459,0.1289383910000197,0.7948600483772821,0.9974982892507139,0.9409536876333284
08f4fc43,480,39853,59997,99882,1.2729418710000573,5.517762888000107,0.9789294560002872,0.01851947399995879,0.8030901880991614,1.0078168150464213,0.9834836003534987
0977f2af,484,38409,55794,94235,1.1373340580000786,4.461186906999956,1.2278640459999224,0.025716914999975415,0.8532628406195271,1.0037848820789679,0.9075101767244547
099778bb,466,39683,58533,98248,1.6058770940001068,5.461219110999991,1.2862025250001352,0.05017274800002269,0.8476948967078438,1.0099282673476597,0.9875054722459163
09ba9854,479,39252,57391,96675,1.5574041169998054,5.058901535999894,1.246224742000095,0.022507988999905137,0.8562164022410829,1.020218919946158,0.9888111753271289
09d032c9,481,38072,59189,97293,1.391536085000098,3.975455525999905,1.2694574289998855,0.026503746000116735,0.8537129527494062,1.005346516974846,0.8753711931444687
0a34ad58,485,39874,55935,95841,1.5631563259998984,5.19179264499985,1.230880645999605,0.019065922999971008,0.8470802479784533,0.9954860843804049,0.9097207529717082
0a995998,484,39871,56026,95929,1.483571096999981,5.494716629000095,1.4522968810001657,0.03763461800008372,0.8193883913462656,1.020163039263633,0.945752934502546
0bb5a684,463,39498,56325,95855,1.4922633099999985,4.721701723000024,1.1322181549999186,0.05595809500005089,0.8617272347631524,1.0046365696024662,0.9662269483307423
0bc8ad92,443,39416,60118,99566,2.263854806999916,4.407403800000111,1.1205525959996976,0.06605277499988915,0.8463184761164516,1.0072616471752576,0.9568916528884147
0bc8ad93,486,40616,58016,98664,1.324967063000031,5.793428137000092,1.0944212790002439,0.05011365900008968,0.8162006904531477,1.0303441612882251,0.9547873226743847
0db4c65d,462,37861,57223,95116,1.6323918809998759,5.88066981299994,1.1234097650001331,0.019605809000040608,0.8609621351066197,1.0227979296899299,0.9529079233525565
0ddfec37,483,39384,61980,101396,1.6433772830000635,4.88935146100016,1.5453345280000121,0.06138911800007918,0.8177272379590818,1.0070169275794332,0.9936659968497273
0e4e4c46,481,39610,59033,98675,1.46478711199984,4.746715331999894,1.0729799550001644,0.024987824000163528,0.8420243145057177,1.0093321504032116,0.9873198798291941
0e5e2d1a,450,39143,60363,99538,1.3292383400000745,4.391342214999895,1.1588990039999771,0.07695876799994039,0.855701045008683,1.006963352311957,0.9959152026362591
0ea62687,460,39539,55747,95318,1.6425115759998334,5.1764873110000735,1.1751346149999335,0.019179763000011008,0.8392519596876665,1.0102452790077001,0.9587961725421572
0edc2aef,475,39360,57333,96725,1.8857593550001184,4.58672816100011,1.2997679470001913,0.033668653999939124,0.8389014653752441,1.000436747712508,0.9443929268002735
0f05491a,489,38707,56739,95478,4.236498495999967,5.6455904909998935,1.2976298509997832,0.026262048000035065,0.8476758162191973,1.0128042506112322,1.0041050707662562
10d9b85a,466,38512,57021,95565,1.4673732149999523,4.948420638000016,1.2619286880001255,0.027385532999915085,0.8323036304032716,1.002346155655716,0.895512176825061
10e09553,472,39700,58516,98248,1.607236475000036,3.7004303530000016,1.0277451490003386,0.034555598999986614,0.8536220735488759,1.0062257226787161,0.9860840569390593
118b2229,485,39025,57060,96117,1.1298590559999866,4.996914386000071,1.0218944449999299,0.016686273000004803,0.8499319466209627,1.0098151579581864,0.9315650132420096
1192316e,467,39240,56965,96237,1.8869227819998287,5.311674399999902,1.2735151730003054,0.10519493299989335,0.8413400786316886,0.9955913909788747,0.8855499851095143
129d1232,451,39620,57199,96851,1.4898997830000553,6.163992071999928,1.3278002839997498,0.02301388599994425,0.8523098186397167,1.0182585106165356,0.9482938575827676
1568498a,478,37990,61998,100020,1.7238527669999257,5.672456189999821,1.6103231790000336,0.035819280999930925,0.8650076603669032,1.0149611674279326,0.9177316945139159
15745da0,474,39068,56541,95641,1.7039909179999313,4.885475258000042,1.4170310360001395,0.029471404999981132,0.8472940093822268,0.9958305187681331,0.9958272216262064
157a136e,503,39231,55033,94296,1.9793106150000312,4.961633856000162,1.2856522540000697,0.021604453000009016,0.8468152936740421,1.0040970638155493,0.9858025123552112
16c90bf4,509,39157,59158,98347,1.344770095000058,5.70452298400005,1.4816508169999452,0.07285357499995371,0.8563373216692778,1.006683822348199,0.9170472852329532
184da446,473,37610,55765,93407,1.9613976630000707,7.035857900999872,1.619288859000335,0.035728313000163325,0.8641998283988674,1.0201826794128952,0.9793130522537026
18bc8abd,436,38497,57588,96117,2.3066765210000995,5.661971421000089,1.657601208999722,0.1799353170001723,0.8629505125560489,1.0034824926464139,0.9767190268950968
18dcd5a5,503,40402,56857,97291,1.3797834259999036,5.198405865000041,1.4173244700000396,0.08099488300013036,0.8444229190667586,1.0023583382234158,0.8766620229832104
1903aded,486,39053,55869,94954,1.604671647000032,5.9324736129999565,1.1279707379999309,0.0543324620000476,0.8493946779850492,1.003769651743026,0.8775843036603193
195a1a1b,515,39843,55532,95407,1.4063104750000548,3.8736054799999238,1.1832667680000668,0.02640487500002564,0.8018724294424885,1.0014749373477334,0.8993472327083657
19b5f2b3,482,38004,55588,93624,1.446444468999971,3.9107400369999823,2.203539249000073,0.02771448600003623,0.8670052954594627,1.0027421388192412,0.9644215297935015
1a1907b4,532,40414,57237,97683,0.9768251170000894,4.67248662399993,1.1484169600000769,0.04178111699980036,0.8367224611442368,1.0067415863458826,0.8847139420219963
1a8a66a6,501,39054,57007,96093,1.5141243909999957,4.686714846000086,1.2927538249998634,0.059590207000155715,0.8554226601325484,1.0144924471545718,0.9633767411269896
1b9b7252,466,38553,60372,98957,1.3127216999998836,4.785394269000108,1.5306125939998765,0.0663396739998916,0.8263371051579027,1.0007849090616383,0.9284827520307029
1c0ddc50,548,41042,61048,102122,2.0366773179998745,5.625030050000078,1.302414122000073,0.026434809999955178,0.7979548408753006,1.0053774877932267,0.9111985223742456
1c549ce4,462,39261,56301,95594,1.4488907180000297,5.731868480000003,1.6222382260000359,0.027846757000133948,0.8543780749093342,1.0013169167118938,0.981915666597789
1cea1afa,485,39108,59919,99059,2.0533581929998945,5.862418270000035,1.2058142759999555,0.07308289499997045,0.8548262230493148,1.0058192542324236,0.9950489045997146
1d4da289,506,40115,57917,98064,1.8723709590001363,5.311879521000037,1.0576005809998605,0.03739036699994358,0.8534294877056579,1.0002511930922362,0.9354551444118473
1d4e3b97,474,39475,57801,97308,2.2801183349999974,5.287341560000186,1.2699201590003213,0.05723418900015531,0.8525604722577923,1.0104347574329298,0.9592801975295808
1da05512,462,40903,62241,103176,1.9559171600001264,6.115805358999978,1.5825045089998184,0.03557445599994935,0.8457158798841814,0.996370567223262,0.9594970172563233
1de5cff2,473,40591,60583,101206,2.011687714000118,4.98799586899986,0.9869011399998726,0.03080151900007877,0.8536818282421208,1.0112542185223479,0.9640866584128215
1e043500,510,39648,58236,97916,1.1787743620000128,5.056191952000063,1.010620231000189,0.0363492489999544,0.8196764261448902,1.0001098871982368,0.9782758575084888
1f2b8d4f,522,39913,58513,98458,1.8487878989999444,6.497080131000075,1.6414736340000218,0.03581800500001009,0.8389406591323996,1.0062758062612198,0.957832756864999
1faac195,494,39400,61216,100648,1.6722310249999737,4.637191728000062,1.440974224000115,0.034345939999980146,0.8555437873031211,1.0149326426681848,0.9868890131226947
2133c1b5,523,38615,55431,94078,1.6561480469999879,6.7136544539998795,1.2552478499999324,0.11429610000004686,0.835785849356698,1.0003970705042673,0.9407785645989715
21436231,512,39656,58902,98590,1.7254901990000917,4.493196731000012,1.2071055009997735,0.049427991000015936,0.8411544288315455,1.0095936220473514,0.9941583197405853
21d02d0d,497,39922,58111,98065,1.1204078709999976,4.312767918999953,1.3761279229997854,0.025905440000087765,0.8286354750442609,1.0143415657150128,0.9272160972226637
22d2cb42,473,39564,60764,100360,0.903488778999872,4.3006256329999815,1.2583587649996844,0.020094899000014266,0.8344099907487156,1.0039216880277462,1.004249630335665
2311e44b,493,39289,56731,96052,1.7721787310001673,4.084721326999897,1.2134765909997896,0.024917945999959557,0.8582335303067837,1.006073577664722,0.9978400431057628
2318644b,523,38889,59310,98231,1.689980437000031,5.0906565650000175,1.410377230999984,0.13146994199996698,0.8656495098377907,1.0068172552319445,0.951853033393471
25e5aa4f,506,38994,56558,95584,0.9128769750000174,5.731057238000062,1.149294677999933,0.017306121999922652,0.8423306181128238,0.9980269394070893,0.9770160587998801
2698e78f,478,39362,60878,100272,1.3328636799999458,6.390670941000053,1.6505881629998385,0.05170587899988277,0.8555631315210264,1.015284973215182,1.0018313102545713
26bdc477,498,39139,54317,93488,1.036188248000144,4.4959595090001585,1.1225546220002798,0.051193746000080864,0.8342665454196738,1.0163435422199123,0.982909309004398
27016adc,491,39307,58146,97485,1.8871643029999632,6.05355575800013,1.3203467190003266,0.01925634999997783,0.8548064829860001,1.013296390347139,0.971557025096215
2788b940,475,37231,55742,93005,1.6545334779998484,4.745717626999976,1.844961592000118,0.07999855200000638,0.843969536905432,1.016261654320201,0.9560493342951151
28bcfaac,500,39422,62445,101899,1.324812976999965,5.409272271999953,1.403436936999924,0.036161870999876555,0.8447036421714379,1.004623771761043,0.9482547642727852
28dc39ac,431,38598,57902,96532,1.3223547790000794,5.47402542299983,1.1436871840001004,0.045288864999974976,0.8751931833274762,1.0047468329932912,0.94789570515835
29f2956b,496,38058,62206,100296,1.1657203400000071,4.024429364000071,1.1860209249999798,0.05255097199994907,0.8437878262873786,1.0132210601811458,0.9468396279621659
2a1811e2,479,39384,57031,96447,1.139036767000107,4.413826424000035,1.3553849990003073,0.03899281700000756,0.8511803253587832,1.0072600652677424,0.9847439214974805
2b8f3739,491,39064,55945,95041,1.9371380519999093,4.260415521999903,1.7363495540000713,0.07371963499986123,0.8469183047251191,1.0177676481663052,0.9492157049017922
2bf43736,478,38922,55902,94856,1.353082996000012,6.479401891999942,1.5143821599999683,0.08751911000013024,0.8383542139274407,0.9996009743235041,0.9895598273584238
2c63a862,529,39045,58160,97237,1.5409537319999345,4.782333107999875,1.1458891340000719,0.018065937999836024,0.8379180167390857,1.0184021399671581,0.8819912535896166
2ce6a0f2,480,39472,57487,96991,1.4402356330001567,5.251186298999983,1.6071565800000371,0.04033497900013572,0.8452565657076592,1.018720865086837,0.9050644327478211
2e6d26dc,494,38355,58261,96648,1.6521593910001684,4.715613236999843,1.3903847109997969,0.03416801999992458,0.8216974858022528,1.0075673174934536,0.9558464516709602
2ebe6c90,485,39238,56592,95862,1.0235830100000385,4.277502727999945,1.042088012999784,0.017641327000092133,0.8544381969967781,1.0174238364052397,0.9796489129742351
2ebe6c92,487,38980,60804,99816,1.8938995749999776,4.830722042000161,1.119997771999806,0.022320805999925142,0.8496250673441903,1.008610517530945,0.9188112602928805
311778f1,500,40759,57052,97843,1.1670181099999581,4.895579926999972,1.061278754,0.016989211999998588,0.8233622918581694,1.0120999920686309,0.9601528659884981
32260d93,524,38271,60300,98603,1.4649566459997914,4.361392679000119,1.2032440209998185,0.024296717999959583,0.8444468811719792,1.0208763100728517,0.9679373928426934
3249768e,475,39752,59111,98895,1.685561565000171,5.275875692,1.3950015069997335,0.0379348100000243,0.8578467013105625,1.0074724550757577,0.9436304317635166
352ab8bd,539,38855,58697,97584,1.5981402029999572,5.192828024999926,1.2055259230000956,0.073906425000132,0.820862842274467,1.019223786838784,1.002181786955021
35a27287,519,38525,54190,92747,1.5260827130000507,4.413954123000167,1.0342702259999896,0.017955742999902213,0.8560418881671942,1.0037053707251868,0.9429225973328823
36580ce8,545,39287,61010,100329,1.2452036849999786,5.19589036800005,1.5954248340001413,0.04157843099994807,0.8077203668592927,1.0249163461050368,0.9007009724708314
36b9f61e,490,39969,58261,98262,1.791983097999946,4.655657474000009,1.68818925900041,0.03544975900013014,0.8456656150523368,1.0041574459241602,0.9853398198676376
370a8ff4,498,38798,59959,98789,1.2821099759999015,4.50200555299989,1.3823094829999718,0.05283020599995325,0.8454027277669274,1.0177036052981474,0.9636111044215355
37d43f65,533,38799,57780,96611,0.9999553049999577,3.97084248200008,1.4094267910001008,0.02594731299996056,0.8572957871306607,1.0123137709991794,0.993818662029596
37f165cf,567,39734,57250,97016,1.2587265619999926,4.241274256999986,1.1863338610003211,0.016730251999888424,0.835615694191827,0.9964282438598345,0.9891654173489678
38146c39,538,38234,57604,95870,1.2870590720001474,3.8681450279998444,1.3102284330000202,0.031228413000008004,0.850003089049629,0.9950865034584376,0.8713980768853179
3a704032,479,40376,58888,99296,2.1697008619998996,6.487571382999931,1.1562843649999195,0.045683830999905695,0.8762913558211891,1.0195021655569185,0.9398690592016979
3b6f954b,470,39144,61992,101168,1.3185419369999636,5.1191754160000755,1.6646042759999773,0.038537088999987645,0.8542490368876532,1.00864252631167,0.9412598704351091
3ba21379,431,40231,60554,100817,1.4699550850000378,4.1014651279999725,0.9654368829999385,0.04314783899985741,0.8517683728468584,1.0098287679409308,0.9235376500024217
3c1045c8,542,39200,60735,99967,2.2277518739999778,4.47406971800001,1.5785514290002993,0.0800668899998982,0.8473518915554732,1.01005262634508,0.9620952344923082
3d86fd0a,526,38595,58847,97474,1.7507313869999734,5.565079395999987,1.5760785910001687,0.043264236000140954,0.8269231017954716,1.003047316979067,0.981714027736587
3e321797,490,39587,58539,98158,1.161746993999941,5.70629229899987,1.361912557999858,0.04869047500005763,0.865689497338886,1.0214513020374456,0.9537318855476707
3f1e9474,515,40307,54634,94973,1.1424182350000365,5.364835820000053,1.492206311000018,0.061320957000020826,0.8388712119895054,1.0039325097920675,0.9548833895970477
3fdac837,453,38511,58492,97035,1.5603747730001487,5.203508604000035,1.644623707999699,0.045540103000121235,0.8622160036212186,1.0195519357651348,0.9480361042655582
3fe836c9,449,39952,59126,99110,2.5748328340000626,4.3729185709999,1.4261579400003939,0.033617212999843105,0.8288955056394219,1.0064247350969484,0.9638258730375302
4100d0a0,523,39009,57191,96232,1.6405506959999911,4.412246557000003,1.1950403870000628,0.026257182999984252,0.8080145714144525,1.0020226438561364,0.9964255698980008
41275add,531,39762,58888,98682,1.626393453999981,7.10830560699992,1.7672483860001194,0.11127052400001958,0.8226329375492402,0.9956530036371147,0.9136625121694143
41698283,476,38898,58933,97863,1.582873248999931,5.387727453000025,2.0471572889998697,0.10710363099997267,0.8610085193495295,1.0146436030235912,0.9357753819798298
42ec0761,521,39047,59434,98513,1.224675366999918,4.345141597000065,1.1166792439998972,0.022266517999923963,0.8404272586885606,1.0009180002346432,0.991480982044279
4388e9dd,477,39652,57673,97357,2.086604029,7.799955640000007,1.1595915199998217,0.0361193749999984,0.8486443267662482,1.0067044692377336,0.9558219782799438
45dc21b6,485,38099,60628,98759,2.112191619999976,5.804028861000006,1.6749798450000526,0.039091325000072175,0.8527366187368096,1.014088722051893,0.9974916456457519
46a3abf7,503,39407,55831,95270,2.047420726999917,5.03951310299999,1.6685625669997535,0.03805428900000152,0.8288603944968452,1.0044430440440644,0.8994487961023676
488d3006,509,38987,59141,98160,1.5034270710000328,5.187567925999929,1.4027248859997599,0.07517445200005568,0.8503914926937702,1.0028442260236148,0.9751180206788408
4adc0475,490,40400,57060,97492,1.5017395400000169,5.2145027149999805,1.45021885999995,0.0641708269999981,0.8531354690951838,1.0017150599183342,0.9673440961824679
4b24c848,514,38896,57833,96761,2.0242109469998013,3.9164260659999854,1.3805891430001793,0.04483961300002193,0.8465834728066995,1.012091883454965,0.9862929354680744
4baee567,514,38949,59771,98752,1.8640556699999706,7.133191866000061,1.1519662359999074,0.06672518400000627,0.8226003412840038,1.0136734075673532,0.9763394797741276
4bc144e2,530,40295,59621,99948,2.068564244999834,5.262755657000071,1.4896885609998662,0.041883209999923565,0.8413542573506503,1.0118687623969445,0.9862583587321851
4c36ccef,521,38407,58095,96534,1.6979608670001198,5.138156262999928,1.7974405140000727,0.09314031100007014,0.8308874182384499,1.0235547508221359,0.986712428613872
4d6b87c8,516,40040,58488,98560,1.1546170920000804,8.739059238999971,1.3018816110002263,0.05935596099993745,0.8193519912295486,1.004848325774946,0.9872785607792025
4dfccbf7,521,39459,57697,97188,1.2522900349999873,4.281116995000048,1.255245966000075,0.05359641999984888,0.8442454310243664,1.0124985850830495,0.9503491145614682
4dfccbf8,455,39632,60251,99915,1.4187660899999628,6.330814605000114,1.1215033319997474,0.032979629999999815,0.8469890027072579,0.9946670339639132,0.9309795915815058
4f54b7c9,491,36427,54817,91276,1.4038267830001132,4.685867397000038,1.4242675950004013,0.029845304999980726,0.8287524360683648,0.9989691326673615,0.9726998976889919
4fd1909e,554,39466,58665,98163,1.1504503999999542,5.722689699999933,1.7012356109999018,0.12595707499997388,0.8430641704815106,1.0054747151504664,0.9728653981020534
5025383b,446,37158,61678,98868,1.4140977469999143,5.782905064000033,1.367170557000236,0.026876179000055345,0.8221193303200569,0.995373947397924,0.9819497377817731
505af2f5,501,39386,60142,99560,1.6745096780000495,5.570676400999901,1.6855321539997021,0.040183310000202255,0.8464937787042003,1.0146313342666682,0.935164979399709
50635ada,531,40233,59136,99401,1.260164885999984,5.139298483999937,1.1816599589999441,0.018980356000156462,0.8387725636547747,1.0109549433346638,0.9830632735411495
51a45a95,529,40579,57803,98414,1.2575472329999684,5.580059604999974,1.237210416000039,0.05278321599996616,0.8416576948329667,0.9998724377013388,0.9904354304108219
51b23612,481,38326,57771,96129,1.9351794659999086,5.074836345999984,1.4200974840000526,0.05668895500002691,0.8381249777550779,1.0049064228206483,0.9691360936701947
51c32626,490,38106,58685,96823,1.9612055430000055,6.059171372000037,1.6136346249998041,0.062476734000028955,0.8373741277795862,1.0026818687066557,0.9775826869732378
54026fce,472,40835,61536,102403,1.0512326119999216,4.080015230000072,1.1138102020001952,0.06769717299994227,0.8442720202817627,1.0294971596557845,0.888973752596223
545bd2b5,461,39097,57616,96745,1.046371233000059,5.866870501999983,1.3132669180000676,0.053896395000037955,0.8522339663432875,1.001938428621461,0.9571616939133377
55241a1f,514,39452,58496,97980,1.0439926159999686,5.280628603999958,1.17202832199996,0.03359916199997315,0.8503369361935775,1.007809855923727,0.9756631276539262
561fabcd,495,39307,63365,102704,1.8134221870000147,5.80170159499994,1.4492700789999162,0.046289845000046626,0.8573040025221099,0.9968487036678756,0.9216738160667982
577d4d32,487,40487,57801,98320,2.634069892999946,5.506158239000001,1.2942847760000404,0.08125358699999197,0.8498235888910192,1.0032766884425075,0.8476324354117366
57f827a0,495,40181,60545,100758,1.5890887310001744,5.389837213999954,1.4796000689998436,0.09853075699993497,0.8455114032321877,1.0162941296476578,0.8996874905133226
5809eb10,606,40017,56636,96685,1.292775840000104,4.824278212000081,3.012481724000054,0.05529551499989793,0.8264524636551323,1.0061510586494231,0.9943176750294195
5831f84d,422,38886,59036,97954,1.2018418279999423,4.14719272100001,1.1651732150000953,0.03071417699993617,0.8499758432112089,1.0144627401206316,0.9881963872086752
58470ed2,471,40124,59736,99892,1.7863516229999732,6.205181516999801,1.464580597999884,0.026644674999943163,0.8579710859495243,1.018423976453962,0.8954925003280281
58bf7951,616,37581,56613,94226,1.1412601539999514,5.205760929999997,1.1038208179999174,0.01695514000005005,0.8200701330999548,1.0045420180597822,0.9151879992507047
58ef2f1c,518,38011,55683,93726,1.245295427999963,4.7919437790000075,1.3319287680001253,0.03190254300000106,0.8220763656275998,1.016131716372323,0.9593063508672286
59524333,528,37343,56655,94030,0.911463342999923,3.8399976089999655,1.2041704600003413,0.033333070000026055,0.870924100265484,1.0175274021501604,0.9557667617288634
5a4f22c0,487,39511,55687,95230,2.2280322940000588,5.016527202000134,1.3929148629999872,0.08302154300008624,0.8398537119959322,1.0109248890040687,0.9646590970841653
5a7937c8,419,39137,61956,101125,2.1080113389998587,5.293904139000006,1.2332373730000654,0.043536566000057064,0.8475058897200384,1.0160994951629503,0.9526245039897203
5c40ec5b,479,40964,59762,100758,1.4784012069999335,4.241288817000168,1.26109608999991,0.11510857600001145,0.8447936140954505,1.0138234826017078,0.9889757232875109
5d3d2817,510,38544,56771,95347,1.308640127999979,5.114688125999919,1.271495591000189,0.02852434200008247,0.8283662219778919,1.0146815701433207,0.9736557977028275
5e1b23de,445,37651,58247,95930,1.2385002999999415,4.3892281509999975,1.201296266999634,0.05610248099992532,0.8351965827322331,1.0311896126398197,0.925556829421788
60036106,483,38789,56511,95332,2.094163895999827,4.381268004000049,1.285425825999937,0.03932780500008448,0.8519831153654804,1.012409497552234,0.9743948814457666
60159905,448,40065,58166,98263,1.6500025699999696,6.805041544999995,1.4179494519996751,0.04577625799993257,0.8576364830527847,0.9981722515422484,0.9538441563589216
603deb26,472,39618,60207,99857,1.4085853699998552,4.236447783999893,1.2333042019999993,0.028623350000088976,0.851393590676229,1.0200611587610804,0.9817334746625329
60472f9c,454,36921,55658,92611,2.267669903000069,6.070944943999848,1.756079346999968,0.06980104699982803,0.8569119409635736,1.0069004952939888,0.9612970098965562
6071bd76,482,39518,57352,96902,1.85610303999988,6.71262377700009,1.5854144039999483,0.027065593000088484,0.8153705652947555,1.006061873794699,0.9831086787160914
60bf93ed,494,40735,60459,101226,1.6709199330000502,6.375566344000163,1.5514791029997923,0.07087333799995577,0.8385506764683326,1.003165789316848,0.9674326361454
60d45044,541,40560,62755,103347,1.3326393629999984,5.624431769000012,1.5953827790000332,0.03773472699992908,0.8382265144851334,1.0181341883911552,0.9347662286296283
618f13b2,506,39306,56853,96191,2.021644826999818,5.469623820000152,1.4023636010003884,0.02488848699999835,0.8271929246697891,1.0010662669097217,0.9851461036800041
61f8c8f8,459,39766,56741,96539,1.5753500840000925,5.632986217000052,2.0891316020001796,0.05927687100006551,0.8364494325953541,1.0011108614548838,0.9456249013422418
6222b6eb,497,40465,59215,99712,1.7338537119999273,5.746010927000043,1.4955416270001933,0.12056157500001063,0.8339456198983719,1.0100242391646246,0.9592861753437059
6456829e,488,39873,61003,100908,2.2502505190000193,4.961952574999941,1.2072190729995782,0.02836715400007961,0.8453408763744913,1.0165419278713737,0.9665393769156785
65240037,489,40070,60122,100224,1.7213573409999299,3.9727930700000798,0.7896935479998319,0.01646464800001013,0.8463229360081679,1.0218647081384447,0.9855264943880361
6613b389,452,39713,55526,95271,1.1934204619999491,3.8376828309999382,1.2589806719995522,0.07365866199984339,0.8694730466777085,1.0007832308808962,0.9821067200564463
66f24dbb,507,38653,60091,98776,1.4091269059999831,5.6572993170000245,1.2586271549999992,0.04791365500000211,0.8514592850158789,1.0104800568758823,1.0093058340230612
67e0d0f2,510,39573,56551,96156,1.5901241199999276,5.089061179999817,1.180029599999898,0.018124516999932894,0.8514338170855422,1.0173538767999297,0.924768831991149
681a1674,476,39758,61472,101262,1.1875721440001143,4.64863261000005,1.110401925999895,0.03932469999995192,0.8493611090680352,1.0115480502724614,1.0032580462549254
69fee5aa,483,38162,57113,95307,1.6645283899999868,5.808158164999895,1.2571752549999928,0.02059693299997889,0.8413932986441537,1.007317977860904,0.978182483539492
6a1eabeb,413,38714,56135,94881,2.244728329999816,4.53490312200006,1.3819530459998077,0.02915547499992499,0.8670545276215244,1.0066996806799753,0.9865655725252207
6a27ffc2,493,39656,60041,99729,1.5213266069999918,6.570742563999829,1.197926592000158,0.020564667999906305,0.8357364276340119,1.0118156423713123,0.9952228670539732
6ade9755,513,38308,56298,94638,0.9800439349999124,4.500717145000067,1.2241010009997808,0.01740926299999046,0.8493631720619248,1.0100835281018754,1.004553060677005
6ae235be,454,40476,60737,101245,1.6216397339999276,5.4101488799999515,1.6832162100001824,0.05182369199997083,0.8195807356608694,1.0077153120384124,0.9688476527039994
6aeb4375,468,37990,60672,98694,3.5425022179999814,6.400174717000027,1.393358059000093,0.1870705740000176,0.8406869612435764,1.019250504915716,0.9851259442130768
6b168ec8,482,41125,59562,100719,1.486447073000022,5.39620121300004,1.127001854000241,0.017546384999945985,0.8151951496674017,1.0059660196900297,1.0127077000470306
6b7dfb22,471,39904,57311,97247,1.6221910640001624,4.1045900789999905,1.3095134750001307,0.0793057040000349,0.8285857310704551,1.0002767807778323,0.9014578640389954
6c49646a,429,39889,57346,97267,1.8471611370000574,5.042549323000003,1.6853974569996808,0.04082371799995599,0.8226937368419859,0.99957595355784,0.9833374309758377
6cb6f249,470,38968,59341,98341,2.3776800830000866,5.707952778999925,1.4339153240000542,0.033502064000003884,0.8429488503543865,1.0093828479633473,0.9740239762831664
6d550036,505,36756,56144,92932,1.7692546460000358,5.218897085000208,1.1828993600001922,0.016927828999996564,0.8498704106935977,1.0189566689905463,0.9397264623105912
6e984301,513,39420,55765,95217,1.4291689619999488,5.551349273999904,1.1477219369999148,0.05616015700002208,0.8440088962619648,1.0179943067257395,0.9232627640610606
6e984302,460,39115,53955,93102,1.39863371499996,5.375954757000045,1.1184158450000723,0.04186333799998465,0.8500904809309009,1.0028737697953718,0.8894894690557311
6f9b354f,500,39631,58725,98388,1.2172874269999738,4.701405566999938,1.2805058649998955,0.03503730399995675,0.8533149453850678,1.0009478221709711,0.9680040604977168
7024f17c,483,38928,58346,97306,1.4300049390001277,5.2498582729999725,1.4539414910002506,0.05475516499996047,0.8582714315873842,1.0067717216592942,0.9667847473503915
70b3e69b,495,39294,62309,101635,1.1333510310000747,6.513960225999881,1.492162496000219,0.057557517000077496,0.8544563828972616,1.0102273535387993,0.9744647741545945
71017276,614,38666,62575,101273,1.5322034189998703,7.240669103000073,1.1721593539998594,0.1482640449999053,0.8617797316337759,1.0183701261336198,0.958549016919677
71017277,493,40590,57995,98617,2.036209650000046,7.810046116999956,1.3710836580000887,0.04957930199998373,0.848001870427152,1.0059997069194446,0.9687329841472326
71315a70,514,39642,55194,94868,1.7442683469998883,5.807808251999859,1.6179346779999833,0.05539755199993124,0.846883559881651,1.0246761932328385,1.0052278347316181
7161e7e2,550,39679,59894,99605,1.5162058539999634,6.270011636000163,1.7076120269996409,0.1022805719999269,0.8627495672796491,1.0033745711230617,0.994490901002048
71a3fd6b,439,38510,58172,96714,1.6836803410001266,5.655333532999975,1.6449493799998436,0.10680360899982588,0.8167485773353,1.0334987800477415,0.9918088528238157
720133ac,466,39260,56196,95488,2.0963139739999406,5.147518212000023,1.3142629789999773,0.029530586999953812,0.8141063844407681,1.0069701088106793,0.9681227700387269
726462e0,501,39511,59256,98799,1.608786632000033,5.781721400999913,1.4029479599997785,0.029053012000076706,0.8514649251713142,1.004219815459032,0.8625226072775236
72e3ee87,496,39671,59879,99582,1.8945305249999365,5.823432895999986,1.599327796000125,0.08841003699990324,0.8554130253267797,1.010631151806291,0.9871775983710311
73d42213,516,38406,57278,95716,1.825372133999963,6.448019994999868,1.5978355179997834,0.018610173000070063,0.8041248477267123,1.0043151863697548,0.9399176116840285
7401057b,446,38696,63357,102085,2.386425598999949,4.907622920999984,1.310694115999695,0.0663945149999563,0.853300491333668,1.019011462599822,1.0028419870543783
7405e8b1,469,40289,58151,98472,2.542279747999828,5.48594028399998,1.3027370200002224,0.0507659390000299,0.7837049456640124,1.0043960233587124,0.9762838292403738
7527f7e2,490,39746,57759,97537,1.377377413999966,5.471207653999954,1.4873847200001364,0.035914921999960825,0.843835058248976,0.9978338399171492,0.9580985959942887
75499fd8,491,39082,59742,98856,1.5618250559999751,4.900188475999926,1.2040955000001077,0.031997967000052085,0.8493598156940766,1.0252023673563548,0.9872391533046775
75832dbd,474,38339,57279,95650,1.9041649529999631,4.236831964999965,1.0490040179997777,0.02287284199996975,0.8419963720626391,1.014151633705059,0.9091725749175367
75f70248,466,39778,56509,96319,1.8230266939999638,5.388848136999968,1.4858730970001943,0.03247591900003499,0.847556790739009,1.0064372911166757,0.93939089981345
76d63226,489,38978,57255,96265,1.2791341980000652,4.738305551000053,1.2582146580000426,0.07022474699999748,0.8401264709326465,1.0108632033959994,0.9302553000254534
778164c6,542,38148,57056,95236,1.5046741579999434,3.8365675820000433,0.8043200730003264,0.016203203000031863,0.7638506076463739,1.0156673958695457,0.9722187732063902
77eafa52,527,40354,58923,99309,1.4714964499999041,5.492063943999938,1.3450219490000563,0.06056875100011894,0.8310078739888297,1.0049732196977443,0.9655798046488536
7a87bd0c,506,39369,55949,95350,1.8896744349999608,6.266143833999877,1.2521560249997492,0.054500327999903675,0.8269072185715929,1.0064314228495932,0.9910315140811763
7a8d0b71,489,39694,56134,95860,1.7258746940001402,4.651148062999937,1.2277900770002361,0.04754459800005861,0.8523566141130449,0.9970039252121069,0.9369422325237943
7e00a6cb,564,39508,61539,101079,1.7420956170001318,6.10544645799996,1.549452159999646,0.05909981900003913,0.8224599120656847,1.0191105182949527,0.9109238785149901
7e974930,502,39480,61988,101500,1.8337188800001059,3.874582021000151,1.537265934000061,0.05754768399992827,0.85014606048092,1.0016058244035801,0.9932015715074298
8077ef71,554,37878,58320,96230,2.2355689840001105,4.363677078999899,1.3214524330003314,0.03599500200016337,0.8329773470944484,1.024176234997367,0.9708845574317692
80ec1f4f,487,40231,60182,100445,1.2988290060000054,4.777614668000069,1.6408230670001558,0.05188050599986127,0.8332294648808943,1.0055846119729763,0.9469213658260522
81507db6,510,39600,55684,95316,1.3985564930001146,5.617378643999928,1.652804579999838,0.07442070299998704,0.8411493800791836,1.019188496675063,0.9512198240232024
830ce83f,511,38613,56807,95452,2.0235696019999523,5.234431607000033,1.8473837880001156,0.06125245399994128,0.8695341363429034,1.0085582012582726,0.9565220452531921
8464fc84,484,39942,59303,99277,1.3877723289999722,4.707463692000147,2.5530161049996423,0.08611384799996813,0.8509391455181585,0.9997586881969515,0.9539961880788999
852ce960,396,40958,62739,103729,1.9633770319999257,4.916399960000035,1.514209651000101,0.07265515899985076,0.8556994774376924,0.9968555514865318,0.9802321876492537
853b0a1d,512,40141,61309,101482,1.1023804659999996,4.603406275999987,1.1630163769999626,0.10163582699999552,0.8523879950977798,1.0127877700761805,1.0041905054906155
8550ddae,453,38198,60823,99053,1.4102371820000599,5.412313573000006,1.320648780000056,0.0403185840000333,0.825924622341757,1.002851588353559,0.9117032390354655
85fa3a3f,493,39676,59688,99396,2.3491051510000034,5.761714288999883,1.8617766300001222,0.03831188899994231,0.853089092176488,1.013392713317047,0.977811496546612
86b68151,485,38006,53710,91748,1.2804980720000003,6.173420815999975,1.0984452019999935,0.018223164000005454,0.8383259422297583,1.0116928513221457,0.9524926752673962
86f00804,503,36926,55608,92566,1.4928409750000355,4.456029554999986,1.3091092570000455,0.060533316000032755,0.8468678395952819,1.0183861670429597,0.9434238573013924
8752c811,493,39433,61791,101256,1.8717175080000743,5.168821111999932,1.5168526279999242,0.03515145999995184,0.8494461502550897,1.004927985765085,0.9494849692186615
87f22b4a,474,40330,58162,98524,1.0523261460000413,4.605614007999975,1.1911250769999242,0.02167889599991213,0.8339743552045532,1.006008697512875,0.9345438886683586
88432d0a,479,39216,55543,94791,1.1353079269999853,4.450145843999962,1.3553691170000093,0.05193868400010615,0.8533541012707222,0.9936114549556335,0.9122197455160642
89527b6b,467,39367,60409,99808,1.4194997130000502,6.36653909000006,1.3554209359999732,0.036636114999964775,0.8659280466224893,1.0046958861555484,0.8926537965345792
8979f9ec,469,40091,56376,96499,1.8582859340001505,5.869817029999922,1.2306476500000372,0.18694882499994492,0.8462956220664668,1.000145547271358,0.959947391549129
89941a93,528,40564,57522,98118,1.7246016269998563,6.126271199999792,1.7962181800000963,0.026028273999827434,0.8549616892557423,1.0013639555655909,0.9875734843400413
89941a94,523,39992,55923,95947,1.3571157429998948,4.587682441999959,1.3924179940001977,0.03589237799997136,0.8606866464039972,1.0126099249790939,0.9815172533476019
8a137a7f,512,38820,58010,96862,1.0259786430000304,5.702702446999979,1.3352347179999242,0.02528095000002395,0.8518670529870973,1.0138283185669268,0.9916011215594417
8a2466db,508,39754,58196,97982,1.7880138670000179,6.148647286000141,1.160628864000273,0.02564767099988785,0.8244340155169775,1.0144761224070658,0.942652441255169
8aef76bc,492,38399,54864,93295,1.2470173159999831,4.1142241099998955,2.4310001960000136,0.18276743199999146,0.8328078556760099,1.0062989335745103,0.9749579167984602
8b9d4367,537,40129,57455,97616,1.5211538020000717,4.950748816999976,2.8467611430000943,0.06369361100018978,0.8472598756255221,0.997021749173341,0.9583002883839296
8c18457d,434,38204,55466,93702,1.7528638320000027,5.155413384000212,1.2710706289997233,0.10220856500018272,0.8590609589698167,1.009536942586465,0.9526173863739323
8cf4d046,468,38660,60286,98978,1.1909324320001815,4.972457801000019,1.2094292430001587,0.016534384999886242,0.8497541408577239,1.0114699307525197,0.9967418111861309
8cf51dda,454,38045,57066,95143,1.623995136999838,5.01010117199985,1.2209373890002553,0.0588408400001299,0.8442728120836456,1.0129963179443364,0.950798146352083
8e91e7d9,498,38803,57862,96697,1.4033706810000695,4.607786530999874,1.2557673389997035,0.022529081999891787,0.8512597413323,1.0138162894400935,0.9880974971981688
8e9d538c,486,39807,63033,102872,1.3319639669999788,5.200739581999983,1.2147540290000052,0.04696551000006366,0.8354092170677742,1.0070374992409055,1.010391066864315
8ebdbe50,487,38847,56931,95810,1.6700379080000403,5.034428751000064,1.1929688709999482,0.02268439700003455,0.8508801047360974,1.0090731543977665,0.9543922437678019
8fb83627,485,38518,55878,94428,2.3990941760000624,4.38761937199979,1.316022575000261,0.02716042900010507,0.850778600329627,1.0068319723602888,0.9875627427923643
91b15a6e,489,38315,60395,98742,1.4202771899999789,4.748091999999815,1.3955833700001676,0.04315511000004335,0.8518818924137933,1.0091154816287953,0.9818946055933627
92a0aa75,455,39917,57644,97593,2.2245762810000542,4.9456381970001075,1.4147293030000583,0.059814219999907436,0.8432014898041403,1.0090764291586107,0.9027660756308188
945e3d21,489,40398,57316,97746,1.610869628999808,5.718806813000128,1.4865019770004437,0.04517700199994579,0.8349515633898699,1.0122973503291817,0.9090924783032398
94f70d80,510,37666,55647,93345,1.6472310120000202,5.412735444000077,1.3775596910001013,0.110942596999962,0.8501646752839843,1.0297017000322837,0.985337023838097
95228167,507,39795,56643,96470,1.706471952000129,5.469929769000146,1.6125759090000429,0.03991718600013883,0.8399041064673337,1.0111482474670244,0.8704901477227465
95bcc1c8,487,39992,60977,101001,1.1991229989999965,3.957192986999985,1.1971306259999892,0.08127655700002379,0.8530937412150847,1.0128286468063818,0.9678916522990701
982b5123,473,39106,56046,95184,1.2582879810001941,4.326096129000007,1.1695471000000452,0.02597385299986854,0.8354801544980401,1.0299773375179821,0.9827330957461282
993da5e2,486,39653,57196,96881,1.4274959599999875,5.400521458999947,1.5112997620001352,0.020436795000023267,0.838154350817853,1.020987461556577,0.9533700285419338
9a707b81,530,39512,59944,99488,1.4287463340001523,4.809618338000064,1.4547507130000668,0.04329028400002244,0.8367600042588905,1.0103318714005292,0.8893767395655743
9a707b82,532,40517,58417,98966,2.2938729649999914,4.770357229999945,1.5412771080000311,0.08241446199986058,0.8423247341472263,1.0114685111610178,0.9243917163450449
9aaed6a3,541,39127,56775,95934,2.4056310920000215,5.302037127999938,1.7380983119996927,0.06686918900004457,0.8397410447888526,1.003032147665065,0.9933746005248878
9bbe84a2,459,39487,57732,97251,1.5914527550000912,4.032862884999986,1.2129595979999976,0.01855617399996845,0.8336045713355117,1.0167214778653701,0.9795904639739109
9d25d4e0,493,39978,54958,94968,1.6013538320000862,5.947846015999858,1.3646422319998237,0.06994094699984998,0.8506532062970856,1.0099945602768852,0.9562806580002812
9ea5eabc,537,39221,61630,100883,1.8439743370001906,6.89128678499992,1.379284093999786,0.03448994500013214,0.8443592416178026,1.0166782434159636,0.9731291738340402
9ee3ecd6,476,39621,56647,96300,2.0344039540000267,5.127900269000065,1.510781182999608,0.06360152699994615,0.839927122502895,1.0024282702725937,0.9739167201119925
a06e4cfe,534,39463,55587,95082,1.097501133000037,4.300810578999972,1.3396511129999453,0.04525742700002411,0.8248298187585336,1.0016776296327137,1.0032904605930755
a08a253f,560,38251,55374,93657,1.7003406789999644,4.630961608000007,1.2630690579999282,0.016822801999978765,0.8454987452502891,1.0185283027232306,0.976604947966549
a11281a2,457,39287,57415,96734,1.7450616300000092,4.792708931999869,1.5022707910000008,0.0321871620001275,0.8493091922300857,1.020609640280947,0.9635588649097225
a1cc6108,492,39067,56954,96053,1.5930552940001235,5.888026876999902,1.3765707779998593,0.021321596000007048,0.8531391703502115,1.0188688462303694,0.9529067969339368
a1eacc2a,474,39256,56019,95307,2.0660887389999516,7.463870410000027,1.7302552859996467,0.03451267899981758,0.8411645289448332,1.01252525521832,0.9600385562384449
a2f3aa27,448,39960,59778,99770,1.7167871900001046,4.619679514000154,1.3007228359999772,0.13222962300005747,0.8596598576662985,1.0108884975639767,0.9849061337660395
a3045048,584,38755,57020,95807,1.3002633700000388,5.570201085000008,1.763628160999815,0.11347419699995953,0.835385219313844,1.0214824247760321,0.9739943868765678
a3332713,467,38025,51158,89215,0.915113035999866,4.442033406000064,1.341307703999746,0.016820407999830422,0.8078031448018882,0.9999728209040586,0.99172442048293
a346bb18,478,41339,60117,101488,1.2133636070000193,4.657619123999893,1.2367148589999033,0.026653805000023567,0.836440058150087,1.0098414211216067,0.9250130541682032
a3838d2b,484,38292,56129,94453,1.9333420309999383,4.442766886000072,1.0144191619999674,0.02645238599984623,0.8285076143435892,1.0298605831828418,0.9830830900546759
a40e080f,529,38860,59900,98792,1.3576483970000481,4.634908608999922,1.2616142579997813,0.04481121999992865,0.8486792432845204,1.0067730095823293,0.9577290206091426
a4996e51,512,39230,55150,94412,2.0097630449999997,5.216869493000104,1.0956610159996671,0.026302290000103312,0.8424663865014561,1.0127055623982333,0.9791614709621066
a82c026e,476,40641,61562,102235,1.9450283019999688,5.339771421999899,1.454308608999554,0.05105426299996907,0.8392031730738084,1.0036669572901873,0.9503036479208963
a89d7624,496,39532,58448,98012,2.7564867700000377,6.360301709999931,1.2060339600000134,0.022005608999961623,0.8412337451441418,1.0135247461728445,0.9527296038240848
a96c20ee,489,38856,57341,96229,2.300040810999917,5.254650864000041,1.3966114800000469,0.05499055799987218,0.822414597258041,1.0047177319706009,0.9519223219707365
a9f6b44c,476,38925,56439,95396,1.6618834769999467,5.954939174999936,1.5355409150001833,0.02437934099998529,0.8551145457515752,1.0107309283966732,0.9238701871479056
aae3761f,485,38073,55715,93820,2.9089251939999485,4.406909670999994,1.3437157629998637,0.04805272499993407,0.8535944572056557,1.025147029720642,0.9551592974352601
ac031881,529,38203,56208,94443,1.626724602999957,5.212385799999993,1.6844688380001571,0.04110455000000002,0.7966404815284579,1.0164741525114818,0.9581475956717926
ad7109d1,466,37249,56904,94185,1.1230203659999916,5.902625703000012,1.393535037000106,0.025375208000014027,0.7905625397926324,1.0179898046103464,0.8672848798426614
af082822,495,38714,56465,95211,2.3096843209998497,4.085735978999992,1.2988959700001033,0.05559193499993853,0.8262206491696372,1.0316472389022344,0.938161922832085
af8d2e46,495,38993,59110,98135,1.5005648200000223,6.647931193999966,1.403775709000115,0.0411072699999977,0.8148704107105638,1.0042650755278484,0.9583737394960538
afdc33df,502,39934,59060,99026,1.3066002839998418,4.1563120900000285,1.2751435579996269,0.028365761000031853,0.8555531081968732,1.004901006080383,0.9386407714798207
affe2881,484,40349,59078,99459,1.5689177280000877,4.894530951999968,1.123390879999988,0.049775996999869676,0.8407698434237442,1.0277612366625448,0.9556930854663697
b01defab,503,39179,57671,96882,1.487928150000016,3.9917890919998626,1.379530946000159,0.01764124900000752,0.8344859724295304,1.0107167124929621,0.9867645776855768
b0479f84,502,40335,58423,98790,2.114364538000018,5.837624774999995,1.4370816819998709,0.06160307200002535,0.835867428040245,1.0102198373163154,0.8677538071136655
b29f3365,494,40723,59983,100738,1.7210582430000159,4.132351571000072,1.1041211690003365,0.018302627000139182,0.8297820081614329,1.0267743820691448,0.957759423857851
b320f3f8,463,40556,62558,103146,1.8248528920000808,5.806752421000056,1.46667395999998,0.044424520999996275,0.8563139455527661,1.0108204660079596,0.9271572725309731
b3c15d39,502,37364,56818,94214,1.7473203019999346,5.183805913000015,1.6075024079998457,0.05614576199991461,0.82989680153115,1.028018533486476,0.978862184790292
b46e15ed,478,39398,57966,97396,1.7904737789999672,6.722735155999999,0.982550331000084,0.0174915410000267,0.8064890653974045,1.008253274005512,0.9337425718569256
b46e15ee,457,39580,61608,101220,1.8460299030000442,7.55888605899986,1.197119776000136,0.10979385299992828,0.8703696177036662,1.0039020097736095,0.9493829552842583
b5ef892d,516,39388,55010,94430,1.8271175849999963,6.072262107999904,1.528907191000144,0.043198485999937475,0.8429315359921854,1.007493620567591,0.914910350783803
b6019101,510,40725,57808,98565,1.80741127400006,5.828143476999912,1.7679399690000537,0.03341203400009363,0.8477911181886707,1.0077334790321613,0.981881423459324
b6025781,460,39462,60651,100145,2.476452262000066,6.456241887000033,1.193398249999973,0.025294024000004356,0.859794000335652,1.0140456089599286,0.9497878294274925
b759caee,516,40905,57570,98507,1.746353216000216,5.882539534999978,1.3913133470002776,0.0644943909999256,0.8329698923789037,1.0044914151784834,0.899052771624528
b86304ba,456,39271,59183,98486,1.43545592199996,4.87882979799997,1.3970758549999118,0.02311127400002988,0.8150258339394,1.0062240382546472,0.9532308783893432
b9cfe692,492,37555,54663,92250,0.8297677729999577,3.717834923000055,1.2508042860004025,0.03020221999986461,0.8328167280882925,1.0063385273934289,0.976746543228326
ba358f49,409,38923,60256,99211,1.6692377829999714,4.4581328839999514,1.5813858970000183,0.10109222999994927,0.8496787675931187,1.0231332486244817,0.9497778137582639
ba61f0b9,454,40403,62222,102657,1.173765246999892,4.3821498459999475,1.1867841010000575,0.027076674999989336,0.8078000471770769,1.0076011788465116,0.9902983066858256
bb7c3b45,495,38960,57851,96843,1.5583572400000776,3.9602106729998923,1.1412442089999786,0.04673315700006242,0.7936214097866474,1.0162189593148183,1.003089091453434
bbf86515,487,38051,57395,95478,1.1183061459998953,5.155260290000115,1.5546921719999318,0.12132247399995322,0.8292250869354733,1.022272167238714,0.9758209854526132
bc149d6b,467,39401,57287,96720,2.383752801000128,5.374739822000038,1.258366611999918,0.04796474399995532,0.858787967978632,1.0027461169355356,0.9423170992109126
bc8a6e93,537,40949,60985,101966,1.0831497820000777,6.10872409000001,1.4873697639998227,0.08445242100003725,0.841733975880824,1.0078951845748803,0.9690979159221048
bcbe585f,453,37705,57062,94799,0.9720188250000774,4.245059943999877,1.1770061699999133,0.04384993600001508,0.8640513460309355,1.019062957901724,0.9785346763515314
bf659f65,516,39337,56831,96200,1.543748598999855,4.962313865999931,1.3001031049998346,0.032648590999997396,0.8341781094665116,1.0025234641376373,0.9689500293652512
c14c00dd,492,40493,56895,97420,1.3740252139999711,5.522957707000046,1.5303856369998812,0.06233069200004593,0.8470438600031343,1.0064245494889257,0.8719190363625418
c18a7dc8,509,39331,54895,94258,1.8499929540000721,4.492563524999923,1.3523465249998026,0.08822738100002425,0.8371139203229653,1.0096107616520675,0.939759103117102
c19f7a0b,478,38384,57089,95505,1.4960474599999998,4.78541936900001,1.4199285490000193,0.040264322999973956,0.8549383977281844,1.0236456526570854,0.8989704443605923
c2ac3c61,528,39787,57826,97645,1.4944771230000242,5.785575398999981,1.356348179999486,0.04961669899989829,0.8468059576084609,1.0118922901761995,0.9817195404134852
c4a1ceb8,488,39414,55690,95136,1.5674798439999904,6.247992910999983,1.6524982080002246,0.04998697699988952,0.8735204476595201,1.0094807142231037,0.9174814038397993
c4ea545c,490,39160,58296,97488,2.2799449470001036,4.821089425000082,1.5816122429998813,0.040942725999912,0.8455105362766381,1.0133256748568058,0.9585030810801505
c4f10528,485,39290,56467,95789,1.283560252999905,6.180752783999878,1.4610514660002991,0.06828530600000704,0.8517081392981088,1.0218425157042834,0.9551886198686329
c5e8278d,469,37308,51400,88740,0.9639310579999574,4.203242879999948,1.1590991100000565,0.023683337999955256,0.8614353648327236,1.0229984778870371,0.9866788835784547
c6853660,477,40130,58249,98411,1.5270693439999832,4.507278954999947,1.1824325869999939,0.021720846000107485,0.8550254536996011,1.0055488700841675,0.9571317183616503
c7cf7dfd,520,38431,56047,94510,1.6953389929999503,4.505968334000045,1.4172822610000821,0.0705907040000966,0.85378714597148,1.009638209222195,0.9853949662339748
c7dc5443,478,39098,57482,96612,1.7729967899999792,4.404476263000106,1.111250987999938,0.029532071999938125,0.8448853870109835,0.9949064032114447,0.9805056158643063
c8090214,459,38568,61677,100277,1.174738380000008,4.160085542000161,1.303903228000081,0.07095940499993958,0.8383994471813335,1.0000446301272283,0.9553522975526622
c8c3f81d,487,39669,59559,99260,1.3983462509999072,5.06285185999991,1.2532482640000353,0.09184057699997084,0.8205989267676714,1.004370291210554,0.9829630206887938
c8f1aeed,504,38972,59472,98476,1.819925454999975,5.503921422000076,1.3171707770000012,0.05461124900011782,0.8317973516604006,1.0233785520833323,0.923352027915488
c960da58,504,39756,64494,104282,1.6286787919999597,5.516983808000077,1.465314201000183,0.04612819900000886,0.8393764570173727,1.0115348028952742,0.9913891094797387
c9f37c46,511,38950,57536,96518,1.7986247070000445,5.205146554000066,1.7372020979998979,0.035329234000073484,0.8451727497178552,1.0182646489466574,0.9766245050833873
caf03d32,493,40792,64911,105735,1.0379759480001667,4.167756056999906,1.1806545159995494,0.028208062999965478,0.8571707958839458,0.9996466999591557,0.9567248413471303
caf9ead2,466,38710,55929,94671,1.365759664000052,5.274463314000059,1.3024655929998517,0.050224310000089645,0.8531664501774352,1.017632948300692,0.9633135009676361
cc06de0d,462,39295,55913,95240,1.2872827759999836,5.488074281999843,1.5210558420001234,0.06018143699998291,0.8411838544554703,1.009984609775801,0.9804157027038639
cc539528,496,39671,58503,98206,1.439257753999982,4.194956223999952,1.277537563000351,0.19516767499999332,0.8494638755535417,1.020111840070997,0.9781741002140394
cc5ded98,493,37570,61083,98685,0.9476873870000873,5.271914194999908,1.5826338300005318,0.16650731100003213,0.8365810011103905,1.026889897990321,0.9753917354617523
cc6d1ec1,457,39157,60668,99857,1.7333977969999523,5.919428566000079,1.5005595640002412,0.025152099000024464,0.8424113116716864,0.9976684119485195,0.9688823303737657
ccb36322,471,39357,57844,97233,2.087698608000096,5.3551321630000075,1.0255020279998917,0.017158187000063663,0.8481822791107337,1.0066318947716457,0.894361619514521
ce6d2d27,521,38488,59334,97854,1.5495657269998446,6.79911813700005,1.6635103860000982,0.0797434720000183,0.8535340893210245,1.0150820048772562,0.950023687196347
ceb54acb,493,39462,61247,100741,2.0593907659999786,5.946011252999824,1.6316545990000577,0.1547916989998157,0.8236129259498972,1.0060399202004153,0.8722910332950867
cf22b7bf,550,38495,55975,94502,1.8102867059999426,4.571761800999866,1.5239975659999345,0.040927031999899555,0.8250115973779751,1.0120019282616897,0.928618849336417
d01c6aa8,429,40077,57068,97177,1.7147537630000897,4.778664314000025,1.3026113570001598,0.038422042999854966,0.8388759488123347,1.00879905202897,0.9904232028011631
d23cf73b,512,37724,54598,92354,1.102782305999881,4.622082013999943,1.2191862169997876,0.016572762000123475,0.8543695455561249,0.9959496267431701,0.8790652022146781
d24813b1,485,37397,55314,92743,1.3904089979998844,4.437045119000004,1.5622243129998878,0.049587795999968876,0.8610697355749302,1.0246511500473323,0.874849809107707
d3ab962e,530,38661,55859,94552,1.6907429049999791,4.236169963000066,1.202153827000302,0.05270073399992725,0.8301818117890364,1.0114267509509909,0.9513056229540882
d52b4f67,479,40165,60336,100533,1.3407233230000202,5.200008862999994,1.4971158029999287,0.06429118200003359,0.845261751318669,1.0149391029786246,0.9746896525713671
d596882b,474,39133,57235,96400,1.841450917999964,5.096165213999939,1.4961839550003333,0.059778131000030044,0.8569264176350134,1.0037174096255814,0.8883088458099471
d6062bb9,532,40311,56272,96615,1.4038803729999927,4.97449854499996,1.3750406809995184,0.037784939999937706,0.8630858451405933,0.9945993950021421,0.9597328034446438
d6233ab6,437,39860,63173,103065,1.8570072160000564,6.560531395999988,1.5005591479998657,0.08210134099999777,0.8461969981211064,0.9987738655657407,0.8806046099242596
d682f1a2,469,40092,62428,102552,1.793502989000217,5.424731479000002,1.1566755600003944,0.02877776500008622,0.8598219617966775,1.0104951003722706,0.9217898446850047
d7c942c3,520,40202,59272,99506,1.4904709669999647,6.24153605399988,1.5073633889996927,0.07369498600019142,0.7924593975158868,1.0181544516438674,0.9607567578616659
d851d5ba,533,38450,56173,94655,1.6020611059998373,5.887443722000171,1.5289446609999686,0.018016174999957002,0.8163474333381168,1.0044086344659602,0.9710279618793399
d905b33f,504,38920,56560,95512,2.4499007489998803,5.673114985999973,1.161134495999704,0.04976854100004857,0.8545126972366369,1.0178465237818555,0.9281701958128883
dad224aa,521,39434,58404,97870,0.9701245339999787,4.406227873999796,1.2888208589999977,0.02725728799987337,0.8334843175027882,0.9986289848027219,0.973176738312255
db467c8c,475,39710,58479,98221,1.8292921939998905,5.95473089699999,1.355373347000068,0.04093724800009113,0.850187954078977,1.0056985080856757,0.9518047620560566
dc439ea3,476,39552,60005,99589,1.5217477510000208,4.745938486000114,1.3032622789996822,0.027683033000130308,0.864644616667613,1.0168776978305236,0.9420547103081527
dccbc061,505,39613,59967,99612,1.5679539599999543,5.471833812,1.588540633000207,0.03317845399999442,0.8354677378351975,1.0258717034223754,0.9682706729597066
dcfa8644,470,38013,57723,95768,0.946671570000035,5.017192382000076,1.375882997999497,0.02044606100002966,0.8367474788404288,1.0101389088153934,0.9810894907241661
dd2973ad,516,39052,57233,96317,1.4128768909999962,5.632844715000147,1.9355865620002533,0.034077132999982496,0.8458354010140395,1.020781988510219,0.9279862085121299
dfde3500,480,39809,57339,97180,1.4766181979998692,6.410826588999953,1.2357273089996852,0.021647773000040615,0.8384511253919104,1.010659052738122,0.9720903258833931
e01b8e2f,523,40285,58364,98681,1.746356053999989,5.4374580590000505,1.2812551190002068,0.0382487230000379,0.8579011701427313,0.9923685816507816,0.9132637963267236
e25c3b8d,530,39372,55909,95313,1.5597581600000012,4.818381964999844,1.1493139669998982,0.04708150500005104,0.8384762611701607,1.0058008556846,1.0076000783014527
e3038f8c,458,38596,55871,94499,1.7376593009998942,4.40700601399999,1.5538222079999287,0.04285740199998145,0.8571707619133972,1.0247658242152353,0.9652131567111748
e3fc4d6e,519,40192,59692,99916,1.998460482000155,5.134483058000114,1.494637165000313,0.047216085000172825,0.847441858727627,1.0149011993323738,0.9243135440084617
e47becba,550,39251,56544,95827,1.1589208709999639,5.181187115000057,1.164094887000033,0.02358151999999336,0.8334608834936335,1.0191813202575128,0.9647995139018505
e48988bc,530,40789,58068,98889,1.9391210979999869,5.0337053260000175,1.0194919900002333,0.04281781600002432,0.85209057768871,1.0112355061118032,0.9520669215330699
e493bb7c,506,40466,57080,97578,1.5006885999998758,6.093321908999997,1.4159715240000423,0.056214043000181846,0.8572445978275304,0.9964944386509179,0.9836825106244826
e4e14d04,461,39713,59720,99465,1.251767233999999,4.677232959000094,1.7491908710001098,0.051522519000172906,0.8443385012185795,1.016288369073256,0.9810091012848728
e56a43b9,448,39216,60716,99964,1.0512263939999684,5.061553532000062,1.5285231810000823,0.03142456000000493,0.8646388292204994,1.0012529534335413,0.9916745733482072
e6041065,493,38937,55929,94898,1.7721371630000249,6.521367599000087,1.2962107070002276,0.16331962899994323,0.8516913988226015,1.0052393234967911,0.9585730648132241
e61a7584,496,39105,53830,92967,2.2204329260000577,5.63470845400002,1.2122066459999132,0.04272752799988666,0.8371560441276461,1.024587087690845,0.9915896609143392
e66b632c,506,38111,57396,95539,1.3995657349998964,4.744809766000117,1.2990084120001484,0.06005207800012613,0.839286221455508,1.021804647771763,0.945004435424679
e831120c,481,38769,58822,97623,1.8105952630000957,6.394484382999963,0.9643247680000968,0.03781757199999447,0.8174382252293092,1.0283269306511569,0.9805532563001023
e8a79c70,483,39496,57956,97484,1.5412870979998843,5.610963703999914,1.3051851399998213,0.028551314999958777,0.8612544402622785,1.0125217498358272,0.9480722963839425
e9327a54,533,38066,57617,95715,1.5621940140001698,6.0232733870000175,1.3979627849996632,0.03370934700001271,0.8493275236347996,1.0072681378800878,0.9300005721051742
e982271f,589,39677,56095,95804,1.5393670199998724,5.32086075899997,1.411502222999843,0.08288235899999563,0.8331128411557527,1.0202400452793152,0.9896599155349721
eac54adc,464,38993,59612,98637,0.9269870660000379,4.893624031999934,1.386701715000072,0.03873221300000296,0.8338796659897506,0.9997248751363519,0.9110264549358654
eac54add,476,38919,55190,94141,1.9396219299999302,4.689383961999965,1.2573317350002071,0.029628059999822653,0.8538064621274501,0.9986364426006602,0.9566839332695807
eaca4986,513,38675,56955,95662,1.6978811100000257,5.54401236700005,1.4470938140000271,0.056892719999950714,0.8381295076533463,1.0144457112625127,0.9133265869376584
eace081b,489,39924,59861,99817,1.6105095069999606,4.5844449830001395,1.3136161969998739,0.03256675000011455,0.8486296764764615,1.0033210199689402,0.9976188035835792
ec81a493,495,40413,53376,93821,2.5580424469999343,5.504334665999977,1.3109074519998103,0.025313355999969644,0.8720734797695295,1.0140075251447065,1.0208337274021166
ed4ddc30,543,39121,58405,97558,2.5675946590001786,4.629402504999916,1.2791073260000303,0.03494127799990565,0.838600329555189,1.0113212955167692,0.9842542584581166
edced276,482,40010,62018,102060,1.4910839319998104,5.185655792999796,1.4051360079999995,0.028796672999988004,0.8321029715862747,1.0149080092154923,0.9108730481984655
eeda8a6d,513,39800,57877,97709,1.6674309500001527,4.663377830000172,1.7830726520001008,0.04174943899988648,0.845345966411577,1.0084072090899836,0.9881571188592314
ef66a6e5,445,38892,57827,96751,1.8381740559998434,4.968594651999865,1.5037031870001556,0.04066818299997976,0.8460200809919796,1.010465384927358,0.9685333410781936
ef9cf60a,522,40005,62543,102580,1.070929834000026,4.990877912999849,2.603587001000051,0.08392931900016265,0.8500302001584277,1.020613341179487,0.9624078232326959
efc3f7c2,497,40511,61623,102166,1.4395974369999749,4.7027378949999274,1.5266621699997813,0.05149451399984173,0.8580246965180086,1.0089526115932617,0.9627155615172116
f0853d11,500,39356,58281,97669,1.8998627319999741,5.945045972000116,1.311979316000361,0.0567532749998918,0.8304438254788439,1.0121356272139979,0.9781232219922592
f0e564bc,508,39148,57349,96529,1.8682531270001164,4.010380568000073,1.2581891029999497,0.026757067000062307,0.8308180705237361,1.004170961261587,0.9577007603765769
f35224e0,515,39810,59373,99215,2.0297040670000115,5.445991656999922,1.2800275259996852,0.025591704999897047,0.8389936082074108,1.0172563844836915,0.9565564294627288
f4f1d8a4,585,40168,57576,97776,1.296746383000027,4.091666217000011,1.3928651789998412,0.056408796000027905,0.8578458722227006,1.0152604978394757,0.9605327673586146
f523d9fe,484,40574,58346,98952,1.7767527959999825,4.880750273999865,1.127316399999927,0.07082922000017788,0.8386398404279225,1.0107570861222415,0.8893304084128647
f685340e,424,38030,57310,95372,1.3436624579999261,4.998037311999951,1.5204144480001105,0.09790423699996609,0.8609908878859801,1.0129385455136928,0.9808967251625162
f8c5f88b,487,39350,55867,95249,1.1022728899999947,4.124834934999967,1.3449942140001667,0.05476544999999078,0.8354011222731732,0.9981154744120107,0.9816077630826895
f9e8c073,504,40666,58682,99380,2.4217409039999893,4.976089850000108,1.5446993790001216,0.04720064299999649,0.8203940645452765,1.0059515057862887,0.9689341554211561
faba32e5,473,40103,57504,97639,1.0643296849999615,4.779208130000029,1.2970309459998361,0.13031598400004896,0.8641327266206255,1.0053628808024409,0.9725808496518731
fca70973,442,38912,61004,99948,1.633469451999872,7.849121986,1.231901603000324,0.0608618399999159,0.8250645493803894,1.0106031196834069,0.9468001380746308
fca762bc,459,38989,57844,96865,2.0295232840001063,4.98493205800014,1.284155998000415,0.052454462000014246,0.8728795730311365,1.005473268381264,0.8979892780820684
fea54f57,527,41431,62524,103987,1.5767538860000059,4.461312241999849,1.299854139999752,0.0759794119999242,0.810839459528186,1.0062716417480064,0.9382583895984061
gpt4_0a05b494,506,38572,58063,96667,0.9549575990001813,5.858888239999942,1.227203242000087,0.06499260800001139,0.7914500885093846,1.003678750373604,0.9385493912583178
gpt4_0b2f1d21,497,38966,63904,102902,1.36274216899983,6.1340759400000024,1.395837094999706,0.06610484900011215,0.833526766141725,1.0224705996717216,0.9897008687878904
gpt4_15e38248,470,38281,55903,94216,0.8408748960000594,4.100361980999878,1.3047083260000818,0.05317407899997306,0.8570904562974792,0.9979239369826459,0.9146434033853355
gpt4_18c2b244,495,39803,54733,94568,1.3904516989998683,4.714458245999822,1.2309196979999797,0.04756379800005561,0.85229159910243,0.9997967417173518,0.9475131671736479
gpt4_1916e0ea,533,40335,60191,100558,1.0364848149999943,4.8093343240000195,1.1493054249995112,0.044107805000066946,0.8386371280265761,1.0071576365869315,0.9065579137635963
gpt4_194be4b3,474,38545,58072,96649,1.9761077440000463,6.0527135769998495,1.7080304289997912,0.04502405399989584,0.851931107536146,0.9974546252027475,0.9577146405375396
gpt4_1a1dc16d,453,39213,56137,95382,1.0858482029998413,5.831466364000107,1.20479395700022,0.06099535099997411,0.8198430908315119,1.0097986783521415,0.9448056239533933
gpt4_1d4ab0c9,483,39753,63047,102832,2.195409466000001,5.855445801000087,1.4442555489999904,0.0827674049999132,0.7983727679181168,1.0189883695648596,0.9595797160162077
gpt4_1d80365e,517,40781,59881,100694,2.079068002999975,5.402913009000031,1.2961714219998157,0.026125452000087535,0.823437207650538,1.0165857321517024,0.9806041278871294
gpt4_1e4a8aeb,479,38070,56805,94907,1.2846461369999815,4.173877679000043,1.226880693999874,0.017334272000198325,0.8503369827655706,1.021530025051553,0.9474644426824113
gpt4_1e4a8aec,498,39694,58940,98666,4.044826062000084,5.617799916999957,1.101621038000303,0.01746013399997537,0.8471717637988492,1.0039082441671119,0.9639440559915669
gpt4_213fd887,446,39392,58843,98267,2.4692439530001593,4.038214093999841,1.196324004999724,0.03495395599998119,0.8691275250096407,1.0144040576479942,0.9714524801987708
gpt4_21adecb5,511,40220,59288,99540,1.5017370059999848,3.808871769999996,1.2404855409997708,0.051561592000098244,0.8309254067842168,1.0077086881394133,0.9336826193636547
gpt4_2312f94c,467,38678,58395,97105,1.2384379480001826,4.897646428000144,1.459959309000169,0.042759316999990915,0.8400580707671341,1.024122625356202,0.9835493638726649
gpt4_2487a7cb,495,38428,54332,92792,1.1954611849998855,3.8061003430000255,1.1681050780002806,0.018331470000021,0.8471589269309647,1.0152638422348954,0.9366175223715172
gpt4_2655b836,465,39638,57308,96978,1.3769040110000788,5.385434438999937,1.3055602420001833,0.03640036199999486,0.8522024338185467,1.002342021686275,0.9459600589349761
gpt4_2ba83207,502,39997,58965,98994,1.1325536860001648,4.863344697999992,1.4709655009999096,0.07034982699997272,0.8306839657945461,1.0160352824428336,0.916337562171529
gpt4_2c50253f,591,39329,56029,95390,1.7467359590000342,5.103648922000048,1.4388515810001081,0.06243475299993406,0.7951710888207482,1.0234332139281037,0.9284301094546539
gpt4_2d58bcd6,483,39079,58858,97969,1.2378657209999346,4.1202453589999095,1.0669621790000292,0.020885098999997354,0.8345620202424822,1.0248734908716586,0.9781648790350466
gpt4_2f56ae70,458,39219,59167,98418,1.2847660899999482,4.583131744999946,1.2283071309996103,0.03639759099996809,0.8712802634474247,1.0169014282572275,0.8833408399630724
gpt4_2f584639,472,38484,57886,96402,1.7862348590001602,5.039163916999996,1.0898548350003239,0.05114552999998523,0.8388535891740646,1.0313036265079119,0.9880506880225155
gpt4_2f8be40d,474,39224,56144,95400,1.1123953409999103,4.510808850000103,1.4115106300000662,0.031166008000127476,0.8353861673545023,1.0128377926105945,0.9366289682130021
gpt4_2f91af09,515,38924,55520,94476,1.6004164679998212,5.103338760000042,2.123925935999978,0.05873257999996895,0.8475711945491838,1.010304899744683,0.9421360014235355
gpt4_31ff4165,457,39055,57319,96406,1.2790971469999022,5.46748016100014,1.4936317630001668,0.05660462699984237,0.8647855405558899,0.9993232627451356,0.9081739047876797
gpt4_372c3eed,465,38613,56740,95385,1.7265008519998446,5.263290696000013,2.0093706230002226,0.03399628900001517,0.8503544583066571,1.0063598861288579,0.919236689786364
gpt4_385a5000,493,38378,58898,97308,1.6085991209999975,4.413660794999942,1.4739470609999898,0.02941568799997185,0.8454471297410947,1.0283238208257302,0.9695906266161359
gpt4_45189cb4,501,39588,56979,96599,1.243120695000016,4.05043081000008,1.1828337669996927,0.027452437999954782,0.8275171134677893,1.0104094007983604,0.9506582574408844
gpt4_468eb063,498,37974,59874,97880,0.8478519160000815,3.7966423569998824,1.413948813999923,0.05267396300018845,0.8171742651613078,1.0108780485512265,0.9686694287760396
gpt4_468eb064,460,39234,57522,96788,1.3939515449999362,5.626203130000022,1.1277030490005018,0.01887449299988475,0.8468923686819613,1.0010446909450423,0.9689527708847384
gpt4_483dd43c,532,40958,63408,104398,1.1425152720000824,4.59821461599995,1.1508497909999278,0.0304894600001262,0.8376122052481813,1.0015285488365784,0.9641681452375543
gpt4_4929293a,486,39974,55504,95510,1.2662123909999536,4.981541195000091,1.8049173839995092,0.04050095500019779,0.8431883382009312,1.0124741130582746,0.9909964332897537
gpt4_4929293b,469,39955,57840,97827,1.4731805800001894,5.612009324000155,1.1438567159998456,0.03513079399999697,0.8548805907993797,1.001056106708843,0.8980481897978687
gpt4_4cd9eba1,500,40543,56714,97289,1.617622468000036,4.4904651920001015,1.1914560119998896,0.02562354199994843,0.8584179388043099,1.0120445031985148,0.9326380404516713
gpt4_4edbafa2,460,39823,58204,98059,1.4684265469998081,3.9099467799999275,1.5362077600002522,0.13324809599998844,0.856239421381762,1.0038901127731732,0.9715898428102168
gpt4_4ef30696,520,39619,58452,98103,1.512132961999896,5.217065132000016,1.4839662169999883,0.02775722000001224,0.8472601596341262,1.0165058400714757,0.9227380502057254
gpt4_4fc4f797,472,38032,56110,94174,1.422938522000095,4.188816501000019,1.1995581610003683,0.02389034999987416,0.8421737857302257,1.0072941033281968,0.9785394536904339
gpt4_5438fa52,513,38693,56933,95658,1.0094286349999493,4.913044677000016,1.6486616039996989,0.04655146999994031,0.8484868405240582,1.0158166919494918,0.9131516560521546
gpt4_5501fe77,516,38957,53102,92091,1.5686840620001021,4.440099769999961,1.4517150829999537,0.031917755999984365,0.8453015028938743,0.9969110680195752,0.932349391946939
gpt4_59149c77,484,40216,59189,99437,1.497934745000066,6.9438366319998295,1.6580277619996195,0.09983231299997897,0.8453182181381163,1.0011639746839782,0.9728547923826084
gpt4_59149c78,497,41296,61144,102472,1.9975923800000146,4.799624834999804,1.3374264349995428,0.0497375910001665,0.842674801088629,1.0293445058150603,0.9428314206391453
gpt4_59c863d7,481,38109,57242,95383,1.8999628200000416,4.936084194999921,1.5301408909999736,0.05480383899998742,0.8601596772828998,1.0054373920706596,0.9497126871242966
gpt4_5dcc0aab,547,38561,55879,94472,1.412873331000128,5.74370035600009,1.5947791930000221,0.021484541000063473,0.8306641233951667,1.009118976161037,0.9625699900287028
gpt4_61e13b3c,467,39376,58419,97827,1.4229325139999673,3.9554964920000657,1.202586291000216,0.03073546699988583,0.8564418868305823,1.0101589223881755,0.9491436538261633
gpt4_65aabe59,452,38639,58389,97060,1.200539015000004,4.161301567999999,1.2211327540001093,0.016213998000011998,0.8587467343549459,0.9992669048323951,0.9644772268552786
gpt4_68e94287,491,38376,54879,93287,1.7541465580000022,5.255812480000031,1.244090763000031,0.03837281999994957,0.8151347209557113,1.0127240828260224,0.9447676074295697
gpt4_68e94288,459,38270,57500,95802,1.3310135600002013,4.888627750000069,1.3785493200002747,0.20523042800004987,0.8603053178305579,1.0122172557967888,0.9526195903021488
gpt4_6dc9b45b,565,37826,57268,95126,2.1093949979999707,4.167833454999936,1.6710361040002226,0.07347045500000604,0.8294506535106135,1.02967856904368,0.9903316766129204
gpt4_6ed717ea,489,39563,54336,93931,1.8724817610000173,5.514478493999832,1.28540251000004,0.021273992000033104,0.8416990993603375,1.0106432749157743,0.9730587147773947
gpt4_70e84552,467,38283,58028,96343,1.505189952000137,5.000787448999972,1.1501741839997521,0.027654504999873097,0.844858502076497,1.007769932932931,0.9591411374631835
gpt4_731e37d7,525,37821,57224,95077,1.6556077230000028,4.333153733000017,1.4520142859998941,0.05877102900012687,0.8293185560532439,1.0211174497623514,0.9683461613905411
gpt4_74aed68e,480,39256,57342,96630,1.0747739840001032,4.120108856999877,1.1550961949999419,0.01716710999994575,0.8339028519824236,1.0061709193295454,0.9829485163146486
gpt4_76048e76,482,37726,55675,93433,1.424832748999961,5.0168271650002225,1.222005043999843,0.0775942519999262,0.830068940457289,1.0023553753186187,0.9882113646745194
gpt4_78cf46a3,505,39087,56744,95863,1.2423812430001817,4.78103870200016,2.0627997880003477,0.053526150999914535,0.8516060106879709,1.0148052039497406,0.9470564895632081
gpt4_7a0daae1,561,39043,59208,98283,1.3388277799999742,3.7518870180001613,1.3311027739998735,0.022299604000181716,0.8407796144190391,1.0256383995542502,0.9206023918694923
gpt4_7abb270c,467,38448,59291,97771,0.9820996439998453,4.283379449999984,1.4693744109997624,0.04818588199987062,0.8595891840621184,1.021309484403716,0.9269213376511876
gpt4_7bc6cf22,519,39929,58723,98684,1.5428245880000304,5.674926845000073,1.3378963459997522,0.027881928999931915,0.8340407198271831,1.0179027039511848,0.9152336884183694
gpt4_7ca326fa,516,39224,57879,97135,1.9424035639999602,4.990354931999946,1.3519548469994334,0.03178021200005787,0.854268922074193,1.0195189529964126,0.9768843284186132
gpt4_7ddcf75f,480,40096,60705,100833,2.622962382999958,4.811900557999934,1.3139160589998937,0.031046306999996887,0.8378185706382101,1.0169021690449063,0.9861988606857431
gpt4_7de946e7,533,38535,54433,93000,1.3136397550001675,5.077820542999916,1.5352632209999229,0.021178387999952974,0.8142574307491908,1.0050533115668876,0.8941043505764787
gpt4_7f6b06db,558,38085,58905,97022,2.1231893059998583,5.1129988129998765,1.2544564600000285,0.02898836300005314,0.8479871569234823,1.0278429827977844,0.9277734719186196
gpt4_7fce9456,497,39476,56487,95995,1.4022278790000655,4.931198497999958,1.2595532489997368,0.02828646199986906,0.8542326380285387,1.0055573770465562,0.9465655845843884
gpt4_8279ba02,489,38828,60482,99342,2.093443306000154,3.82999992200007,1.474981367999817,0.045051333000174054,0.8357885946416975,1.0130284687374334,0.9501641629570133
gpt4_8279ba03,500,40157,54979,95168,2.563554397999951,4.162055479999935,1.272143819999883,0.06692805099987709,0.8435494045629532,0.997428772424513,0.893746589873569
gpt4_85da3956,505,40617,61115,101764,1.9359651689999282,5.4473770659999445,1.389838114999975,0.06094631699988895,0.8275651247431312,1.0117786085681253,0.9927576531722726
gpt4_88806d6e,493,39679,55535,95246,2.097154937000141,4.3999474810000265,1.3824343720000343,0.18639595500008,0.8261589738797082,1.0032489719294595,1.0027754184722764
gpt4_8c8961ae,485,39271,56167,95470,1.810868937000123,4.80465661900007,1.4727769729995543,0.029433123999979216,0.8472026845713053,1.0038674161230838,0.975418825451052
gpt4_8e165409,480,39313,58682,98027,1.0706839869999385,4.477055630999985,1.1894824910000352,0.028720518000000084,0.851927705802332,1.0074844983463913,0.9623591044425915
gpt4_93159ced,444,39443,57477,96952,2.076323726000055,4.285173724999822,1.2986109860000852,0.04339508799989744,0.8525543700110398,1.0302599091876856,0.9132634463890781
gpt4_93f6379c,445,38711,54102,92845,1.6538406800000303,4.238990716999979,1.1759437029998026,0.036552189000076396,0.8525578569760726,1.0092223597836893,0.9542266717294422
gpt4_98f46fc6,490,39476,57392,96900,1.2686631510000552,5.584091165000018,1.3275412570003482,0.05846316199995272,0.843123998650135,1.003065218843748,0.9813195891196063
gpt4_9a159967,470,40167,56522,96721,2.037759785000162,5.64845437200006,1.2744436960003895,0.04428294900003493,0.8397414830989958,1.0060444855915538,0.9213834107064637
gpt4_a1b77f9c,498,39757,59738,99527,1.3514104629998656,4.922562211000013,1.1190437599998404,0.04625997100015411,0.8534922902102979,1.0140620692705997,0.9641383514567837
gpt4_a2d1d1f6,476,39444,55355,94831,1.743453762000172,5.076677864999965,1.2422180529997604,0.04785707800010641,0.7819807116504606,1.0227770964772018,0.9762643722274887
gpt4_a56e767c,477,38787,58305,97124,2.2232786550000583,6.099584491000087,1.1490438230000564,0.025013601999944512,0.8309452378613964,1.009224192168601,0.9491638644903447
gpt4_ab202e7f,481,38288,57604,95924,1.5023812400002043,4.714423934000024,1.5676383269999405,0.036879291000104786,0.8591511180438304,1.000691540992114,0.9301907152576389
gpt4_af6db32f,476,39860,57620,97512,1.025729616000035,5.281717044000061,1.4188534489999256,0.060517940999943676,0.8713720551791179,1.008619626647556,0.9789052308645978
gpt4_b0863698,457,40385,57910,98327,2.0972250299998905,5.231786272999898,1.34396647199992,0.03899997300004543,0.8443959176645803,1.0046850373377723,0.9627136891928929
gpt4_b4a80587,542,38400,56973,95405,1.8908115389999693,5.985359924000022,1.2497436730000118,0.05190177300005416,0.8349482939123987,1.0215357292617409,0.9040688024231085
gpt4_b5700ca0,500,39970,56999,97001,2.0710659159999523,4.744462638000186,1.2428442550001364,0.04157445999999254,0.8589262397618227,1.022471301031936,0.9449194840203132
gpt4_b5700ca9,537,40757,58524,99313,1.4109203920002074,5.659005662000027,1.584552623000036,0.035774279000179376,0.8377130174208557,1.020178394365515,0.9844621665712877
gpt4_c27434e8,500,41202,58102,99336,1.1238142259999222,4.739507598000046,1.5482615419998638,0.05562495599997419,0.8332153206840591,1.0034890583658493,0.9934854876394373
gpt4_cd90e484,508,38746,58545,97323,1.9928233310001815,4.949413767999886,1.232474540999874,0.02147708400002557,0.8272899781703529,1.0271596611432734,0.9027969145702873
gpt4_d12ceb0e,477,37771,54391,92194,1.5783545609999692,5.15861718400015,1.5183264580000468,0.026892193000094267,0.8444956302884823,1.030298437133526,0.9397124942181941
gpt4_d31cdae3,480,37745,57124,94901,0.8281240849998994,5.35311717400009,1.4298720050001066,0.07142102100010561,0.8434676486266333,1.021175653209318,0.9944879362614716
gpt4_d6585ce8,491,38324,59458,97814,1.2799891219999608,4.169296580000037,1.3420272129999375,0.11032352600000195,0.850841428574374,1.0065384398683728,0.9066376887890075
gpt4_d6585ce9,438,38980,58351,97363,4.138025945000209,5.5068024490001335,1.1222594690000278,0.01901896200001829,0.8495212548514287,1.006848543042364,0.9289036006866599
gpt4_d84a3211,495,39137,55351,94520,2.556197308000037,5.088047772999971,1.648469737999676,0.034401954000031765,0.8102023934216158,1.0096199163787603,0.9471006288730208
gpt4_d9af6064,534,39893,57579,97504,2.0321936550001283,5.3956630640000185,1.0287038240001039,0.050603489999957674,0.8347167950624843,1.0020302518108495,0.9540949392008818
gpt4_e05b82a6,497,39905,56957,96894,1.520173510999939,4.173475871000164,1.6374198860000888,0.07698574400001235,0.835598017211826,1.0025416073074755,0.9136053768248917
gpt4_e061b84f,467,37886,58763,96681,1.2357583120001436,4.264218439999922,1.2478883300004782,0.0671254769999905,0.8488292970837199,1.0154747212066055,0.9144108384902397
gpt4_e061b84g,566,39723,57893,97648,1.6715575159998934,5.095211654999957,1.0991726299998845,0.018992100000104983,0.8019037599744638,1.0216199700996722,0.9431672877038254
gpt4_e072b769,444,39580,55121,94733,1.583485822000057,5.841884708999942,1.4563584950001314,0.04445483100016645,0.8583160220814808,1.0017434892597246,0.9584373320827191
gpt4_e414231e,507,39454,55820,95306,2.02562997799987,5.078523878999931,1.3799733490000108,0.041674523999972735,0.8594125905486527,1.005988456210136,0.9804645194200174
gpt4_e414231f,490,37708,55012,92752,1.740301627000008,4.8220647119999285,1.3592448809997677,0.04456631199991534,0.8450705751983559,1.0103057486319043,0.9627053253657071
gpt4_ec93e27f,516,39649,57374,97055,1.6638858830001482,5.827547877999905,1.0945004000002427,0.01814220500000374,0.8470966241601835,1.0003171019366845,0.9375497183313176
gpt4_f2262a51,479,39205,58362,97599,1.2193126970000776,5.8990150050001375,1.8504470010004752,0.027337898000041605,0.8508353056145618,1.0033475795014937,0.9035665789371028
gpt4_f420262c,495,38496,56580,95108,2.7613334329998906,3.9572528999999577,1.2733064520000426,0.027310334000048897,0.8216900272181887,1.0212025352252843,0.964841061693999
gpt4_f420262d,454,39291,60530,99853,3.893724302999999,5.7114911490000395,1.079847001999724,0.06126772399989022,0.8281840350455728,1.0133086240959508,0.923262733522655
gpt4_f49edff3,498,39351,59560,98943,1.3494170169999506,5.8677682900001855,2.314300815000024,0.16485638999984076,0.8721834341945919,1.0184696477197692,0.956484213856346
gpt4_fa19884c,507,38714,58813,97559,2.4622839260000546,6.0936800160000075,1.457151178000231,0.04688218199999028,0.853725304165154,1.0054624169581448,0.9513827167140032
gpt4_fa19884d,556,39745,57451,97228,1.6546186420000595,5.241764157000034,1.1103020029997879,0.01858003799998187,0.8244283014108457,1.0055401863505506,0.9248969342443312
gpt4_fe651585,471,39566,63708,103306,1.104606465000188,5.008641097000009,1.4538236939999933,0.03249324400007936,0.8308414622504076,1.0043890836648197,0.9975173768540495
