conv_id,question_id,category,gold_count,sign_fractional_R3,centered_cosine_fractional_R3,sign_hard_negative_margin_bits,centered_cosine_hard_negative_margin,sign_beats_cosine
locomo_0,locomo_0_qa0,2,1,1.0,1.0,5.0,0.06844083034890414,0
locomo_0,locomo_0_qa1,2,1,0.0,0.0,-8.0,-0.4124575438188799,0
locomo_0,locomo_0_qa2,3,2,0.0,0.0,-14.0,-0.4913548000883904,0
locomo_0,locomo_0_qa3,1,1,0.0,0.0,-9.0,-0.6820317520850967,0
locomo_0,locomo_0_qa4,1,2,0.0,0.0,-11.0,-0.3577946620383845,0
locomo_0,locomo_0_qa5,2,1,1.0,0.0,0.0,-0.19202696419656617,1
locomo_0,locomo_0_qa6,2,1,1.0,1.0,-3.0,-0.03934375425329878,0
locomo_0,locomo_0_qa7,1,2,0.0,0.0,-10.0,-0.16181296098118153,0
locomo_0,locomo_0_qa8,2,1,0.0,0.0,-25.0,-0.6417280316521325,0
locomo_0,locomo_0_qa9,2,1,1.0,1.0,7.0,0.21539972342664426,0
locomo_0,locomo_0_qa10,2,1,0.0,0.0,-22.0,-0.514209244951279,0
locomo_0,locomo_0_qa11,1,2,0.0,0.0,-14.0,-0.5849378383213613,0
locomo_0,locomo_0_qa12,2,1,1.0,1.0,-2.0,-0.08613555374758952,0
locomo_0,locomo_0_qa13,1,2,0.0,0.0,-11.0,-0.14697298536801728,0
locomo_0,locomo_0_qa14,3,2,0.5,0.5,-4.0,-0.08562675277878373,0
locomo_0,locomo_0_qa15,1,4,0.0,0.0,-7.0,-0.3256012392725511,0
locomo_0,locomo_0_qa16,2,1,0.0,0.0,-10.0,-0.09215713041417928,0
locomo_0,locomo_0_qa17,2,1,1.0,1.0,10.0,0.31328907836114844,0
locomo_0,locomo_0_qa18,1,3,0.0,0.0,-9.0,-0.14633504990763277,0
locomo_0,locomo_0_qa19,1,2,0.0,0.0,-7.0,-0.43843965792942674,0
locomo_0,locomo_0_qa20,2,1,0.0,0.0,-16.0,-0.6101330479764777,0
locomo_0,locomo_0_qa21,2,1,0.0,0.0,-19.0,-0.7139482001168145,0
locomo_0,locomo_0_qa22,3,1,1.0,1.0,1.0,0.12549594707658585,0
locomo_0,locomo_0_qa23,1,2,0.0,0.0,-16.0,-0.42953242553488113,0
locomo_0,locomo_0_qa24,1,2,0.0,0.0,-13.0,-0.5413953769676284,0
locomo_0,locomo_0_qa25,2,1,0.0,0.0,-14.0,-0.22155437742923784,0
locomo_0,locomo_0_qa26,2,1,0.0,0.0,-7.0,-0.4403471678553153,0
locomo_0,locomo_0_qa27,3,2,0.0,0.5,-19.0,-0.08413352719515255,0
locomo_0,locomo_0_qa28,2,1,0.0,0.0,-5.0,-0.37868096446337574,0
locomo_0,locomo_0_qa29,2,1,0.0,0.0,-6.0,-0.2472400308428236,0
locomo_0,locomo_0_qa31,2,1,0.0,0.0,-17.0,-0.5926257961002179,0
locomo_0,locomo_0_qa32,1,7,0.02857142857142857,0.2857142857142857,-5.0,0.021573262673053484,0
locomo_0,locomo_0_qa33,2,1,0.4,0.0,-6.0,-0.02286101404213675,1
locomo_0,locomo_0_qa34,1,2,0.0,0.0,-9.0,-0.22194149100774804,0
locomo_0,locomo_0_qa35,2,1,0.0,0.0,-5.0,-0.43664379700540523,0
locomo_0,locomo_0_qa36,2,1,1.0,0.0,5.0,-0.32055627153478305,1
locomo_0,locomo_0_qa37,1,2,0.0,0.0,-18.0,-0.5411497601488863,0
locomo_0,locomo_0_qa38,1,6,0.0,0.0,-13.0,-0.41640298169385265,0
locomo_0,locomo_0_qa39,1,4,0.25,0.25,0.0,-0.05793529020879207,0
locomo_0,locomo_0_qa40,1,2,0.5,0.0,-8.0,-0.13734458590333698,1
locomo_0,locomo_0_qa41,2,1,0.0,0.0,-2.0,-0.28615600246046885,0
locomo_0,locomo_0_qa42,3,2,0.0,0.0,-15.0,-0.15932769985885015,0
locomo_0,locomo_0_qa43,1,5,0.0,0.0,-8.0,-0.45237346955874735,0
locomo_0,locomo_0_qa44,2,1,1.0,1.0,11.0,0.21864979573958282,0
locomo_0,locomo_0_qa45,2,1,0.0,0.0,-6.0,-0.1531679015011762,0
locomo_0,locomo_0_qa47,1,2,0.5,0.0,-5.0,-0.16928391820800848,1
locomo_0,locomo_0_qa48,1,4,0.0,0.0,-11.0,-0.3490188571291226,0
locomo_0,locomo_0_qa49,2,1,0.0,0.0,-13.0,-0.6131772523514256,0
locomo_0,locomo_0_qa50,3,1,0.0,0.0,-20.0,-0.15812368693308326,0
locomo_0,locomo_0_qa51,1,3,0.0,0.0,-10.0,-0.22607663248719068,0
locomo_0,locomo_0_qa52,1,2,0.0,0.0,-12.0,-0.8324390394163483,0
locomo_0,locomo_0_qa53,2,1,1.0,1.0,-7.0,0.0013390084611881736,0
locomo_0,locomo_0_qa54,2,1,1.0,0.0,-1.0,-0.24461249696677,1
locomo_0,locomo_0_qa55,1,2,0.0,0.0,-10.0,-0.2937871709048145,0
locomo_0,locomo_0_qa56,1,1,0.0,0.0,-13.0,-0.3537573976227092,0
locomo_0,locomo_0_qa57,2,1,0.0,0.0,-10.0,-0.5311269682675758,0
locomo_0,locomo_0_qa58,2,1,1.0,0.0,2.0,-0.1758878778297282,1
locomo_0,locomo_0_qa59,3,2,0.0,0.5,-7.0,0.1683095412521518,0
locomo_0,locomo_0_qa60,1,2,0.0,0.0,-22.0,-0.41240217588797495,0
locomo_0,locomo_0_qa61,1,2,0.5,0.0,0.0,-0.16433339149181583,1
locomo_0,locomo_0_qa62,2,1,0.25,0.0,-6.0,-0.6226388073203863,1
locomo_0,locomo_0_qa63,2,1,1.0,1.0,-3.0,0.06584669836490242,0
locomo_0,locomo_0_qa64,3,1,0.0,0.0,-5.0,-0.3791553921888666,0
locomo_0,locomo_0_qa65,1,2,0.0,0.0,-10.0,-0.23073078736895558,0
locomo_0,locomo_0_qa66,1,5,0.0,0.0,-7.0,-0.4348721576256779,0
locomo_0,locomo_0_qa67,2,1,0.0,0.0,-18.0,-0.6158953434220893,0
locomo_0,locomo_0_qa68,2,1,0.0,0.0,-22.0,-0.6936395979796663,0
locomo_0,locomo_0_qa69,3,3,0.0,0.0,-15.0,-0.4231981186030014,0
locomo_0,locomo_0_qa70,1,2,0.5,0.5,7.0,-0.03937855993905515,0
locomo_0,locomo_0_qa71,1,2,0.0,0.0,-8.0,-0.45399522835008876,0
locomo_0,locomo_0_qa72,2,1,0.0,0.0,-16.0,-0.5518798386644174,0
locomo_0,locomo_0_qa73,2,1,0.0,0.0,-13.0,-0.6147518064708989,0
locomo_0,locomo_0_qa74,2,1,0.0,0.0,-10.0,-0.4650593341068244,0
locomo_0,locomo_0_qa75,1,2,0.0,0.0,-21.0,-0.5137459508177569,0
locomo_0,locomo_0_qa76,1,1,1.0,0.0,-2.0,-0.3482569647019337,1
locomo_0,locomo_0_qa77,3,4,0.0,0.0,-18.0,-0.2977641394488649,0
locomo_0,locomo_0_qa78,1,2,0.0,0.0,-11.0,-0.10681394215921464,0
locomo_0,locomo_0_qa79,2,1,0.0,0.0,-5.0,-0.4395633748172756,0
locomo_0,locomo_0_qa80,2,1,0.0,0.0,-19.0,-0.6380227461089751,0
locomo_0,locomo_0_qa81,3,2,0.5,0.0,-10.0,-0.13978499407686096,1
locomo_0,locomo_0_qa82,4,1,1.0,1.0,8.0,-0.013634289858671211,0
locomo_0,locomo_0_qa83,4,1,0.0,0.0,-11.0,-0.3343222868819877,0
locomo_0,locomo_0_qa84,4,1,0.0,0.0,-15.0,-0.8258074515408316,0
locomo_0,locomo_0_qa85,4,1,0.0,0.0,-22.0,-0.7413788151706839,0
locomo_0,locomo_0_qa86,4,1,0.0,1.0,-11.0,-0.09636968518610356,0
locomo_0,locomo_0_qa87,4,1,0.0,0.0,-14.0,-0.4787415203809778,0
locomo_0,locomo_0_qa88,4,1,0.0,0.0,-21.0,-0.5717614925436355,0
locomo_0,locomo_0_qa89,4,1,0.0,0.0,-12.0,-0.3566222976230963,0
locomo_0,locomo_0_qa90,4,1,0.0,0.0,-21.0,-0.7246319249126941,0
locomo_0,locomo_0_qa91,4,1,0.0,0.0,-6.0,-0.2892373645765933,0
locomo_0,locomo_0_qa92,4,1,1.0,1.0,10.0,0.2245456951827164,0
locomo_0,locomo_0_qa93,4,1,1.0,1.0,9.0,0.2745022842891189,0
locomo_0,locomo_0_qa94,4,1,1.0,1.0,4.0,0.16813434980673664,0
locomo_0,locomo_0_qa95,4,1,0.0,0.0,-6.0,-0.18354651297543884,0
locomo_0,locomo_0_qa96,4,1,0.0,0.0,-15.0,-0.40405882669427384,0
locomo_0,locomo_0_qa97,4,1,0.0,0.0,-12.0,-0.7208691474858996,0
locomo_0,locomo_0_qa98,4,1,0.0,1.0,-4.0,0.17661853259406624,0
locomo_0,locomo_0_qa99,4,1,0.0,0.0,-16.0,-0.231645401983048,0
locomo_0,locomo_0_qa100,4,1,0.0,0.0,-9.0,-0.0878179699751146,0
locomo_0,locomo_0_qa101,4,1,0.0,0.0,-24.0,-0.7086023364415373,0
locomo_0,locomo_0_qa102,4,1,0.0,0.0,-17.0,-0.38330882125510535,0
locomo_0,locomo_0_qa103,4,1,0.0,0.0,-24.0,-0.41812330931687286,0
locomo_0,locomo_0_qa104,4,1,0.0,0.0,-17.0,-0.6500333034497724,0
locomo_0,locomo_0_qa105,4,1,0.0,0.0,-24.0,-0.6781743221413201,0
locomo_0,locomo_0_qa106,4,1,0.0,0.0,-18.0,-0.5056617475891825,0
locomo_0,locomo_0_qa107,4,2,0.5,0.5,-3.0,-0.020497702531037887,0
locomo_0,locomo_0_qa108,4,1,0.0,0.0,-27.0,-0.524895587052635,0
locomo_0,locomo_0_qa109,4,1,0.0,0.0,-9.0,-0.24876533399166822,0
locomo_0,locomo_0_qa110,4,1,0.7,0.0,-1.0,-0.19224377886459715,1
locomo_0,locomo_0_qa111,4,1,0.0,0.0,-27.0,-0.673424535486427,0
locomo_0,locomo_0_qa112,4,1,0.0,0.0,-14.0,-0.4837470493694475,0
locomo_0,locomo_0_qa113,4,1,1.0,0.0,4.0,-0.22392577329453983,1
locomo_0,locomo_0_qa114,4,1,1.0,1.0,0.0,-0.021476579023311237,0
locomo_0,locomo_0_qa115,4,1,0.35,1.0,-3.0,0.1920436833249407,0
locomo_0,locomo_0_qa116,4,1,0.0,0.0,-19.0,-0.553788285248664,0
locomo_0,locomo_0_qa117,4,1,0.0,1.0,-10.0,-0.012512686681821594,0
locomo_0,locomo_0_qa118,4,1,0.0,0.0,-17.0,-0.3191345627455108,0
locomo_0,locomo_0_qa119,4,1,0.0,0.0,-18.0,-0.5816979542063425,0
locomo_0,locomo_0_qa120,4,1,0.0,0.0,-16.0,-0.6111918998564866,0
locomo_0,locomo_0_qa121,4,1,0.0,0.0,-40.0,-0.7345058314293844,0
locomo_0,locomo_0_qa122,4,1,0.0,0.0,-17.0,-0.3353402104563875,0
locomo_0,locomo_0_qa123,4,1,0.0,0.0,-17.0,-0.6582927444520039,0
locomo_0,locomo_0_qa124,4,1,0.0,0.0,-19.0,-0.8899536107299235,0
locomo_0,locomo_0_qa125,4,1,0.0,0.0,-6.0,-0.36050105910877517,0
locomo_0,locomo_0_qa126,4,1,0.0,0.0,-13.0,-0.6982217321413665,0
locomo_0,locomo_0_qa127,4,1,1.0,0.0,4.0,-0.3925896341950758,1
locomo_0,locomo_0_qa128,4,1,0.0,0.0,-15.0,-0.4669605993269851,0
locomo_0,locomo_0_qa129,4,1,0.0,1.0,-19.0,-0.1757918839784819,0
locomo_0,locomo_0_qa130,4,1,0.25,0.0,-5.0,-0.34281097026667395,1
locomo_0,locomo_0_qa131,4,1,1.0,1.0,6.0,0.04576241184352592,0
locomo_0,locomo_0_qa132,4,1,0.0,0.0,-27.0,-0.6424986020876844,0
locomo_0,locomo_0_qa133,4,1,1.0,0.0,-3.0,-0.5338044300469289,1
locomo_0,locomo_0_qa134,4,1,0.0,1.0,-17.0,-0.1013605231071178,0
locomo_0,locomo_0_qa135,4,1,0.0,0.0,-7.0,-0.6008551748121248,0
locomo_0,locomo_0_qa136,4,1,0.0,0.0,-14.0,-0.12716867768454215,0
locomo_0,locomo_0_qa137,4,2,0.0,0.0,-6.0,-0.18441728658191592,0
locomo_0,locomo_0_qa138,4,2,0.5,0.0,-2.0,-0.2279249057863077,1
locomo_0,locomo_0_qa139,4,1,1.0,1.0,-5.0,0.11405192805036435,0
locomo_0,locomo_0_qa140,4,1,1.0,0.0,-1.0,-0.440040618659459,1
locomo_0,locomo_0_qa141,4,1,0.0,0.0,-16.0,-0.6077258841722138,0
locomo_0,locomo_0_qa142,4,1,0.0,0.0,-20.0,-0.4989182037355551,0
locomo_0,locomo_0_qa143,4,1,0.0,0.0,-6.0,-0.33681643730212374,0
locomo_0,locomo_0_qa144,4,2,0.0,0.0,-12.0,-0.33728171183139,0
locomo_0,locomo_0_qa145,4,1,0.6,0.0,-4.0,-0.36866159575829727,1
locomo_0,locomo_0_qa146,4,1,0.0,0.0,-23.0,-0.43689575583482687,0
locomo_0,locomo_0_qa147,4,1,0.0,0.0,-13.0,-0.6081505063387082,0
locomo_0,locomo_0_qa148,4,1,1.0,1.0,10.0,0.19925272523730486,0
locomo_0,locomo_0_qa149,4,1,0.0,0.0,-16.0,-0.7078273904600122,0
locomo_0,locomo_0_qa150,4,1,0.0,0.0,-19.0,-0.6080881053887189,0
locomo_0,locomo_0_qa151,4,1,1.0,1.0,9.0,0.09717496932341063,0
locomo_1,locomo_1_qa0,2,1,1.0,1.0,5.0,-0.05930575579219233,0
locomo_1,locomo_1_qa1,2,1,1.0,1.0,0.0,0.08004715059001521,0
locomo_1,locomo_1_qa2,4,2,0.0,0.0,-3.0,-0.3255227446440151,0
locomo_1,locomo_1_qa3,1,4,0.0,0.0,-23.0,-0.6040923564557543,0
locomo_1,locomo_1_qa4,4,2,0.0,0.0,-12.0,-0.41849900877122487,0
locomo_1,locomo_1_qa5,1,3,0.33333333333333326,0.0,0.0,-0.34396320063006963,1
locomo_1,locomo_1_qa6,2,1,1.0,1.0,-3.0,0.02218065708957584,0
locomo_1,locomo_1_qa7,2,1,1.0,1.0,4.0,0.051234420227942334,0
locomo_1,locomo_1_qa8,2,1,0.0,0.0,-7.0,-0.3277617229986834,0
locomo_1,locomo_1_qa9,1,2,0.0,0.0,-13.0,-0.19346083292841987,0
locomo_1,locomo_1_qa10,2,1,1.0,1.0,1.0,-0.0016847146329607154,0
locomo_1,locomo_1_qa11,2,1,0.0,0.0,-8.0,-0.37944172752832006,0
locomo_1,locomo_1_qa12,2,1,0.0,0.0,-18.0,-0.5957625112883466,0
locomo_1,locomo_1_qa13,2,1,0.0,0.0,-13.0,-0.1693551789296014,0
locomo_1,locomo_1_qa14,2,1,1.0,1.0,-4.0,0.08428651775464646,0
locomo_1,locomo_1_qa15,2,1,0.2,1.0,-4.0,0.02801819620814444,0
locomo_1,locomo_1_qa16,2,1,0.0,0.0,-19.0,-0.70131269629203,0
locomo_1,locomo_1_qa17,1,2,0.0,0.0,-16.0,-0.44521951549976757,0
locomo_1,locomo_1_qa18,1,2,0.0,0.0,-14.0,-0.26092564657480216,0
locomo_1,locomo_1_qa19,2,1,1.0,1.0,-3.0,0.002860340716315024,0
locomo_1,locomo_1_qa20,2,1,1.0,0.0,-4.0,-0.05637269924573407,1
locomo_1,locomo_1_qa21,2,1,1.0,1.0,8.0,0.05638877764979383,0
locomo_1,locomo_1_qa22,2,1,1.0,1.0,8.0,0.019083716906454495,0
locomo_1,locomo_1_qa23,1,4,0.0,0.0,-7.0,-0.06543541674670239,0
locomo_1,locomo_1_qa24,1,3,0.0,0.0,-3.0,-0.25462516000177654,0
locomo_1,locomo_1_qa25,1,2,0.0,0.0,-17.0,-0.3877963152449757,0
locomo_1,locomo_1_qa26,2,1,0.0,0.0,-30.0,-0.7081253350477836,0
locomo_1,locomo_1_qa27,1,5,0.3100000000000001,0.20000000000000004,-1.0,-0.015925767768629473,1
locomo_1,locomo_1_qa28,2,1,0.75,1.0,-2.0,-0.1717323807077627,0
locomo_1,locomo_1_qa29,1,2,0.0,0.0,-19.0,-0.6518133297128222,0
locomo_1,locomo_1_qa30,2,1,0.0,0.0,-19.0,-0.4719687538860017,0
locomo_1,locomo_1_qa31,1,2,0.0,0.0,-17.0,-0.23666243057280734,0
locomo_1,locomo_1_qa32,2,1,0.0,0.0,-12.0,-0.36762587938359537,0
locomo_1,locomo_1_qa33,2,1,0.75,1.0,-7.0,-0.05789878809815718,0
locomo_1,locomo_1_qa34,2,1,0.0,0.0,-8.0,-0.24319598743675824,0
locomo_1,locomo_1_qa35,2,1,0.0,0.0,-4.0,-0.10858052214515157,0
locomo_1,locomo_1_qa36,2,1,0.0,0.0,-7.0,-0.31501420075261627,0
locomo_1,locomo_1_qa37,2,1,1.0,1.0,5.0,0.18869461242949037,0
locomo_1,locomo_1_qa38,2,1,1.0,1.0,0.0,0.03753335753653919,0
locomo_1,locomo_1_qa39,4,1,0.0,0.0,-16.0,-0.27400233761451664,0
locomo_1,locomo_1_qa40,4,1,0.0,0.0,-13.0,-0.6106762004930789,0
locomo_1,locomo_1_qa41,4,1,0.0,0.0,-10.0,-0.46127948649267203,0
locomo_1,locomo_1_qa42,4,1,0.4,0.0,-3.0,-0.15008050183022326,1
locomo_1,locomo_1_qa43,4,1,0.0,0.0,-17.0,-0.7175601895210917,0
locomo_1,locomo_1_qa44,4,1,0.0,0.0,-18.0,-0.4774312029047856,0
locomo_1,locomo_1_qa45,4,1,0.0,0.0,-19.0,-0.31640899463070943,0
locomo_1,locomo_1_qa46,4,1,1.0,0.0,1.0,-0.5649856432451186,1
locomo_1,locomo_1_qa47,4,2,0.0,0.0,-19.0,-0.19664404618226589,0
locomo_1,locomo_1_qa48,4,1,0.0,0.0,-12.0,-0.22363180628098223,0
locomo_1,locomo_1_qa49,4,2,1.0,1.0,2.0,0.06026034701187233,0
locomo_1,locomo_1_qa50,4,1,0.0,0.0,-13.0,-0.27975821645473054,0
locomo_1,locomo_1_qa51,4,1,1.0,1.0,-11.0,-0.08414418270523183,0
locomo_1,locomo_1_qa52,4,1,1.0,1.0,-1.0,0.04623323164943349,0
locomo_1,locomo_1_qa53,4,1,1.0,1.0,5.0,0.10114301419806881,0
locomo_1,locomo_1_qa54,4,1,0.8,1.0,-1.0,0.11356839307294059,0
locomo_1,locomo_1_qa55,4,1,1.0,0.0,0.0,-0.4055948425710581,1
locomo_1,locomo_1_qa56,4,2,0.0,0.0,-19.0,-0.532442685850502,0
locomo_1,locomo_1_qa57,4,1,0.0,0.0,-25.0,-0.4363338900405107,0
locomo_1,locomo_1_qa58,4,1,1.0,1.0,11.0,0.2474858486889674,0
locomo_1,locomo_1_qa59,4,1,0.0,0.0,-9.0,-0.3162415394330741,0
locomo_1,locomo_1_qa60,4,1,0.0,0.0,-9.0,-0.222703785722892,0
locomo_1,locomo_1_qa61,4,1,0.0,0.0,-10.0,-0.34390389736233473,0
locomo_1,locomo_1_qa62,4,1,1.0,1.0,-14.0,-0.016137449141941707,0
locomo_1,locomo_1_qa63,4,1,0.0,0.0,-13.0,-0.2955430255107289,0
locomo_1,locomo_1_qa64,4,1,1.0,0.0,-17.0,-0.4197317394083838,1
locomo_1,locomo_1_qa65,4,1,1.0,1.0,15.0,0.2871730829388945,0
locomo_1,locomo_1_qa66,4,1,0.0,0.0,-6.0,-0.3966496407366296,0
locomo_1,locomo_1_qa67,4,1,0.0,0.0,-27.0,-0.5101077853707733,0
locomo_1,locomo_1_qa68,4,1,0.0,0.0,-15.0,-0.876456180111502,0
locomo_1,locomo_1_qa69,4,1,0.0,0.0,-15.0,-0.45045709875375584,0
locomo_1,locomo_1_qa70,4,1,1.0,1.0,11.0,0.0720670137732835,0
locomo_1,locomo_1_qa71,4,1,0.0,0.0,-17.0,-0.3776861820494746,0
locomo_1,locomo_1_qa72,4,1,0.0,0.0,-37.0,-0.7044214763108284,0
locomo_1,locomo_1_qa73,4,1,0.0,0.0,-12.0,-0.18674627197620242,0
locomo_1,locomo_1_qa74,4,1,0.0,0.0,-34.0,-0.7262287868205186,0
locomo_1,locomo_1_qa75,4,1,0.0,0.0,-26.0,-0.7337809107352997,0
locomo_1,locomo_1_qa76,4,2,0.5,1.0,-1.0,0.17383506497154388,0
locomo_1,locomo_1_qa77,4,1,1.0,0.0,-1.0,-0.18450584650794033,1
locomo_1,locomo_1_qa78,4,1,1.0,1.0,-3.0,0.15838872977030566,0
locomo_1,locomo_1_qa80,4,1,0.0,0.0,-21.0,-0.3474402397863468,0
locomo_1,locomo_1_qa81,4,1,0.0,0.0,-14.0,-0.19245502966142614,0
locomo_2,locomo_2_qa0,2,1,0.0,0.0,-22.0,-0.7537012029467492,0
locomo_2,locomo_2_qa1,2,1,0.0,0.0,-10.0,-0.6722251650413782,0
locomo_2,locomo_2_qa2,1,2,0.0,0.0,-20.0,-0.844774388645363,0
locomo_2,locomo_2_qa3,1,2,0.0,0.0,-21.0,-0.3199491951168716,0
locomo_2,locomo_2_qa4,2,1,0.0,0.0,-15.0,-0.43739203131507104,0
locomo_2,locomo_2_qa5,2,1,0.0,0.0,-26.0,-0.7399137162881545,0
locomo_2,locomo_2_qa6,1,4,0.0,0.25,-10.0,-0.18191995265801392,0
locomo_2,locomo_2_qa7,1,2,0.0,0.0,-18.0,-0.4016365199941422,0
locomo_2,locomo_2_qa8,3,1,0.0,0.0,-34.0,-0.6188979541758739,0
locomo_2,locomo_2_qa9,1,2,0.0,0.0,-9.0,-0.42844626621662796,0
locomo_2,locomo_2_qa10,2,1,0.0,0.0,-22.0,-0.8043649489991342,0
locomo_2,locomo_2_qa11,1,4,0.0,0.0,-9.0,-0.39154443046887855,0
locomo_2,locomo_2_qa12,1,2,0.0,0.0,-10.0,-0.519148252272905,0
locomo_2,locomo_2_qa13,2,1,0.0,0.0,-18.0,-0.7902420839602748,0
locomo_2,locomo_2_qa14,3,2,0.0,0.0,-20.0,-0.2675565126326877,0
locomo_2,locomo_2_qa15,1,2,0.0,0.0,-5.0,-0.43485977164402545,0
locomo_2,locomo_2_qa16,2,1,0.0,0.0,-18.0,-0.8929913148992547,0
locomo_2,locomo_2_qa17,3,1,0.0,1.0,-11.0,-0.07456737432544891,0
locomo_2,locomo_2_qa18,1,2,0.0,0.0,-8.0,-0.4558582428099891,0
locomo_2,locomo_2_qa19,1,2,0.0,0.0,-16.0,-0.2759288580731399,0
locomo_2,locomo_2_qa20,2,2,0.0,0.0,-20.0,-0.4988281500334252,0
locomo_2,locomo_2_qa21,1,2,0.5,0.5,8.0,0.07240243830896975,0
locomo_2,locomo_2_qa22,2,1,0.0,0.0,-9.0,-0.8677446897059667,0
locomo_2,locomo_2_qa23,1,2,0.0,0.5,-6.0,-0.07401661437968082,0
locomo_2,locomo_2_qa24,2,1,0.0,0.0,-4.0,-0.2881762708317777,0
locomo_2,locomo_2_qa25,1,2,0.0,0.0,-22.0,-0.5295443689965078,0
locomo_2,locomo_2_qa26,1,2,0.5,1.0,3.0,0.13968055064126106,0
locomo_2,locomo_2_qa27,2,1,0.0,0.0,-14.0,-0.47240445910293755,0
locomo_2,locomo_2_qa28,1,4,0.0,0.0,-5.0,-0.12003859631605851,0
locomo_2,locomo_2_qa29,1,2,0.5,0.0,7.0,-0.2745387289511598,1
locomo_2,locomo_2_qa30,1,3,0.33333333333333326,0.0,-8.0,-0.22894019983262687,1
locomo_2,locomo_2_qa31,2,1,0.0,0.0,-17.0,-0.6831965593939919,0
locomo_2,locomo_2_qa32,1,2,0.0,0.0,-22.0,-0.6432857519293076,0
locomo_2,locomo_2_qa33,1,3,0.0,0.33333333333333326,-8.0,-0.028883262571132162,0
locomo_2,locomo_2_qa34,2,1,0.0,0.0,-22.0,-0.6393865198946161,0
locomo_2,locomo_2_qa35,1,2,0.0,0.0,-18.0,-0.6560584985816834,0
locomo_2,locomo_2_qa36,1,2,0.0,0.5,-6.0,-0.14434099217174728,0
locomo_2,locomo_2_qa37,1,5,0.0,0.0,-1.0,-0.0744269207571695,0
locomo_2,locomo_2_qa38,2,1,0.0,0.0,-25.0,-0.8372910678779589,0
locomo_2,locomo_2_qa39,3,1,0.0,0.0,-24.0,-0.7964113411059353,0
locomo_2,locomo_2_qa40,1,2,0.0,0.0,-18.0,-0.45234034530312295,0
locomo_2,locomo_2_qa41,3,1,0.0,0.0,-15.0,-0.2929242250380994,0
locomo_2,locomo_2_qa42,1,2,0.5,0.5,2.0,0.0060342883248774015,0
locomo_2,locomo_2_qa43,2,1,0.0,1.0,-7.0,0.16848890454831905,0
locomo_2,locomo_2_qa44,1,3,0.21666666666666665,0.0,-5.0,-0.1983239977939663,1
locomo_2,locomo_2_qa45,3,2,0.0,0.0,-21.0,-0.7246265491741214,0
locomo_2,locomo_2_qa46,2,1,1.0,0.0,2.0,-0.3036731187939473,1
locomo_2,locomo_2_qa47,1,4,0.0,0.0,-17.0,-0.6957932983426984,0
locomo_2,locomo_2_qa48,2,1,0.0,0.0,-11.0,-0.8792024800362666,0
locomo_2,locomo_2_qa49,1,2,0.0,0.0,-8.0,-0.2704733402099949,0
locomo_2,locomo_2_qa50,3,4,0.0,0.0,-20.0,-0.804108033061929,0
locomo_2,locomo_2_qa51,2,1,0.0,0.0,-15.0,-0.31165508748573867,0
locomo_2,locomo_2_qa52,1,2,1.0,1.0,-6.0,0.16076944646973618,0
locomo_2,locomo_2_qa53,2,1,0.0,0.0,-6.0,-0.23277525679983313,0
locomo_2,locomo_2_qa54,2,1,1.0,1.0,4.0,-0.007616391997212646,0
locomo_2,locomo_2_qa55,2,1,0.0,0.0,-8.0,-0.23540692232894533,0
locomo_2,locomo_2_qa56,2,2,0.0,0.0,-11.0,-0.44594658000991294,0
locomo_2,locomo_2_qa57,1,4,0.0,0.0,-13.0,-0.3240303398571475,0
locomo_2,locomo_2_qa58,2,1,0.0,0.0,-26.0,-0.728131586515985,0
locomo_2,locomo_2_qa59,2,1,0.0,0.0,-19.0,-0.3520075396969165,0
locomo_2,locomo_2_qa60,1,2,0.0,0.0,-11.0,-0.6324454142327562,0
locomo_2,locomo_2_qa61,2,1,0.0,0.0,-20.0,-0.9511721156823157,0
locomo_2,locomo_2_qa62,1,2,0.0,0.0,-8.0,-0.3353839820150843,0
locomo_2,locomo_2_qa63,2,2,0.0,0.5,-8.0,0.07060737542527679,0
locomo_2,locomo_2_qa64,3,4,0.0,0.0,-17.0,-0.4934295553503867,0
locomo_2,locomo_2_qa65,4,1,0.0,0.0,-22.0,-0.22063086519863417,0
locomo_2,locomo_2_qa66,4,1,0.0,0.0,-24.0,-0.42681076458795686,0
locomo_2,locomo_2_qa67,4,1,0.0,0.0,-28.0,-0.7383124013755399,0
locomo_2,locomo_2_qa68,4,1,0.0,0.0,-7.0,-0.10304030961465488,0
locomo_2,locomo_2_qa69,4,1,0.0,0.0,-16.0,-0.21524491967934556,0
locomo_2,locomo_2_qa70,4,1,0.0,0.0,-6.0,-0.24599122207998564,0
locomo_2,locomo_2_qa71,4,1,0.0,0.0,-14.0,-0.2738048913304042,0
locomo_2,locomo_2_qa72,4,1,0.0,0.0,-20.0,-0.521531638015867,0
locomo_2,locomo_2_qa73,4,1,1.0,1.0,-10.0,-0.2241893327571738,0
locomo_2,locomo_2_qa74,4,1,0.0,0.0,-3.0,-0.19474508539814805,0
locomo_2,locomo_2_qa75,4,1,0.0,0.0,-18.0,-1.1750206906536267,0
locomo_2,locomo_2_qa76,4,1,0.0,0.0,-22.0,-0.6121868202015074,0
locomo_2,locomo_2_qa77,4,1,0.0,0.0,-8.0,-0.6502305556748835,0
locomo_2,locomo_2_qa78,4,1,1.0,1.0,7.0,0.18841298985046717,0
locomo_2,locomo_2_qa79,4,1,0.0,0.0,-11.0,-0.15798609461082536,0
locomo_2,locomo_2_qa80,4,1,0.0,0.0,-20.0,-0.36283590786994274,0
locomo_2,locomo_2_qa81,4,1,0.0,0.0,-4.0,-0.5242187275616724,0
locomo_2,locomo_2_qa82,4,1,0.0,0.0,-14.0,-0.8202654509363778,0
locomo_2,locomo_2_qa83,4,1,0.0,0.0,-18.0,-0.45080392571357425,0
locomo_2,locomo_2_qa84,4,1,0.0,0.0,-4.0,-0.445190537068346,0
locomo_2,locomo_2_qa85,4,1,0.0,0.0,-8.0,-0.3229362382891154,0
locomo_2,locomo_2_qa86,4,1,0.0,0.0,-6.0,-0.7624532090037409,0
locomo_2,locomo_2_qa87,4,1,0.0,0.0,-33.0,-0.7211493018938656,0
locomo_2,locomo_2_qa88,4,1,0.0,0.0,-19.0,-0.047465960424069975,0
locomo_2,locomo_2_qa89,4,1,1.0,0.0,0.0,-0.5407586410592429,1
locomo_2,locomo_2_qa90,4,1,0.0,0.0,-20.0,-0.33400487329628215,0
locomo_2,locomo_2_qa91,2,1,0.0,0.0,-21.0,-0.9509047024230463,0
locomo_2,locomo_2_qa92,4,1,0.0,0.0,-23.0,-0.48071382589144385,0
locomo_2,locomo_2_qa93,4,1,0.0,0.0,-8.0,-0.5809660197583761,0
locomo_2,locomo_2_qa94,4,1,0.0,0.0,-21.0,-0.7809121615309813,0
locomo_2,locomo_2_qa95,4,1,0.0,0.0,-18.0,-0.7325698279658548,0
locomo_2,locomo_2_qa96,4,1,1.0,1.0,4.0,-0.05862637212137389,0
locomo_2,locomo_2_qa97,4,1,1.0,0.0,4.0,-0.4112879986592687,1
locomo_2,locomo_2_qa98,4,1,0.0,0.0,-9.0,-0.7357307074904725,0
locomo_2,locomo_2_qa99,4,1,0.05,0.0,-4.0,-0.4534080966476812,1
locomo_2,locomo_2_qa100,4,1,0.0,0.0,-10.0,-0.4374663903721827,0
locomo_2,locomo_2_qa101,4,1,1.0,0.0,-2.0,-0.22589151556174847,1
locomo_2,locomo_2_qa102,4,1,1.0,0.0,1.0,-0.11647103020235511,1
locomo_2,locomo_2_qa103,4,1,0.0,1.0,-9.0,0.026171454014702222,0
locomo_2,locomo_2_qa104,4,1,1.0,1.0,6.0,0.09513664124672805,0
locomo_2,locomo_2_qa105,4,1,0.0,0.0,-25.0,-0.5587377873815285,0
locomo_2,locomo_2_qa106,4,1,1.0,1.0,2.0,0.2008143866595783,0
locomo_2,locomo_2_qa107,4,1,0.0,0.0,-17.0,-0.8262632260659498,0
locomo_2,locomo_2_qa108,4,1,0.0,0.0,-11.0,-0.11914370568926991,0
locomo_2,locomo_2_qa109,4,1,0.0,0.0,-5.0,-0.1839380976261326,0
locomo_2,locomo_2_qa110,4,1,0.0,0.0,-12.0,-0.5324199527004758,0
locomo_2,locomo_2_qa111,4,1,1.0,1.0,3.0,0.04521032176891704,0
locomo_2,locomo_2_qa112,4,1,0.0,0.0,-17.0,-0.9257353003634661,0
locomo_2,locomo_2_qa113,4,1,1.0,0.0,-3.0,-0.083670500319877,1
locomo_2,locomo_2_qa114,4,1,0.6,0.0,-1.0,-0.2898466097122729,1
locomo_2,locomo_2_qa115,4,1,0.0,0.0,-10.0,-0.2104844660354106,0
locomo_2,locomo_2_qa116,4,2,0.0,0.0,-10.0,-0.5072987231251063,0
locomo_2,locomo_2_qa117,4,1,1.0,0.0,-2.0,-0.2026693428285825,1
locomo_2,locomo_2_qa118,4,1,0.0,0.0,-21.0,-0.43058060587701846,0
locomo_2,locomo_2_qa119,4,1,0.0,0.0,-25.0,-0.6301637890725812,0
locomo_2,locomo_2_qa120,4,1,0.65,1.0,-5.0,0.11270898658644912,0
locomo_2,locomo_2_qa121,4,1,0.0,0.0,-3.0,-0.6605751813979186,0
locomo_2,locomo_2_qa122,4,1,0.0,0.0,-14.0,-0.208504423388083,0
locomo_2,locomo_2_qa123,4,1,0.0,0.0,-19.0,-0.7539501990761129,0
locomo_2,locomo_2_qa124,4,1,0.0,0.0,-19.0,-0.29638963457039963,0
locomo_2,locomo_2_qa125,4,1,0.0,0.0,-14.0,-0.5441673560085475,0
locomo_2,locomo_2_qa126,4,1,1.0,0.0,0.0,-0.5472694502786986,1
locomo_2,locomo_2_qa127,4,1,0.0,0.0,-7.0,-0.3520600654030918,0
locomo_2,locomo_2_qa128,4,1,0.0,0.0,-1.0,-0.44991145541682787,0
locomo_2,locomo_2_qa129,4,1,0.0,0.0,-6.0,-0.17763613676169576,0
locomo_2,locomo_2_qa130,4,1,0.0,0.0,-16.0,-0.422650082934278,0
locomo_2,locomo_2_qa131,4,1,0.0,0.0,-23.0,-0.5639807387607665,0
locomo_2,locomo_2_qa132,4,1,0.0,0.0,-15.0,-0.3166189845623193,0
locomo_2,locomo_2_qa133,4,1,0.0,0.0,-4.0,-0.5436061168264982,0
locomo_2,locomo_2_qa134,4,1,0.0,0.0,-15.0,-0.7679236944876857,0
locomo_2,locomo_2_qa135,4,1,1.0,1.0,7.0,0.17099788728858156,0
locomo_2,locomo_2_qa136,4,1,0.0,0.0,-10.0,-0.16452063410257456,0
locomo_2,locomo_2_qa137,4,1,1.0,0.0,-6.0,-0.23651648091843164,1
locomo_2,locomo_2_qa138,4,1,1.0,0.0,-1.0,-0.31091419779540913,1
locomo_2,locomo_2_qa139,4,1,0.0,0.0,-8.0,-0.3257831716078651,0
locomo_2,locomo_2_qa140,4,1,0.0,0.0,-7.0,-0.2350625384297247,0
locomo_2,locomo_2_qa141,4,1,1.0,1.0,-2.0,-0.04277686818101223,0
locomo_2,locomo_2_qa142,4,1,0.0,0.0,-8.0,-0.26751995138726437,0
locomo_2,locomo_2_qa143,4,1,1.0,0.0,0.0,-0.20876039797794127,1
locomo_2,locomo_2_qa144,4,1,0.0,0.0,-11.0,-0.4399330405131804,0
locomo_2,locomo_2_qa145,4,1,0.0,1.0,-13.0,-0.1557796210156016,0
locomo_2,locomo_2_qa146,4,1,1.0,1.0,8.0,0.22887418702989454,0
locomo_2,locomo_2_qa147,4,1,0.0,0.0,-25.0,-0.6156881915307525,0
locomo_2,locomo_2_qa148,4,1,0.0,0.0,-16.0,-0.4712215055760477,0
locomo_2,locomo_2_qa149,4,1,0.0,0.0,-18.0,-0.7368665874266562,0
locomo_2,locomo_2_qa150,4,1,0.0,0.0,-17.0,-0.782864244327389,0
locomo_2,locomo_2_qa151,4,1,0.0,0.0,-7.0,-0.5551815510947463,0
locomo_3,locomo_3_qa0,3,1,0.0,0.0,-28.0,-0.6613702280863726,0
locomo_3,locomo_3_qa1,1,7,0.04285714285714285,0.0,-5.0,-0.2650217495932503,1
locomo_3,locomo_3_qa2,2,1,0.0,0.0,-8.0,-0.6666264806276396,0
locomo_3,locomo_3_qa3,2,1,1.0,1.0,-2.0,-0.06906487681457651,0
locomo_3,locomo_3_qa4,3,2,0.0,0.5,-10.0,-0.12184753050811492,0
locomo_3,locomo_3_qa5,1,2,0.0,0.0,-14.0,-0.42196297682332806,0
locomo_3,locomo_3_qa6,2,1,0.0,0.0,-21.0,-0.3810108892477258,0
locomo_3,locomo_3_qa7,2,1,0.0,0.0,-11.0,-0.43222813795672055,0
locomo_3,locomo_3_qa8,2,1,0.0,0.0,-15.0,-0.6691876173517551,0
locomo_3,locomo_3_qa9,2,1,0.0,0.0,-19.0,-0.7441680730467062,0
locomo_3,locomo_3_qa10,1,2,1.0,1.0,10.0,0.14910147331048063,0
locomo_3,locomo_3_qa11,1,3,0.33333333333333326,0.33333333333333326,3.0,0.12010860271354062,0
locomo_3,locomo_3_qa12,3,2,0.5,0.0,-6.0,-0.20724473618954975,1
locomo_3,locomo_3_qa13,2,1,1.0,0.0,-7.0,-0.27274551218185017,1
locomo_3,locomo_3_qa14,3,1,0.0,0.0,-9.0,-0.4703360543781261,0
locomo_3,locomo_3_qa15,2,1,1.0,0.0,1.0,-0.2854528184730637,1
locomo_3,locomo_3_qa16,2,2,0.5,0.0,3.0,-0.4702497312382706,1
locomo_3,locomo_3_qa17,2,1,0.0,0.0,-20.0,-0.46723825879319963,0
locomo_3,locomo_3_qa18,2,1,0.0,0.0,-15.0,-0.8005928319803871,0
locomo_3,locomo_3_qa19,1,2,0.5,0.0,0.0,-0.1070878376667973,1
locomo_3,locomo_3_qa20,2,1,0.0,0.0,-19.0,-0.8378384438824376,0
locomo_3,locomo_3_qa21,2,1,1.0,1.0,2.0,0.12735790963425359,0
locomo_3,locomo_3_qa22,2,2,0.0,0.0,-19.0,-0.49889028649512307,0
locomo_3,locomo_3_qa23,1,5,0.5999999999999999,0.20000000000000004,6.0,0.09777931366133419,1
locomo_3,locomo_3_qa24,2,1,1.0,1.0,4.0,0.10583294631242901,0
locomo_3,locomo_3_qa25,2,1,0.0,0.0,-20.0,-0.5554407372746147,0
locomo_3,locomo_3_qa26,2,1,0.0,0.0,-20.0,-0.9064826536540311,0
locomo_3,locomo_3_qa27,1,2,0.0,0.0,-14.0,-0.39420875348572787,0
locomo_3,locomo_3_qa28,2,1,1.0,0.0,-1.0,-0.08247281466665474,1
locomo_3,locomo_3_qa29,2,1,1.0,0.0,2.0,-0.3602925072432848,1
locomo_3,locomo_3_qa30,1,4,0.25,0.0,1.0,-0.1856660496623188,1
locomo_3,locomo_3_qa31,2,1,0.0,0.0,-6.0,-0.10447409452310208,0
locomo_3,locomo_3_qa32,2,1,0.0,0.0,-18.0,-0.8157758615175674,0
locomo_3,locomo_3_qa33,2,1,0.0,0.0,-6.0,-0.5919152810830713,0
locomo_3,locomo_3_qa34,1,4,0.0,0.0,-6.0,-0.24603138391100848,0
locomo_3,locomo_3_qa35,2,1,0.0,1.0,-4.0,0.09281305030373121,0
locomo_3,locomo_3_qa36,2,1,1.0,1.0,3.0,-0.0679224868014377,0
locomo_3,locomo_3_qa37,2,1,0.0,0.0,-4.0,-0.08713856308225987,0
locomo_3,locomo_3_qa38,2,1,0.0,0.0,-2.0,-0.13735288534486628,0
locomo_3,locomo_3_qa39,2,1,0.0,0.0,-11.0,-0.8985084921037655,0
locomo_3,locomo_3_qa40,2,1,0.0,0.0,-6.0,-0.5703706696584314,0
locomo_3,locomo_3_qa41,2,1,0.0,0.0,-3.0,-0.2810842756411847,0
locomo_3,locomo_3_qa42,1,3,0.0,0.0,-18.0,-0.5311929711456111,0
locomo_3,locomo_3_qa43,2,2,0.0,0.0,-4.0,-0.2017921595569066,0
locomo_3,locomo_3_qa44,2,1,1.0,1.0,-3.0,-0.07408747679967398,0
locomo_3,locomo_3_qa45,2,1,0.0,0.0,-14.0,-0.19343752982992973,0
locomo_3,locomo_3_qa46,1,2,0.5,0.5,0.0,0.08445154990592307,0
locomo_3,locomo_3_qa47,1,2,0.5,0.0,2.0,-0.0747693980444829,1
locomo_3,locomo_3_qa48,2,1,1.0,0.0,0.0,-0.2527753442156081,1
locomo_3,locomo_3_qa49,1,2,0.5,0.5,2.0,-0.1169182748699441,0
locomo_3,locomo_3_qa50,1,3,0.33333333333333326,0.0,-5.0,-0.13104954348549624,1
locomo_3,locomo_3_qa51,1,2,0.0,0.0,-11.0,-0.7509320475250629,0
locomo_3,locomo_3_qa52,1,3,0.0,0.0,-5.0,-0.15920701369161128,0
locomo_3,locomo_3_qa53,1,2,0.5,0.5,6.0,0.02720239555806936,0
locomo_3,locomo_3_qa54,2,1,1.0,0.0,-3.0,-0.2279993600668363,1
locomo_3,locomo_3_qa55,1,6,0.0,0.0,-2.0,-0.17763215196835325,0
locomo_3,locomo_3_qa56,1,2,0.0,0.0,-19.0,-0.5488158635144643,0
locomo_3,locomo_3_qa57,2,1,0.0,0.0,-21.0,-0.7316935828609583,0
locomo_3,locomo_3_qa58,1,7,0.0,0.0,-10.0,-0.30275917920100487,0
locomo_3,locomo_3_qa59,1,2,0.0,0.0,-16.0,-0.39358519577064593,0
locomo_3,locomo_3_qa60,3,1,0.0,0.0,-21.0,-0.6535463818603391,0
locomo_3,locomo_3_qa61,1,3,0.33333333333333326,0.33333333333333326,0.0,0.11429674892451658,0
locomo_3,locomo_3_qa62,1,2,0.0,0.0,-9.0,-0.6014438356816221,0
locomo_3,locomo_3_qa63,1,5,0.0,0.0,-17.0,-0.35401614978915713,0
locomo_3,locomo_3_qa64,2,1,0.0,0.0,-12.0,-0.45387165705065874,0
locomo_3,locomo_3_qa65,2,1,0.0,0.0,-16.0,-0.7517516655128164,0
locomo_3,locomo_3_qa66,3,3,0.0,0.0,-20.0,-0.36894250486740465,0
locomo_3,locomo_3_qa67,1,4,0.0,0.0,-17.0,-0.34583391125922275,0
locomo_3,locomo_3_qa68,3,5,0.0,0.0,-3.0,-0.4952689580626869,0
locomo_3,locomo_3_qa69,1,3,0.0,0.0,-12.0,-0.25056307032777514,0
locomo_3,locomo_3_qa70,1,3,0.0,0.0,-12.0,-0.17308881023582723,0
locomo_3,locomo_3_qa71,1,2,0.5,0.0,-2.0,-0.20987255746165873,1
locomo_3,locomo_3_qa72,2,1,0.0,0.0,-14.0,-0.3691271130570991,0
locomo_3,locomo_3_qa73,3,1,0.0,0.0,-20.0,-0.7795597915633891,0
locomo_3,locomo_3_qa74,1,7,0.0,0.0,-11.0,-0.40429573989003054,0
locomo_3,locomo_3_qa75,1,4,0.0,0.0,-20.0,-0.13668433481390474,0
locomo_3,locomo_3_qa76,1,2,0.5,0.0,1.0,-0.15109988787226525,1
locomo_3,locomo_3_qa77,2,1,1.0,0.0,5.0,-0.2165979920723155,1
locomo_3,locomo_3_qa78,1,9,0.33333333333333326,0.22222222222222224,12.0,0.10840782556057049,1
locomo_3,locomo_3_qa79,1,5,0.0,0.0,-6.0,-0.46613272098955943,0
locomo_3,locomo_3_qa80,1,7,0.2857142857142857,0.2857142857142857,1.0,0.006753512860983912,0
locomo_3,locomo_3_qa81,1,8,0.0,0.0,-7.0,-0.4139082116175044,0
locomo_3,locomo_3_qa82,1,2,0.0,0.0,-14.0,-0.7477962226222017,0
locomo_3,locomo_3_qa83,1,3,0.0,0.0,-20.0,-0.5724025738682859,0
locomo_3,locomo_3_qa84,3,2,0.0,0.0,-14.0,-0.621264840053348,0
locomo_3,locomo_3_qa85,3,1,0.0,0.0,-5.0,-0.31928549311276744,0
locomo_3,locomo_3_qa86,2,1,0.0,0.0,-4.0,-0.3472552077121947,0
locomo_3,locomo_3_qa87,3,1,0.0,0.0,-29.0,-0.8974104401253256,0
locomo_3,locomo_3_qa88,4,3,0.0,0.0,-11.0,-0.49924147849386563,0
locomo_3,locomo_3_qa89,4,2,0.5,0.0,3.0,-0.2918651885941985,1
locomo_3,locomo_3_qa90,4,1,0.0,0.0,-15.0,-0.5379950276242502,0
locomo_3,locomo_3_qa91,4,1,1.0,0.0,5.0,-0.15580609085351588,1
locomo_3,locomo_3_qa92,4,1,0.0,1.0,-12.0,-0.12024283827904231,0
locomo_3,locomo_3_qa93,4,2,0.5,0.0,0.0,-0.14747403837329176,1
locomo_3,locomo_3_qa94,4,2,0.0,0.0,-17.0,-0.44259954991074807,0
locomo_3,locomo_3_qa95,4,2,0.5,0.5,-4.0,-0.0069832615324956215,0
locomo_3,locomo_3_qa96,4,1,0.0,0.0,-22.0,-0.4008283834794067,0
locomo_3,locomo_3_qa97,4,1,0.0,0.0,-12.0,-0.40015531624625567,0
locomo_3,locomo_3_qa98,4,1,0.0,0.0,-18.0,-0.41574055336761473,0
locomo_3,locomo_3_qa99,4,1,0.0,1.0,-10.0,-0.027297134528973088,0
locomo_3,locomo_3_qa100,4,1,0.0,0.0,-13.0,-0.3495919790862981,0
locomo_3,locomo_3_qa101,4,1,0.0,0.0,-19.0,-0.8490398668875263,0
locomo_3,locomo_3_qa102,4,1,0.0,0.0,-20.0,-0.4063007319680297,0
locomo_3,locomo_3_qa103,4,1,0.0,0.0,-25.0,-0.5577475314886127,0
locomo_3,locomo_3_qa104,4,1,1.0,1.0,4.0,0.07659277882237614,0
locomo_3,locomo_3_qa105,4,1,0.0,0.0,-11.0,-0.25335066597721473,0
locomo_3,locomo_3_qa106,4,1,0.0,0.0,-10.0,-0.20722708085949798,0
locomo_3,locomo_3_qa107,4,1,0.0,0.0,-7.0,-0.037016413420370875,0
locomo_3,locomo_3_qa108,4,1,0.0,0.0,-11.0,-0.7450910397566587,0
locomo_3,locomo_3_qa109,4,1,0.4,0.0,-3.0,-0.3582870295294893,1
locomo_3,locomo_3_qa110,4,1,0.0,0.0,-13.0,-0.6804589066549703,0
locomo_3,locomo_3_qa111,4,1,1.0,1.0,-5.0,-0.019870935980924376,0
locomo_3,locomo_3_qa112,4,1,0.0,0.0,-9.0,-0.179270479866457,0
locomo_3,locomo_3_qa113,4,1,0.0,0.0,-21.0,-0.33365924089948806,0
locomo_3,locomo_3_qa114,4,1,0.0,0.0,-9.0,-0.5718770095079689,0
locomo_3,locomo_3_qa115,4,1,0.5,1.0,-1.0,-0.025187964192157852,0
locomo_3,locomo_3_qa116,4,1,1.0,1.0,9.0,-0.011569200014510561,0
locomo_3,locomo_3_qa117,4,1,0.0,0.0,-19.0,-0.60824748094708,0
locomo_3,locomo_3_qa118,4,1,0.0,0.0,-13.0,-0.5440825509721349,0
locomo_3,locomo_3_qa119,4,1,1.0,1.0,15.0,0.20063403499661792,0
locomo_3,locomo_3_qa120,4,1,0.0,0.0,-16.0,-0.4331812595385026,0
locomo_3,locomo_3_qa121,4,1,1.0,1.0,5.0,-0.14765575178305812,0
locomo_3,locomo_3_qa122,4,1,0.0,0.0,-28.0,-1.0041820530416778,0
locomo_3,locomo_3_qa123,4,1,0.0,1.0,-3.0,-0.07135334897449319,0
locomo_3,locomo_3_qa124,4,1,0.0,0.0,-12.0,-0.5328080445038449,0
locomo_3,locomo_3_qa125,4,1,0.0,0.0,-17.0,-0.7318537693189175,0
locomo_3,locomo_3_qa126,4,1,0.0,0.0,-15.0,-0.7211365118143568,0
locomo_3,locomo_3_qa127,4,1,1.0,1.0,1.0,0.02734513741534239,0
locomo_3,locomo_3_qa128,4,1,0.4,1.0,-1.0,-0.12229948992979489,0
locomo_3,locomo_3_qa129,4,1,0.0,0.0,-6.0,-0.29505719345524684,0
locomo_3,locomo_3_qa130,4,1,1.0,1.0,8.0,0.13489021743491858,0
locomo_3,locomo_3_qa131,4,1,0.0,0.0,-6.0,-0.23104144672610705,0
locomo_3,locomo_3_qa132,4,1,0.0,0.0,-3.0,-0.065799555130445,0
locomo_3,locomo_3_qa133,4,1,1.0,1.0,2.0,0.14516288928383414,0
locomo_3,locomo_3_qa134,4,1,0.0,0.0,-31.0,-0.7825061104206177,0
locomo_3,locomo_3_qa135,4,1,0.0,0.0,-14.0,-0.4948488041771949,0
locomo_3,locomo_3_qa136,4,1,0.25,0.0,-8.0,-0.1394959941554934,1
locomo_3,locomo_3_qa137,4,1,0.0,0.0,-26.0,-0.7852535712632107,0
locomo_3,locomo_3_qa138,4,1,0.0,0.0,-11.0,-0.7162208546265911,0
locomo_3,locomo_3_qa139,4,1,0.0,0.0,-9.0,-0.22297273407982604,0
locomo_3,locomo_3_qa140,4,1,0.0,0.0,-7.0,-0.39380599340312783,0
locomo_3,locomo_3_qa141,4,1,0.0,0.0,-7.0,-0.3228843384743759,0
locomo_3,locomo_3_qa142,4,1,0.0,0.0,-12.0,-0.1779405400327096,0
locomo_3,locomo_3_qa143,4,1,1.0,0.0,-1.0,-0.4559937709712892,1
locomo_3,locomo_3_qa144,4,1,0.0,0.0,-9.0,-0.06311741594339365,0
locomo_3,locomo_3_qa145,4,1,0.0,0.0,-3.0,-0.3702019579814768,0
locomo_3,locomo_3_qa146,4,1,0.0,0.0,-14.0,-0.31488640266682966,0
locomo_3,locomo_3_qa147,4,1,0.0,0.0,-24.0,-0.5190784733924532,0
locomo_3,locomo_3_qa148,4,1,0.0,0.0,-33.0,-0.8664887183706044,0
locomo_3,locomo_3_qa149,4,1,0.0,0.0,-3.0,-0.3516042619226667,0
locomo_3,locomo_3_qa150,4,1,0.0,0.0,-3.0,-0.32853710148889276,0
locomo_3,locomo_3_qa151,4,1,0.0,0.0,-19.0,-0.5975703589848501,0
locomo_3,locomo_3_qa152,4,1,0.0,1.0,-13.0,-0.08460002668553657,0
locomo_3,locomo_3_qa153,4,1,1.0,1.0,1.0,0.003959546609343723,0
locomo_3,locomo_3_qa154,4,1,1.0,0.0,0.0,-0.1668523412588181,1
locomo_3,locomo_3_qa155,4,1,0.0,0.0,-34.0,-0.6727469082698637,0
locomo_3,locomo_3_qa156,4,1,1.0,1.0,5.0,0.09843798515054769,0
locomo_3,locomo_3_qa157,4,1,1.0,1.0,3.0,0.0040749690834874785,0
locomo_3,locomo_3_qa158,4,1,0.0,0.0,-10.0,-0.1750986417441145,0
locomo_3,locomo_3_qa159,4,1,1.0,1.0,1.0,-0.009302442303881997,0
locomo_3,locomo_3_qa160,4,1,0.0,0.0,-11.0,-0.1979688923216057,0
locomo_3,locomo_3_qa161,4,1,0.0,0.0,-12.0,-0.4502317780292903,0
locomo_3,locomo_3_qa162,4,1,0.0,0.0,-8.0,-0.19860864981776966,0
locomo_3,locomo_3_qa163,4,1,1.0,1.0,-2.0,0.10121640038186919,0
locomo_3,locomo_3_qa164,4,1,1.0,1.0,6.0,-0.04460722083983959,0
locomo_3,locomo_3_qa165,4,1,0.0,0.0,-12.0,-0.5748900283711194,0
locomo_3,locomo_3_qa166,4,1,1.0,0.0,3.0,-0.10532469907457692,1
locomo_3,locomo_3_qa167,4,1,0.0,0.0,-26.0,-0.688916320225269,0
locomo_3,locomo_3_qa168,4,1,1.0,1.0,9.0,0.10703310388540377,0
locomo_3,locomo_3_qa169,4,1,0.0,0.0,-25.0,-0.7357220049176667,0
locomo_3,locomo_3_qa170,4,1,0.0,0.0,-15.0,-0.2433468032054521,0
locomo_3,locomo_3_qa171,4,1,0.0,0.0,-35.0,-0.8381027140851511,0
locomo_3,locomo_3_qa172,4,1,0.0,0.0,-12.0,-0.29158290661029795,0
locomo_3,locomo_3_qa173,4,1,0.0,0.0,-20.0,-0.4151978067836504,0
locomo_3,locomo_3_qa174,4,1,0.0,0.0,-18.0,-0.5680177555597488,0
locomo_3,locomo_3_qa175,4,1,1.0,1.0,-8.0,0.060062892574646365,0
locomo_3,locomo_3_qa176,4,1,0.25,1.0,-1.0,-0.04591981826497005,0
locomo_3,locomo_3_qa177,4,1,0.0,0.0,-16.0,-0.22064280786846807,0
locomo_3,locomo_3_qa178,4,1,0.0,0.0,-17.0,-0.17738038651028076,0
locomo_3,locomo_3_qa179,4,1,1.0,0.0,0.0,-0.11759385396364641,1
locomo_3,locomo_3_qa180,4,1,0.0,0.0,-19.0,-0.4934653574423195,0
locomo_3,locomo_3_qa181,4,1,0.0,0.0,-8.0,-0.13359927060389487,0
locomo_3,locomo_3_qa182,4,1,0.0,0.0,-13.0,-0.49057553223438527,0
locomo_3,locomo_3_qa183,4,1,1.0,1.0,-11.0,-0.08318209257817011,0
locomo_3,locomo_3_qa184,4,3,0.33333333333333326,0.0,0.0,-0.2638841328871464,1
locomo_3,locomo_3_qa185,4,1,1.0,0.0,-5.0,-0.14313476651313506,1
locomo_3,locomo_3_qa186,4,1,0.0,0.0,-25.0,-0.8084490939708002,0
locomo_3,locomo_3_qa187,4,1,0.2,1.0,-3.0,0.0012503298113183403,0
locomo_3,locomo_3_qa188,4,1,0.0,0.0,-10.0,-0.5933372503806892,0
locomo_3,locomo_3_qa189,4,1,0.0,0.0,-19.0,-0.41888729538854713,0
locomo_3,locomo_3_qa190,4,1,0.0,0.0,-6.0,-0.1914493878068498,0
locomo_3,locomo_3_qa191,4,1,0.0,0.0,-8.0,-0.33153760242794916,0
locomo_3,locomo_3_qa192,4,1,1.0,0.0,-1.0,-0.3970362609787765,1
locomo_3,locomo_3_qa193,4,1,1.0,1.0,4.0,-0.11872164813411312,0
locomo_3,locomo_3_qa194,4,1,0.0,0.0,-8.0,-0.5144402307620864,0
locomo_3,locomo_3_qa195,4,1,0.0,0.0,-9.0,-0.47293408886831834,0
locomo_3,locomo_3_qa196,4,1,0.0,0.0,-25.0,-0.642919710384379,0
locomo_3,locomo_3_qa197,4,1,0.0,0.0,-8.0,-0.22271641301856193,0
locomo_3,locomo_3_qa198,4,1,0.0,0.0,-20.0,-0.632323365750424,0
locomo_4,locomo_4_qa0,1,3,0.0,0.0,-12.0,-0.29356427415876846,0
locomo_4,locomo_4_qa1,1,2,0.225,0.0,-8.0,-0.20226517111422732,1
locomo_4,locomo_4_qa2,1,3,0.0,0.0,-7.0,-0.6269297005944136,0
locomo_4,locomo_4_qa3,3,3,0.0,0.0,-18.0,-0.6536498737767794,0
locomo_4,locomo_4_qa4,1,7,0.0,0.14285714285714285,-12.0,-0.029495106908108748,0
locomo_4,locomo_4_qa5,3,1,0.0,0.0,-24.0,-0.6423624805504725,0
locomo_4,locomo_4_qa6,2,1,0.0,0.0,-9.0,-0.5637550796980639,0
locomo_4,locomo_4_qa7,1,3,0.0,0.0,-18.0,-0.7326113378263432,0
locomo_4,locomo_4_qa8,3,2,0.5,0.5,1.0,0.005953928982414758,0
locomo_4,locomo_4_qa9,1,4,0.0,0.0,-4.0,-0.26076205611731984,0
locomo_4,locomo_4_qa10,2,2,0.5,0.5,3.0,0.04875788624861599,0
locomo_4,locomo_4_qa11,1,1,0.0,0.0,-14.0,-0.8231426292828401,0
locomo_4,locomo_4_qa12,2,1,0.0,0.0,-10.0,-0.48970805774783577,0
locomo_4,locomo_4_qa13,1,2,0.5,0.5,0.0,-0.02191117404245413,0
locomo_4,locomo_4_qa14,1,4,0.0,0.0,-18.0,-0.14305861389745694,0
locomo_4,locomo_4_qa15,3,1,1.0,1.0,5.0,0.07488693926233136,0
locomo_4,locomo_4_qa16,2,2,0.5,0.5,3.0,-0.021665826319702486,0
locomo_4,locomo_4_qa17,1,6,0.0,0.16666666666666663,-7.0,-0.027031658554560856,0
locomo_4,locomo_4_qa18,1,6,0.0,0.0,-9.0,-0.058766871471464976,0
locomo_4,locomo_4_qa19,3,3,0.0,0.0,-4.0,-0.16738585380742604,0
locomo_4,locomo_4_qa20,2,4,0.0,0.0,-11.0,-0.169429974246612,0
locomo_4,locomo_4_qa21,1,3,0.0,0.0,-12.0,-0.2970949097351394,0
locomo_4,locomo_4_qa22,2,1,0.0,0.0,-12.0,-0.4274762521308357,0
locomo_4,locomo_4_qa23,2,1,0.0,0.0,-10.0,-0.2656724599763225,0
locomo_4,locomo_4_qa24,2,3,0.0,0.0,-4.0,-0.5011522795358538,0
locomo_4,locomo_4_qa25,1,4,0.0,0.0,-12.0,-0.29084877456750113,0
locomo_4,locomo_4_qa26,1,2,0.5,0.0,0.0,-0.0997113972464097,1
locomo_4,locomo_4_qa27,3,2,0.0,0.0,-7.0,-0.26922258770684915,0
locomo_4,locomo_4_qa28,3,2,0.0,0.5,-5.0,0.13537018550964908,0
locomo_4,locomo_4_qa29,1,2,0.5,0.5,5.0,-0.013354567648294347,0
locomo_4,locomo_4_qa30,1,4,0.25,0.0,5.0,-0.40171718875111356,1
locomo_4,locomo_4_qa31,2,1,1.0,0.0,5.0,-0.2674766893783203,1
locomo_4,locomo_4_qa32,3,1,1.0,1.0,0.0,0.09873116336754328,0
locomo_4,locomo_4_qa33,2,1,0.25,1.0,-3.0,-0.05404738327003211,0
locomo_4,locomo_4_qa34,3,3,0.0,0.0,-20.0,-0.383708689949094,0
locomo_4,locomo_4_qa35,1,2,0.0,0.0,-18.0,-0.5389662194367524,0
locomo_4,locomo_4_qa36,1,3,0.0,0.0,-25.0,-0.5517065528429199,0
locomo_4,locomo_4_qa37,2,1,0.0,0.0,-20.0,-0.20175493457245552,0
locomo_4,locomo_4_qa38,1,3,0.0,0.0,-10.0,-0.7202602325591821,0
locomo_4,locomo_4_qa39,2,1,0.0,0.0,-10.0,-0.3596686592576635,0
locomo_4,locomo_4_qa40,2,1,0.0,0.0,-27.0,-0.7229762989467372,0
locomo_4,locomo_4_qa41,1,2,0.0,0.0,-11.0,-0.3754009523738357,0
locomo_4,locomo_4_qa42,1,4,0.0,0.0,-10.0,-0.6533020780960461,0
locomo_4,locomo_4_qa43,1,2,0.5,0.0,-1.0,-0.18418590352124187,1
locomo_4,locomo_4_qa44,2,1,0.0,0.0,-8.0,-0.38193166319063626,0
locomo_4,locomo_4_qa45,2,1,0.0,0.0,-8.0,-0.49529189213401315,0
locomo_4,locomo_4_qa46,2,1,0.0,0.0,-16.0,-0.5717200502329134,0
locomo_4,locomo_4_qa47,2,1,0.0,0.0,-26.0,-0.8044353281705119,0
locomo_4,locomo_4_qa48,1,1,0.0,0.0,-14.0,-0.7091368617746243,0
locomo_4,locomo_4_qa49,1,2,0.0,0.0,-9.0,-0.19263420017868343,0
locomo_4,locomo_4_qa50,1,2,0.0,0.0,-12.0,-0.45828794773376524,0
locomo_4,locomo_4_qa51,3,1,0.0,0.0,-9.0,-0.3474931490022116,0
locomo_4,locomo_4_qa52,1,2,0.5,0.0,-6.0,-0.18612437935972598,1
locomo_4,locomo_4_qa53,3,2,0.0,0.0,-11.0,-0.2615064776415086,0
locomo_4,locomo_4_qa54,2,1,0.0,0.0,-4.0,-0.34779555639171056,0
locomo_4,locomo_4_qa55,2,2,0.5,0.5,-4.0,0.06040957635960431,0
locomo_4,locomo_4_qa56,2,1,0.0,0.0,-5.0,-0.3696706160057873,0
locomo_4,locomo_4_qa57,1,2,0.5,0.0,-2.0,-0.39625473731210686,1
locomo_4,locomo_4_qa58,2,2,1.0,1.0,-1.0,0.010587531014934815,0
locomo_4,locomo_4_qa59,1,2,0.5,0.0,-1.0,-0.28853651557444626,1
locomo_4,locomo_4_qa60,2,1,1.0,0.0,-4.0,-0.25578269139243737,1
locomo_4,locomo_4_qa61,1,6,0.0,0.0,-20.0,-0.07509547529571414,0
locomo_4,locomo_4_qa62,1,2,0.0,0.0,-12.0,-0.3671550047861164,0
locomo_4,locomo_4_qa63,2,1,1.0,0.0,1.0,-0.18295045355363837,1
locomo_4,locomo_4_qa64,2,1,1.0,0.0,0.0,-0.13923406368904423,1
locomo_4,locomo_4_qa65,1,5,0.0,0.20000000000000004,-13.0,-0.10403640073118359,0
locomo_4,locomo_4_qa66,3,2,0.0,0.0,-11.0,-0.16669369744796075,0
locomo_4,locomo_4_qa67,3,4,0.0,0.0,-18.0,-0.5436617936303902,0
locomo_4,locomo_4_qa68,2,1,0.25,0.0,-2.0,-0.42862914697060694,1
locomo_4,locomo_4_qa69,2,1,0.0,0.0,-17.0,-0.6675163965248547,0
locomo_4,locomo_4_qa70,3,3,0.0,0.33333333333333326,-8.0,-0.016189595693052228,0
locomo_4,locomo_4_qa71,4,1,0.0,0.0,-22.0,-0.627004693051249,0
locomo_4,locomo_4_qa72,4,1,0.0,0.0,-12.0,-0.27998115079122454,0
locomo_4,locomo_4_qa73,4,1,1.0,1.0,-1.0,0.07114305278997157,0
locomo_4,locomo_4_qa74,4,1,1.0,0.0,-7.0,-0.09448339586452525,1
locomo_4,locomo_4_qa75,4,1,0.0,0.0,-20.0,-0.6893612643582858,0
locomo_4,locomo_4_qa76,4,1,0.0,0.0,-8.0,-0.07985084985777224,0
locomo_4,locomo_4_qa77,4,1,1.0,0.0,3.0,-0.12834400203284463,1
locomo_4,locomo_4_qa78,4,1,0.0,0.0,-22.0,-0.5574440306734789,0
locomo_4,locomo_4_qa79,4,1,1.0,0.0,3.0,-0.15380109102924144,1
locomo_4,locomo_4_qa80,4,1,1.0,1.0,1.0,0.026851362550788238,0
locomo_4,locomo_4_qa81,4,1,0.0,0.0,-22.0,-0.25895106266567136,0
locomo_4,locomo_4_qa82,4,1,0.0,0.0,-13.0,-0.2681648117340967,0
locomo_4,locomo_4_qa83,4,1,0.0,1.0,-15.0,-0.042543174436514564,0
locomo_4,locomo_4_qa84,4,1,0.0,0.0,-21.0,-0.5963469882165473,0
locomo_4,locomo_4_qa85,4,1,0.0,0.0,-12.0,-0.4038924894845195,0
locomo_4,locomo_4_qa86,4,1,0.0,0.0,-28.0,-0.6749739784351041,0
locomo_4,locomo_4_qa87,4,1,1.0,0.0,-4.0,-0.13524436236176607,1
locomo_4,locomo_4_qa88,4,1,0.0,0.0,-11.0,-0.6258502438048685,0
locomo_4,locomo_4_qa89,4,1,0.0,0.0,-11.0,-0.21048693359830256,0
locomo_4,locomo_4_qa90,4,1,1.0,0.0,-1.0,-0.15411119894612257,1
locomo_4,locomo_4_qa91,4,1,1.0,0.0,-2.0,-0.28783427213612706,1
locomo_4,locomo_4_qa92,4,1,0.0,0.0,-15.0,-0.6476656754440893,0
locomo_4,locomo_4_qa93,4,1,0.0,0.0,-15.0,-0.5283196075379432,0
locomo_4,locomo_4_qa94,4,1,1.0,0.0,-4.0,-0.22448233506215648,1
locomo_4,locomo_4_qa95,4,1,0.0,0.0,-12.0,-0.3549435865523406,0
locomo_4,locomo_4_qa96,4,2,0.5,0.5,5.0,0.038856984856978194,0
locomo_4,locomo_4_qa97,4,1,1.0,1.0,13.0,0.025434465698197406,0
locomo_4,locomo_4_qa98,4,1,1.0,0.0,5.0,-0.057871765670905795,1
locomo_4,locomo_4_qa99,4,1,1.0,1.0,1.0,0.13692657906359362,0
locomo_4,locomo_4_qa100,4,1,1.0,1.0,6.0,-0.023950321117454987,0
locomo_4,locomo_4_qa101,4,1,0.0,0.0,-7.0,-0.27140573319999833,0
locomo_4,locomo_4_qa102,4,1,0.0,0.0,-16.0,-0.5813907394153571,0
locomo_4,locomo_4_qa103,4,2,0.0,0.0,-5.0,-0.5580457906041285,0
locomo_4,locomo_4_qa104,4,1,0.0,0.0,-8.0,-0.4609209831279488,0
locomo_4,locomo_4_qa105,4,1,0.0,0.0,-21.0,-0.5630165739716215,0
locomo_4,locomo_4_qa106,4,1,1.0,1.0,3.0,0.11787665867866293,0
locomo_4,locomo_4_qa107,4,1,0.0,0.0,-10.0,-0.6784955602439241,0
locomo_4,locomo_4_qa108,4,1,0.0,0.0,-26.0,-0.3854953143247538,0
locomo_4,locomo_4_qa109,4,1,0.0,0.0,-13.0,-0.7418780878289202,0
locomo_4,locomo_4_qa110,4,1,0.0,0.0,-20.0,-0.40652499412849974,0
locomo_4,locomo_4_qa111,4,1,0.0,0.0,-7.0,-0.5612043137232543,0
locomo_4,locomo_4_qa112,4,1,1.0,1.0,4.0,0.07041051014321931,0
locomo_4,locomo_4_qa113,4,1,0.0,0.0,-5.0,-0.38351583055229993,0
locomo_4,locomo_4_qa114,4,1,1.0,0.0,2.0,-0.10061272276787747,1
locomo_4,locomo_4_qa115,4,1,0.0,0.0,-18.0,-0.19438090507837752,0
locomo_4,locomo_4_qa116,4,1,1.0,0.0,5.0,-0.14875733178130246,1
locomo_4,locomo_4_qa117,4,1,0.0,0.0,-3.0,-0.154960385512517,0
locomo_4,locomo_4_qa118,4,1,0.0,0.0,-24.0,-0.58378288175428,0
locomo_4,locomo_4_qa119,4,1,0.0,0.0,-10.0,-0.3410119792596287,0
locomo_4,locomo_4_qa120,4,1,0.0,0.0,-9.0,-0.29450290198392687,0
locomo_4,locomo_4_qa121,4,1,0.0,1.0,-11.0,0.03986214793163967,0
locomo_4,locomo_4_qa122,4,1,0.0,0.0,-16.0,-0.38703938955670064,0
locomo_4,locomo_4_qa123,4,1,0.0,0.0,-12.0,-0.19017873166626836,0
locomo_4,locomo_4_qa124,4,1,0.0,0.0,-15.0,-0.45339104585170176,0
locomo_4,locomo_4_qa125,4,1,1.0,0.0,-2.0,-0.16490234368677548,1
locomo_4,locomo_4_qa126,4,1,1.0,1.0,1.0,0.13559929927314252,0
locomo_4,locomo_4_qa127,4,1,1.0,0.0,1.0,-0.4443928520738687,1
locomo_4,locomo_4_qa128,4,3,0.6666666666666665,0.33333333333333326,7.0,-0.011800810674367668,1
locomo_4,locomo_4_qa129,4,1,0.0,0.0,-24.0,-0.5430389743371038,0
locomo_4,locomo_4_qa130,4,1,1.0,1.0,-2.0,-0.014125477893043192,0
locomo_4,locomo_4_qa131,4,1,1.0,0.0,5.0,-0.20014818658590017,1
locomo_4,locomo_4_qa132,4,2,0.225,0.0,-4.0,-0.07777609559908982,1
locomo_4,locomo_4_qa133,4,1,0.0,0.0,-4.0,-0.5272775292958297,0
locomo_4,locomo_4_qa134,4,1,1.0,1.0,-9.0,-0.17322240820191748,0
locomo_4,locomo_4_qa135,4,1,0.0,0.0,-28.0,-0.7177453099534562,0
locomo_4,locomo_4_qa136,4,3,0.0,0.0,-14.0,-0.5743674643462724,0
locomo_4,locomo_4_qa137,4,1,1.0,1.0,6.0,-0.06413905811250209,0
locomo_4,locomo_4_qa138,4,1,0.0,0.0,-7.0,-0.47849090059842136,0
locomo_4,locomo_4_qa139,4,1,1.0,1.0,3.0,0.21061867832947712,0
locomo_4,locomo_4_qa140,4,1,0.0,0.0,-16.0,-0.3166406543256851,0
locomo_4,locomo_4_qa141,4,1,1.0,1.0,5.0,0.07096942799247541,0
locomo_4,locomo_4_qa142,4,1,1.0,0.0,3.0,-0.08388952489822304,1
locomo_4,locomo_4_qa143,4,1,1.0,0.0,3.0,-0.2997178995075586,1
locomo_4,locomo_4_qa144,4,1,0.0,0.0,-18.0,-0.6382193497994049,0
locomo_4,locomo_4_qa145,4,1,0.0,1.0,-6.0,-0.059712461415956763,0
locomo_4,locomo_4_qa146,4,1,1.0,0.0,4.0,-0.2770576624710172,1
locomo_4,locomo_4_qa147,4,1,1.0,1.0,-12.0,-0.07415842121739158,0
locomo_4,locomo_4_qa148,4,1,0.0,0.0,-15.0,-0.3931502728267732,0
locomo_4,locomo_4_qa149,4,1,0.0,0.0,-22.0,-0.2050816810904056,0
locomo_4,locomo_4_qa150,4,1,1.0,1.0,3.0,0.12866165523538542,0
locomo_4,locomo_4_qa151,4,3,0.0,0.0,-11.0,-0.2930235187609717,0
locomo_4,locomo_4_qa152,4,1,1.0,1.0,9.0,0.027252744416104036,0
locomo_4,locomo_4_qa153,4,1,1.0,1.0,5.0,0.13885474455025804,0
locomo_4,locomo_4_qa154,4,1,1.0,0.0,-1.0,-0.3293313982112942,1
locomo_4,locomo_4_qa155,4,1,1.0,0.0,-1.0,-0.5895873763578499,1
locomo_4,locomo_4_qa156,4,1,0.0,0.0,-32.0,-0.7433805855451154,0
locomo_4,locomo_4_qa157,4,1,1.0,0.0,-2.0,-0.115776714246833,1
locomo_4,locomo_4_qa158,4,1,1.0,1.0,1.0,0.14781725997557604,0
locomo_4,locomo_4_qa159,4,1,0.0,0.0,-3.0,-0.5598227527136745,0
locomo_4,locomo_4_qa160,4,1,0.0,0.0,-16.0,-0.6409627772135722,0
locomo_4,locomo_4_qa161,4,1,0.0,0.0,-6.0,-0.5225768145099795,0
locomo_4,locomo_4_qa162,4,1,1.0,1.0,-12.0,-0.18753216506244252,0
locomo_4,locomo_4_qa163,4,1,0.0,0.0,-12.0,-0.19238928428212232,0
locomo_4,locomo_4_qa164,4,1,0.0,0.0,-6.0,-0.41403155272649145,0
locomo_4,locomo_4_qa165,4,1,0.0,0.0,-11.0,-0.44639252212832187,0
locomo_4,locomo_4_qa166,4,1,1.0,0.0,1.0,-0.14486359081773698,1
locomo_4,locomo_4_qa167,4,1,0.0,0.0,-12.0,-0.17942846048890432,0
locomo_4,locomo_4_qa168,4,1,1.0,0.0,0.0,-0.22776625086387586,1
locomo_4,locomo_4_qa169,4,1,1.0,1.0,3.0,-0.04875648620491668,0
locomo_4,locomo_4_qa170,4,1,1.0,1.0,8.0,-0.07565207799552509,0
locomo_4,locomo_4_qa171,4,1,0.0,0.0,-7.0,-0.18100559083704282,0
locomo_4,locomo_4_qa172,4,1,0.0,0.0,-7.0,-0.15725349996504312,0
locomo_4,locomo_4_qa173,4,1,0.0,0.0,-10.0,-0.32656239084817795,0
locomo_4,locomo_4_qa174,4,1,0.0,0.0,-19.0,-0.7850541012416751,0
locomo_4,locomo_4_qa175,4,1,0.0,0.0,-17.0,-0.9860881639056531,0
locomo_4,locomo_4_qa176,4,1,0.0,0.0,-19.0,-0.6359491646260784,0
locomo_4,locomo_4_qa177,4,1,0.0,0.0,-15.0,-0.7509375309088913,0
locomo_5,locomo_5_qa0,2,1,0.0,0.0,-11.0,-0.3596634031469905,0
locomo_5,locomo_5_qa1,2,1,1.0,1.0,0.0,-0.0044353308437307115,0
locomo_5,locomo_5_qa2,1,3,0.0,0.0,-12.0,-0.27339368770459094,0
locomo_5,locomo_5_qa3,1,8,0.125,0.125,-1.0,0.0614208261954875,0
locomo_5,locomo_5_qa4,2,1,0.0,0.0,-8.0,-0.20894435546422074,0
locomo_5,locomo_5_qa5,2,1,0.0,0.0,-7.0,-0.45198275430906876,0
locomo_5,locomo_5_qa6,2,1,0.45,0.0,-1.0,-0.20820794949259774,1
locomo_5,locomo_5_qa7,2,2,0.0,0.0,-8.0,-0.37217717631638453,0
locomo_5,locomo_5_qa8,2,1,0.0,0.0,-13.0,-0.4150392042110412,0
locomo_5,locomo_5_qa9,1,5,0.20000000000000004,0.0,-3.0,-0.21011183479862167,1
locomo_5,locomo_5_qa10,2,1,0.0,0.0,-23.0,-0.7096434450154541,0
locomo_5,locomo_5_qa11,2,1,0.0,0.0,-9.0,-0.18237379535290227,0
locomo_5,locomo_5_qa12,1,3,0.13333333333333333,0.33333333333333326,-6.0,-0.12336385094908686,0
locomo_5,locomo_5_qa13,2,1,1.0,0.0,1.0,-0.2290111420137757,1
locomo_5,locomo_5_qa14,1,2,0.5,0.5,-9.0,-0.13645147509228295,0
locomo_5,locomo_5_qa15,1,2,0.0,0.0,-14.0,-0.09238349866600126,0
locomo_5,locomo_5_qa16,2,1,0.0,0.0,-17.0,-0.38735242786710045,0
locomo_5,locomo_5_qa17,1,3,0.0,0.0,-15.0,-0.4291600992485355,0
locomo_5,locomo_5_qa18,1,2,0.0,0.0,-13.0,-0.2434897776511496,0
locomo_5,locomo_5_qa19,3,2,0.0,0.0,-14.0,-0.3458970223741975,0
locomo_5,locomo_5_qa20,3,2,0.0,0.0,-16.0,-0.2199087677673955,0
locomo_5,locomo_5_qa21,1,3,0.0,0.0,-6.0,-0.2786561695099106,0
locomo_5,locomo_5_qa22,2,1,0.0,0.0,-27.0,-0.452989595613449,0
locomo_5,locomo_5_qa23,1,4,0.0,0.0,-12.0,-0.5626891869582473,0
locomo_5,locomo_5_qa24,1,2,0.0,0.0,-16.0,-0.3383049460706115,0
locomo_5,locomo_5_qa25,2,1,1.0,0.0,-4.0,-0.18061041952242773,1
locomo_5,locomo_5_qa26,1,4,0.0,0.0,-7.0,-0.20010212138621136,0
locomo_5,locomo_5_qa27,1,4,0.0,0.0,-10.0,-0.37276049622913565,0
locomo_5,locomo_5_qa28,1,3,0.0,0.0,-6.0,-0.2027992361642968,0
locomo_5,locomo_5_qa29,1,3,0.0,0.0,-10.0,-0.37691212586864087,0
locomo_5,locomo_5_qa30,2,1,0.0,1.0,-6.0,0.038656401964027864,0
locomo_5,locomo_5_qa31,1,2,0.0,0.0,-23.0,-0.5565924035178775,0
locomo_5,locomo_5_qa32,1,3,1.0,1.0,10.0,0.13359218203730838,0
locomo_5,locomo_5_qa33,3,3,0.0,0.0,-16.0,-0.44754043614802275,0
locomo_5,locomo_5_qa34,2,2,0.0,0.0,-23.0,-0.5213079664087845,0
locomo_5,locomo_5_qa35,1,3,0.0,0.0,-12.0,-0.30022511378429106,0
locomo_5,locomo_5_qa36,1,4,0.0,0.0,-13.0,-0.17212725134017637,0
locomo_5,locomo_5_qa37,2,1,0.0,0.0,-9.0,-0.2176143552274768,0
locomo_5,locomo_5_qa38,2,1,1.0,0.0,-3.0,-0.14308018422914442,1
locomo_5,locomo_5_qa39,1,2,0.0,0.0,-22.0,-0.41868685117938076,0
locomo_5,locomo_5_qa40,1,3,0.0,0.0,-10.0,-0.24911002605592691,0
locomo_5,locomo_5_qa41,1,2,0.5,0.0,0.0,-0.2820637907977035,1
locomo_5,locomo_5_qa42,1,2,0.0,0.0,-12.0,-0.38897310726610523,0
locomo_5,locomo_5_qa43,3,1,0.0,0.0,-23.0,-0.6637320920067127,0
locomo_5,locomo_5_qa44,3,2,0.5,0.5,3.0,0.11576877913032879,0
locomo_5,locomo_5_qa45,2,3,0.0,0.0,-6.0,-0.3787362044621863,0
locomo_5,locomo_5_qa46,2,2,0.0,0.0,-16.0,-0.3075290801826163,0
locomo_5,locomo_5_qa47,2,2,0.0,0.0,-29.0,-0.7720819029090659,0
locomo_5,locomo_5_qa48,1,2,0.0,0.0,-11.0,-0.4005789681375318,0
locomo_5,locomo_5_qa49,1,2,0.0,0.0,-10.0,-0.323965471507645,0
locomo_5,locomo_5_qa50,1,2,0.0,0.0,-4.0,-0.421641601765794,0
locomo_5,locomo_5_qa51,1,4,0.0,0.0,-6.0,-0.3275649389707279,0
locomo_5,locomo_5_qa52,3,4,0.0,0.0,-14.0,-0.281465821406637,0
locomo_5,locomo_5_qa53,3,4,0.0,0.0,-11.0,-0.38827208454712525,0
locomo_5,locomo_5_qa54,1,5,0.0,0.0,-8.0,-0.10912588960979908,0
locomo_5,locomo_5_qa55,2,1,0.0,0.0,-23.0,-0.5460029780810013,0
locomo_5,locomo_5_qa56,1,2,0.0,0.0,-24.0,-0.37884235900303415,0
locomo_5,locomo_5_qa57,2,1,0.0,0.0,-19.0,-0.5353270947443779,0
locomo_5,locomo_5_qa58,2,1,0.0,0.0,-15.0,-0.42075133886646743,0
locomo_5,locomo_5_qa59,2,1,0.0,0.0,-15.0,-0.33901815561954773,0
locomo_5,locomo_5_qa60,1,3,0.0,0.0,-9.0,-0.7076657915604402,0
locomo_5,locomo_5_qa61,4,1,0.0,0.0,-10.0,-0.3390697744004441,0
locomo_5,locomo_5_qa62,4,1,1.0,1.0,7.0,0.19244103038332472,0
locomo_5,locomo_5_qa63,4,1,0.0,0.0,-8.0,-0.21431921519103447,0
locomo_5,locomo_5_qa64,4,1,1.0,1.0,-1.0,0.05876292385324533,0
locomo_5,locomo_5_qa65,4,1,0.0,1.0,-10.0,-0.0689770431059924,0
locomo_5,locomo_5_qa66,4,1,1.0,1.0,4.0,-0.013126561817063842,0
locomo_5,locomo_5_qa67,4,1,1.0,1.0,2.0,0.19334933769266394,0
locomo_5,locomo_5_qa68,4,1,0.7,0.0,-5.0,-0.2996784321355136,1
locomo_5,locomo_5_qa69,4,1,0.0,0.0,-11.0,-0.5867531620082668,0
locomo_5,locomo_5_qa70,4,1,0.0,0.0,-9.0,-0.1329398995745391,0
locomo_5,locomo_5_qa71,4,1,1.0,1.0,1.0,-0.11653034506122273,0
locomo_5,locomo_5_qa72,4,1,1.0,1.0,5.0,-0.033373495085040505,0
locomo_5,locomo_5_qa73,4,1,0.0,0.0,-14.0,-0.2665761276557768,0
locomo_5,locomo_5_qa74,4,1,1.0,1.0,-3.0,-0.039554860453767215,0
locomo_5,locomo_5_qa75,4,1,1.0,1.0,-2.0,-0.03888782901019816,0
locomo_5,locomo_5_qa76,4,1,0.0,0.0,-6.0,-0.4091909433629314,0
locomo_5,locomo_5_qa77,4,1,0.0,0.0,-3.0,-0.3107974488696607,0
locomo_5,locomo_5_qa78,4,1,1.0,0.0,0.0,-0.23548608658698617,1
locomo_5,locomo_5_qa79,4,1,1.0,1.0,8.0,-0.0033816609004128084,0
locomo_5,locomo_5_qa80,4,1,0.0,0.0,-9.0,-0.5439294954140553,0
locomo_5,locomo_5_qa81,4,1,0.0,0.0,-13.0,-0.3927551031490823,0
locomo_5,locomo_5_qa82,4,1,1.0,0.0,-2.0,-0.06343581087449107,1
locomo_5,locomo_5_qa83,4,1,0.0,0.0,-15.0,-0.1540648452297853,0
locomo_5,locomo_5_qa84,4,1,0.0,0.0,-14.0,-0.44445723962707473,0
locomo_5,locomo_5_qa85,4,1,0.0,0.0,-12.0,-0.22429819421354408,0
locomo_5,locomo_5_qa86,4,1,0.0,0.0,-12.0,-0.21526434820726126,0
locomo_5,locomo_5_qa87,4,1,0.0,0.0,-14.0,-0.2535041150342267,0
locomo_5,locomo_5_qa88,4,1,1.0,0.0,2.0,-0.3216677199683995,1
locomo_5,locomo_5_qa89,4,1,1.0,1.0,7.0,-0.046041373554169374,0
locomo_5,locomo_5_qa90,4,1,0.0,0.0,-4.0,-0.33214039000405293,0
locomo_5,locomo_5_qa91,4,1,0.0,0.0,-10.0,-0.26835266990952683,0
locomo_5,locomo_5_qa92,4,1,0.0,0.0,-26.0,-0.7982400042552686,0
locomo_5,locomo_5_qa93,4,1,0.0,0.0,-9.0,-0.1761377413043796,0
locomo_5,locomo_5_qa94,4,1,0.0,0.0,-8.0,-0.18782208159846958,0
locomo_5,locomo_5_qa95,4,1,0.0,0.0,-15.0,-0.7127392228832722,0
locomo_5,locomo_5_qa96,4,1,0.0,0.0,-16.0,-0.46876168049274314,0
locomo_5,locomo_5_qa97,4,1,1.0,1.0,2.0,0.13307604605502732,0
locomo_5,locomo_5_qa98,4,1,1.0,0.0,-1.0,-0.12759594697058452,1
locomo_5,locomo_5_qa99,4,1,1.0,1.0,3.0,0.12300877684830891,0
locomo_5,locomo_5_qa100,4,1,0.0,0.0,-9.0,-0.048035638417182946,0
locomo_5,locomo_5_qa101,4,1,0.0,0.0,-18.0,-0.4911562520458119,0
locomo_5,locomo_5_qa102,4,1,0.0,0.0,-18.0,-0.3024305826836475,0
locomo_5,locomo_5_qa103,4,1,0.0,0.0,-9.0,-0.21501213328393137,0
locomo_5,locomo_5_qa104,4,1,1.0,0.0,-2.0,-0.08094918955660879,1
locomo_5,locomo_5_qa105,4,1,0.0,0.0,-18.0,-0.23753423980463734,0
locomo_5,locomo_5_qa106,4,1,0.0,0.0,-16.0,-0.5137781310664619,0
locomo_5,locomo_5_qa107,4,1,0.0,0.0,-11.0,-0.30131413575868665,0
locomo_5,locomo_5_qa108,4,1,0.0,0.0,-12.0,-0.2943655962405097,0
locomo_5,locomo_5_qa109,4,1,0.0,0.0,-7.0,-0.21849215773643116,0
locomo_5,locomo_5_qa110,4,1,0.0,1.0,-7.0,0.07516708686019602,0
locomo_5,locomo_5_qa111,4,1,0.0,0.0,-23.0,-0.5379018886930567,0
locomo_5,locomo_5_qa112,4,1,1.0,1.0,-2.0,0.10435820500178172,0
locomo_5,locomo_5_qa113,4,1,0.0,0.0,-11.0,-0.2486078665376234,0
locomo_5,locomo_5_qa114,4,1,1.0,0.0,4.0,-0.13942359137446947,1
locomo_5,locomo_5_qa115,4,1,0.0,0.0,-7.0,-0.5001569017966372,0
locomo_5,locomo_5_qa116,4,1,1.0,1.0,5.0,0.204948324222878,0
locomo_5,locomo_5_qa117,4,1,0.0,0.0,-13.0,-0.30572321953366394,0
locomo_5,locomo_5_qa118,4,1,1.0,1.0,-1.0,-0.015847321670932057,0
locomo_5,locomo_5_qa119,4,1,0.0,0.0,-13.0,-0.10214672181734624,0
locomo_5,locomo_5_qa120,4,1,0.0,0.0,-5.0,-0.178899889620118,0
locomo_5,locomo_5_qa121,4,1,1.0,1.0,-11.0,-0.13663530594116657,0
locomo_5,locomo_5_qa122,4,1,0.0,0.0,-8.0,-0.25633831399055407,0
locomo_6,locomo_6_qa0,3,1,0.0,0.0,-30.0,-0.787294388275728,0
locomo_6,locomo_6_qa1,2,1,0.0,0.0,-24.0,-0.7302503844270544,0
locomo_6,locomo_6_qa2,1,5,0.0,0.0,-15.0,-0.5356287884159464,0
locomo_6,locomo_6_qa3,1,2,0.5,0.0,-5.0,-0.13338587138132968,1
locomo_6,locomo_6_qa4,2,1,0.0,0.0,-15.0,-0.32733532474995053,0
locomo_6,locomo_6_qa5,1,2,0.0,0.0,-4.0,-0.5457485456121127,0
locomo_6,locomo_6_qa6,3,1,0.0,0.0,-20.0,-0.5664692708387694,0
locomo_6,locomo_6_qa7,3,1,0.0,0.0,-1.0,-0.5050455854288185,0
locomo_6,locomo_6_qa8,1,3,0.0,0.0,-14.0,-0.3942449108935461,0
locomo_6,locomo_6_qa9,1,2,0.0,0.0,-11.0,-0.4720333365570708,0
locomo_6,locomo_6_qa10,2,1,0.0,0.0,-20.0,-0.7739768297780393,0
locomo_6,locomo_6_qa12,3,1,0.0,0.0,-23.0,-0.6179080014440308,0
locomo_6,locomo_6_qa13,2,1,0.0,0.0,-10.0,-0.22581983016608798,0
locomo_6,locomo_6_qa14,2,1,1.0,0.0,2.0,-0.4742855921429447,1
locomo_6,locomo_6_qa15,2,1,0.0,0.0,-10.0,-0.26739026183926967,0
locomo_6,locomo_6_qa16,3,1,0.0,0.0,-8.0,-0.1357839531446584,0
locomo_6,locomo_6_qa17,3,1,0.0,0.0,-11.0,-0.2935541988629902,0
locomo_6,locomo_6_qa18,1,2,0.0,0.0,-13.0,-0.3280093557032887,0
locomo_6,locomo_6_qa19,3,2,0.0,0.0,-15.0,-0.47364450684400095,0
locomo_6,locomo_6_qa20,1,2,0.0,0.0,-21.0,-0.5073401601059175,0
locomo_6,locomo_6_qa21,2,1,0.0,0.0,-15.0,-0.4870502316041638,0
locomo_6,locomo_6_qa22,1,3,0.0,0.0,-21.0,-0.3915373979882061,0
locomo_6,locomo_6_qa23,2,1,0.0,0.0,-9.0,-0.49706923624361926,0
locomo_6,locomo_6_qa24,1,5,0.0,0.0,-9.0,-0.1314616163604838,0
locomo_6,locomo_6_qa25,3,2,0.0,0.0,-9.0,-0.24134731244136076,0
locomo_6,locomo_6_qa26,1,4,0.25,0.5,4.0,0.06440662589285917,0
locomo_6,locomo_6_qa27,1,2,0.0,0.0,-21.0,-0.6617613243028999,0
locomo_6,locomo_6_qa28,2,1,0.0,0.0,-18.0,-0.6911709827731313,0
locomo_6,locomo_6_qa29,2,1,0.0,0.0,-22.0,-0.7116543564917555,0
locomo_6,locomo_6_qa30,3,2,0.0,0.0,-21.0,-0.5129085076876463,0
locomo_6,locomo_6_qa31,2,2,0.0,0.0,-3.0,-0.3890726339021545,0
locomo_6,locomo_6_qa32,2,1,0.0,0.0,-18.0,-0.593427063325867,0
locomo_6,locomo_6_qa33,3,1,0.0,0.0,-16.0,-0.8589832975175113,0
locomo_6,locomo_6_qa34,1,2,0.0,0.0,-18.0,-0.28931730153589413,0
locomo_6,locomo_6_qa35,3,1,0.0,0.0,-24.0,-0.1642195959266336,0
locomo_6,locomo_6_qa36,3,1,0.0,0.0,-11.0,-0.40205508815248847,0
locomo_6,locomo_6_qa37,2,1,0.0,0.0,-10.0,-0.3662930801320066,0
locomo_6,locomo_6_qa38,1,2,0.0,0.0,-16.0,-0.341987290593086,0
locomo_6,locomo_6_qa39,2,1,0.0,0.0,-17.0,-0.5846005422363221,0
locomo_6,locomo_6_qa40,1,4,0.0,0.0,-9.0,-0.7005388670498492,0
locomo_6,locomo_6_qa41,2,1,0.0,0.0,-22.0,-0.5445384804092345,0
locomo_6,locomo_6_qa42,2,1,1.0,0.0,-5.0,-0.05223993084913259,1
locomo_6,locomo_6_qa43,2,1,0.0,0.0,-2.0,-0.4000118285975563,0
locomo_6,locomo_6_qa44,3,2,0.5,0.0,-1.0,-0.35103317385565685,1
locomo_6,locomo_6_qa45,1,3,0.6666666666666665,0.6666666666666665,11.0,0.11023426698345717,0
locomo_6,locomo_6_qa46,2,1,0.0,0.0,-4.0,-0.14345142519095005,0
locomo_6,locomo_6_qa47,2,1,0.0,0.0,-7.0,-0.5000081567750169,0
locomo_6,locomo_6_qa48,2,2,0.0,0.0,-7.0,-0.1540933836071019,0
locomo_6,locomo_6_qa49,1,3,0.0,0.0,-9.0,-0.4988675967216632,0
locomo_6,locomo_6_qa50,2,1,0.0,0.0,-12.0,-0.4579320140728843,0
locomo_6,locomo_6_qa51,1,6,0.0,0.0,-14.0,-0.22344959349599375,0
locomo_6,locomo_6_qa52,2,1,0.0,0.0,-9.0,-0.331796285851625,0
locomo_6,locomo_6_qa53,2,2,0.0,0.0,-10.0,-0.23259988100430717,0
locomo_6,locomo_6_qa54,1,2,0.5,0.0,1.0,-0.1333843184238967,1
locomo_6,locomo_6_qa55,2,1,0.0,0.0,-14.0,-0.41892392837848536,0
locomo_6,locomo_6_qa56,1,2,0.0,0.0,-9.0,-0.2612202161505952,0
locomo_6,locomo_6_qa57,2,1,0.0,0.0,-11.0,-0.672474532123537,0
locomo_6,locomo_6_qa58,2,1,0.0,0.0,-8.0,-0.16025290107036733,0
locomo_6,locomo_6_qa59,2,1,0.0,0.0,-16.0,-0.23184677066745285,0
locomo_6,locomo_6_qa60,1,3,0.0,0.0,-11.0,-0.30107337675110324,0
locomo_6,locomo_6_qa61,2,2,0.5,0.5,1.0,-0.10350396967197528,0
locomo_6,locomo_6_qa62,2,3,0.33333333333333326,0.0,3.0,-0.0760886139032333,1
locomo_6,locomo_6_qa63,2,1,0.7,1.0,-2.0,-0.03311969254574876,0
locomo_6,locomo_6_qa64,2,3,0.0,0.33333333333333326,-5.0,0.15193175494048572,0
locomo_6,locomo_6_qa65,2,2,0.0,0.0,-9.0,-0.35745098053948327,0
locomo_6,locomo_6_qa66,2,1,1.0,0.0,-2.0,-0.2378140934550662,1
locomo_6,locomo_6_qa67,4,1,0.0,0.0,-20.0,-0.836436717993145,0
locomo_6,locomo_6_qa68,4,1,0.0,0.0,-6.0,-0.33397077334399167,0
locomo_6,locomo_6_qa69,4,1,0.0,0.0,-13.0,-0.2799434046779977,0
locomo_6,locomo_6_qa70,4,1,0.0,0.0,-8.0,-0.40864651064551816,0
locomo_6,locomo_6_qa71,4,1,0.0,0.0,-20.0,-0.5587264212449354,0
locomo_6,locomo_6_qa72,4,2,0.0,0.0,-13.0,-0.2593092873314685,0
locomo_6,locomo_6_qa73,4,1,0.0,0.0,-10.0,-0.3154275098827902,0
locomo_6,locomo_6_qa74,4,1,0.95,1.0,-11.0,0.06392812617428323,0
locomo_6,locomo_6_qa75,4,1,0.0,0.0,-20.0,-0.3479523575779348,0
locomo_6,locomo_6_qa76,4,1,0.0,0.0,-6.0,-0.16078719343326808,0
locomo_6,locomo_6_qa77,4,1,0.0,0.0,-23.0,-0.6115653024126649,0
locomo_6,locomo_6_qa78,4,1,0.0,0.0,-29.0,-0.895102853245368,0
locomo_6,locomo_6_qa79,4,1,0.0,0.0,-19.0,-0.49338845486415284,0
locomo_6,locomo_6_qa80,4,1,0.0,0.0,-11.0,-0.3194537411585289,0
locomo_6,locomo_6_qa81,4,1,0.0,0.0,-16.0,-0.5711364486277271,0
locomo_6,locomo_6_qa82,4,1,0.0,0.0,-6.0,-0.17348721986079385,0
locomo_6,locomo_6_qa83,4,1,0.0,0.0,-12.0,-0.571638781344979,0
locomo_6,locomo_6_qa84,4,1,0.0,0.0,-9.0,-0.18750973597554027,0
locomo_6,locomo_6_qa85,4,1,0.0,0.0,-10.0,-0.3286430469323469,0
locomo_6,locomo_6_qa86,4,1,0.0,0.0,-11.0,-0.24192420829864958,0
locomo_6,locomo_6_qa87,4,1,1.0,1.0,7.0,0.09369173958160693,0
locomo_6,locomo_6_qa88,4,2,0.0,0.0,-14.0,-0.5115511379995276,0
locomo_6,locomo_6_qa89,4,1,1.0,1.0,-2.0,-0.2558867921241049,0
locomo_6,locomo_6_qa90,4,1,0.2,0.0,-6.0,-0.18397917414416082,1
locomo_6,locomo_6_qa91,4,1,0.0,0.0,-21.0,-0.5474618090519897,0
locomo_6,locomo_6_qa92,4,1,0.0,0.0,-4.0,-0.4032113695226356,0
locomo_6,locomo_6_qa93,4,2,0.5,0.5,0.0,-0.020174325771378676,0
locomo_6,locomo_6_qa94,4,1,0.0,0.0,-10.0,-0.35014534982371004,0
locomo_6,locomo_6_qa95,4,1,0.0,0.0,-7.0,-0.45014557277314937,0
locomo_6,locomo_6_qa96,4,1,0.0,0.0,-18.0,-0.5597524471590015,0
locomo_6,locomo_6_qa97,4,1,0.0,0.0,-10.0,-0.5490979929924158,0
locomo_6,locomo_6_qa98,4,1,0.0,0.0,-12.0,-0.5476966198043434,0
locomo_6,locomo_6_qa99,4,1,0.25,0.0,-8.0,-0.29729257297376854,1
locomo_6,locomo_6_qa100,4,1,0.0,0.0,-14.0,-0.35698251516258195,0
locomo_6,locomo_6_qa101,4,1,0.0,0.0,-20.0,-0.7417569940582509,0
locomo_6,locomo_6_qa102,4,1,0.0,0.0,-20.0,-0.3565120149100104,0
locomo_6,locomo_6_qa103,4,1,0.0,0.0,-7.0,-0.42722184097529015,0
locomo_6,locomo_6_qa104,4,1,1.0,0.0,-3.0,-0.21525117433140312,1
locomo_6,locomo_6_qa105,4,1,0.0,0.0,-6.0,-0.23165118782222882,0
locomo_6,locomo_6_qa106,4,1,0.0,0.0,-4.0,-0.1663576248940567,0
locomo_6,locomo_6_qa107,4,1,0.0,0.0,-15.0,-0.445004949864731,0
locomo_6,locomo_6_qa108,4,1,0.0,0.0,-20.0,-0.4666228751815942,0
locomo_6,locomo_6_qa109,4,1,0.0,0.0,-15.0,-0.35161362132113483,0
locomo_6,locomo_6_qa110,4,1,0.0,0.0,-4.0,-0.5025983494803105,0
locomo_6,locomo_6_qa111,4,1,0.0,0.0,-10.0,-0.2780740769325644,0
locomo_6,locomo_6_qa112,4,1,1.0,1.0,-4.0,0.010781167745761988,0
locomo_6,locomo_6_qa113,4,2,0.0,0.0,-5.0,-0.2835696748339931,0
locomo_6,locomo_6_qa114,4,1,0.0,0.0,-9.0,-0.13611841350798226,0
locomo_6,locomo_6_qa115,4,2,0.5,0.5,9.0,0.2592608642484805,0
locomo_6,locomo_6_qa116,4,1,0.0,0.0,-10.0,-0.29760874561237644,0
locomo_6,locomo_6_qa117,4,1,0.0,0.0,-25.0,-0.5151016901711122,0
locomo_6,locomo_6_qa118,4,1,0.0,1.0,-3.0,0.0741977880416127,0
locomo_6,locomo_6_qa119,4,1,0.0,0.0,-13.0,-0.5717919896111704,0
locomo_6,locomo_6_qa120,4,1,0.0,0.0,-13.0,-0.43129421642283045,0
locomo_6,locomo_6_qa121,4,1,1.0,0.0,4.0,-0.13313572153372205,1
locomo_6,locomo_6_qa122,4,1,0.0,0.0,-18.0,-0.31911815942612004,0
locomo_6,locomo_6_qa123,4,1,0.0,0.0,-6.0,-0.2895737089838622,0
locomo_6,locomo_6_qa124,4,1,0.0,0.0,-9.0,-0.5255391806053388,0
locomo_6,locomo_6_qa125,4,1,0.0,0.0,-5.0,-0.07173385126975135,0
locomo_6,locomo_6_qa126,4,1,0.0,0.0,-13.0,-0.5108511384464387,0
locomo_6,locomo_6_qa127,4,1,0.0,0.0,-10.0,-0.42990209075106595,0
locomo_6,locomo_6_qa128,4,1,0.0,0.0,-15.0,-0.8675548124793875,0
locomo_6,locomo_6_qa129,4,1,0.0,0.0,-10.0,-0.43294070239531385,0
locomo_6,locomo_6_qa130,4,1,1.0,1.0,-4.0,-0.06535726466103453,0
locomo_6,locomo_6_qa131,4,1,1.0,1.0,4.0,-0.01984581815038955,0
locomo_6,locomo_6_qa132,4,1,0.0,0.0,-14.0,-0.4491518436427845,0
locomo_6,locomo_6_qa133,4,1,0.0,0.0,-17.0,-0.13542140063510266,0
locomo_6,locomo_6_qa134,4,1,1.0,1.0,6.0,0.06603674231200785,0
locomo_6,locomo_6_qa135,4,1,0.0,1.0,-15.0,-0.07162538731563939,0
locomo_6,locomo_6_qa136,4,1,0.0,0.0,-17.0,-0.4728008451267525,0
locomo_6,locomo_6_qa137,4,1,0.55,1.0,-7.0,-0.1029023963689023,0
locomo_6,locomo_6_qa138,4,1,0.0,0.0,-19.0,-0.22779806962613447,0
locomo_6,locomo_6_qa139,4,1,1.0,1.0,13.0,0.17990835552179096,0
locomo_6,locomo_6_qa140,4,1,0.0,0.0,-30.0,-0.7436273584247026,0
locomo_6,locomo_6_qa141,4,2,0.0,0.0,-9.0,-0.12163730940961681,0
locomo_6,locomo_6_qa142,4,2,0.0,0.0,-12.0,-0.17921132399914752,0
locomo_6,locomo_6_qa143,4,2,0.5,0.0,-4.0,-0.20415727500527647,1
locomo_6,locomo_6_qa144,4,1,0.0,0.0,-14.0,-0.34854837732612975,0
locomo_6,locomo_6_qa145,4,1,0.0,0.0,-16.0,-0.2936677987508299,0
locomo_6,locomo_6_qa146,4,1,0.0,0.0,-7.0,-0.08192112017755748,0
locomo_6,locomo_6_qa147,4,1,0.0,0.0,-16.0,-0.40637791328040307,0
locomo_6,locomo_6_qa148,4,1,0.0,0.0,-8.0,-0.2179841269749731,0
locomo_6,locomo_6_qa149,4,1,0.0,0.0,-11.0,-0.3021316816777808,0
locomo_7,locomo_7_qa0,2,1,0.0,0.0,-18.0,-0.3776580185068652,0
locomo_7,locomo_7_qa1,1,3,0.33333333333333326,0.33333333333333326,3.0,-0.08351401802245884,0
locomo_7,locomo_7_qa2,2,1,0.0,0.0,-21.0,-0.5501363422273804,0
locomo_7,locomo_7_qa3,2,1,0.0,0.0,-24.0,-0.6318139844605475,0
locomo_7,locomo_7_qa4,2,1,0.0,0.0,-15.0,-0.6150745937337648,0
locomo_7,locomo_7_qa5,3,1,0.0,0.0,-21.0,-0.5870730973954891,0
locomo_7,locomo_7_qa6,1,2,0.0,0.0,-8.0,-0.34316843431027466,0
locomo_7,locomo_7_qa7,2,1,0.0,0.0,-13.0,-0.22440064257191245,0
locomo_7,locomo_7_qa8,1,4,0.5,0.25,6.0,0.05224433831378417,1
locomo_7,locomo_7_qa9,2,1,0.0,0.0,-16.0,-0.7123856638893818,0
locomo_7,locomo_7_qa10,2,1,0.65,0.0,-7.0,-0.55790216311001,1
locomo_7,locomo_7_qa11,3,4,0.0,0.0,-11.0,-0.5631674109810755,0
locomo_7,locomo_7_qa12,2,1,0.0,0.0,-20.0,-0.6484221930494398,0
locomo_7,locomo_7_qa13,1,4,0.0,0.0,-11.0,-0.4034251632194574,0
locomo_7,locomo_7_qa14,1,4,0.0,0.0,-17.0,-0.3593453981313692,0
locomo_7,locomo_7_qa15,4,3,0.0,0.0,-20.0,-0.43592496952527376,0
locomo_7,locomo_7_qa16,4,2,1.0,0.0,2.0,-0.5725587728824165,1
locomo_7,locomo_7_qa17,2,1,0.0,0.0,-17.0,-0.7184944056416877,0
locomo_7,locomo_7_qa18,3,1,0.0,0.0,-25.0,-0.6637167722725841,0
locomo_7,locomo_7_qa19,1,2,0.0,0.0,-17.0,-0.18298340076198183,0
locomo_7,locomo_7_qa20,1,5,0.0,0.0,-9.0,-0.22557147282688017,0
locomo_7,locomo_7_qa21,2,1,1.0,1.0,2.0,-0.0120304966203445,0
locomo_7,locomo_7_qa22,2,1,0.0,0.0,-30.0,-0.8465706256019131,0
locomo_7,locomo_7_qa23,3,2,0.0,0.0,-19.0,-0.6057277720891298,0
locomo_7,locomo_7_qa24,1,3,0.33333333333333326,0.0,-4.0,-0.048462548989553156,1
locomo_7,locomo_7_qa25,4,2,0.0,0.0,-21.0,-0.5667565584452665,0
locomo_7,locomo_7_qa26,2,1,0.0,0.0,-14.0,-0.6029890127757563,0
locomo_7,locomo_7_qa27,2,1,1.0,0.0,1.0,-0.715774439547183,1
locomo_7,locomo_7_qa28,3,1,0.0,0.0,-7.0,-0.7063683247192347,0
locomo_7,locomo_7_qa29,2,1,1.0,0.0,2.0,-0.2345146813278408,1
locomo_7,locomo_7_qa30,2,1,0.5,0.0,-4.0,-0.7185790024654686,1
locomo_7,locomo_7_qa31,2,1,1.0,0.0,9.0,-0.19003240966575474,1
locomo_7,locomo_7_qa32,2,1,0.0,0.0,-8.0,-0.7299903572507166,0
locomo_7,locomo_7_qa33,4,1,0.0,0.0,-14.0,-0.42628607836529747,0
locomo_7,locomo_7_qa34,2,1,0.0,0.0,-19.0,-0.6741438080358597,0
locomo_7,locomo_7_qa35,2,1,1.0,0.0,2.0,-0.3569665067021105,1
locomo_7,locomo_7_qa36,3,10,0.0,0.0,-27.0,-0.7277310292884399,0
locomo_7,locomo_7_qa37,2,1,1.0,0.0,15.0,-0.06686239590470844,1
locomo_7,locomo_7_qa38,2,1,0.0,0.0,-3.0,-0.36259247148814866,0
locomo_7,locomo_7_qa39,1,5,0.20000000000000004,0.20000000000000004,4.0,0.003136872237502808,0
locomo_7,locomo_7_qa40,3,1,0.0,0.0,-11.0,-0.18973081935037223,0
locomo_7,locomo_7_qa41,1,4,0.25,0.0,0.0,-0.26204811816996565,1
locomo_7,locomo_7_qa42,4,2,0.0,0.0,-9.0,-0.3075357609652414,0
locomo_7,locomo_7_qa43,2,1,0.0,0.0,-21.0,-0.8024299324642372,0
locomo_7,locomo_7_qa44,2,1,0.0,0.0,-18.0,-0.7329118331575952,0
locomo_7,locomo_7_qa45,2,1,0.0,0.0,-14.0,-0.7756841844858574,0
locomo_7,locomo_7_qa46,2,3,0.33333333333333326,0.0,-4.0,-0.4741964736637046,1
locomo_7,locomo_7_qa47,2,1,0.0,0.0,-10.0,-0.5489169731696687,0
locomo_7,locomo_7_qa48,3,1,0.0,0.0,-22.0,-0.9165728545743975,0
locomo_7,locomo_7_qa49,4,1,0.0,0.0,-11.0,-0.5435070372269428,0
locomo_7,locomo_7_qa50,2,1,0.0,0.0,-22.0,-0.6157881398716244,0
locomo_7,locomo_7_qa51,2,1,1.0,0.0,-3.0,-0.4387931983763004,1
locomo_7,locomo_7_qa52,2,1,0.0,0.0,-11.0,-0.5291528258946941,0
locomo_7,locomo_7_qa53,2,2,0.0,0.0,-4.0,-0.45896235412421305,0
locomo_7,locomo_7_qa54,2,3,0.06666666666666667,0.0,-1.0,-0.5560628308722878,1
locomo_7,locomo_7_qa55,2,3,0.0,0.0,-4.0,-0.5481953927969395,0
locomo_7,locomo_7_qa56,2,1,0.0,0.0,-17.0,-0.5172816722087581,0
locomo_7,locomo_7_qa57,2,1,0.0,0.0,-11.0,-0.46594573685223806,0
locomo_7,locomo_7_qa58,4,2,0.0,0.0,-10.0,-0.14618138893639282,0
locomo_7,locomo_7_qa59,4,2,0.0,0.0,-3.0,-0.3151928089738192,0
locomo_7,locomo_7_qa60,2,1,1.0,0.0,2.0,-0.24707356094200306,1
locomo_7,locomo_7_qa61,4,2,0.0,0.0,-12.0,-0.41675591635723613,0
locomo_7,locomo_7_qa62,4,2,0.0,0.0,-17.0,-0.42898635854880807,0
locomo_7,locomo_7_qa63,4,2,1.0,0.5,3.0,0.06604066575259615,1
locomo_7,locomo_7_qa64,4,2,0.0,0.0,-13.0,-0.2689890275034347,0
locomo_7,locomo_7_qa65,2,1,0.0,0.0,-20.0,-0.7471953380816088,0
locomo_7,locomo_7_qa66,2,1,0.0,0.0,-11.0,-0.5524336577112154,0
locomo_7,locomo_7_qa67,4,4,0.25,0.25,-7.0,-0.08392632537063316,0
locomo_7,locomo_7_qa68,2,1,0.0,0.0,-18.0,-0.7873503695628489,0
locomo_7,locomo_7_qa69,4,3,0.33333333333333326,0.0,2.0,-0.18692517075740955,1
locomo_7,locomo_7_qa70,3,1,1.0,0.0,6.0,-0.13969873201209582,1
locomo_7,locomo_7_qa71,2,1,0.0,0.0,-23.0,-0.7185675645407743,0
locomo_7,locomo_7_qa72,4,1,0.0,0.0,-10.0,-0.5421759815109959,0
locomo_7,locomo_7_qa73,1,2,0.0,0.0,-15.0,-0.2054532368227736,0
locomo_7,locomo_7_qa74,4,2,0.5,0.0,2.0,-0.14288690586928998,1
locomo_7,locomo_7_qa75,3,1,0.55,0.0,0.0,-0.2711472501080815,1
locomo_7,locomo_7_qa76,2,1,0.0,0.0,-13.0,-0.5726321865886129,0
locomo_7,locomo_7_qa77,1,2,0.0,0.0,-10.0,-0.5369983162136832,0
locomo_7,locomo_7_qa78,2,2,0.0,0.0,-15.0,-0.7606048417434356,0
locomo_7,locomo_7_qa79,1,2,0.0,0.0,-16.0,-0.4270241072035229,0
locomo_7,locomo_7_qa80,1,3,0.0,0.0,-6.0,-0.45266991848047866,0
locomo_7,locomo_7_qa81,2,1,0.0,0.0,-14.0,-0.916485249098928,0
locomo_7,locomo_7_qa82,1,5,0.0,0.20000000000000004,-7.0,-0.01412612282771819,0
locomo_7,locomo_7_qa83,1,2,0.0,0.0,-2.0,-0.40938332515784537,0
locomo_7,locomo_7_qa84,1,5,0.06,0.0,-5.0,-0.11068461894219966,1
locomo_7,locomo_7_qa85,1,3,0.0,0.0,-5.0,-0.3693133847417688,0
locomo_7,locomo_7_qa86,1,5,0.20000000000000004,0.0,-7.0,-0.6210717843815611,1
locomo_7,locomo_7_qa87,1,2,0.0,0.0,-10.0,-0.7027020127552025,0
locomo_7,locomo_7_qa88,1,5,0.0,0.0,-14.0,-0.32550552097306396,0
locomo_7,locomo_7_qa89,4,2,1.0,0.0,2.0,-0.5725587728824165,1
locomo_7,locomo_7_qa90,4,2,0.0,0.0,-21.0,-0.5667565584452665,0
locomo_7,locomo_7_qa91,4,2,0.0,0.0,-9.0,-0.3075357609652414,0
locomo_7,locomo_7_qa92,4,2,0.0,0.0,-10.0,-0.14618138893639282,0
locomo_7,locomo_7_qa93,4,2,0.0,0.0,-12.0,-0.41675591635723613,0
locomo_7,locomo_7_qa94,4,2,0.0,0.0,-17.0,-0.42898635854880807,0
locomo_7,locomo_7_qa95,4,2,1.0,0.5,3.0,0.06604066575259615,1
locomo_7,locomo_7_qa96,4,4,0.25,0.25,-7.0,-0.08392632537063316,0
locomo_7,locomo_7_qa97,4,3,0.33333333333333326,0.0,2.0,-0.18692517075740955,1
locomo_7,locomo_7_qa98,4,1,0.0,0.0,-10.0,-0.5421759815109959,0
locomo_7,locomo_7_qa99,4,2,0.5,0.0,2.0,-0.14288690586928998,1
locomo_7,locomo_7_qa100,4,1,0.0,0.0,-9.0,-0.5272769753282169,0
locomo_7,locomo_7_qa101,4,1,0.0,0.0,-18.0,-0.6715581572786617,0
locomo_7,locomo_7_qa102,4,1,0.0,0.0,-10.0,-0.44262186598680464,0
locomo_7,locomo_7_qa103,4,1,0.0,0.0,-21.0,-0.6086970857176244,0
locomo_7,locomo_7_qa104,4,1,0.0,0.0,-12.0,-0.2879314702146456,0
locomo_7,locomo_7_qa105,4,2,0.0,0.0,-16.0,-0.6361465612902546,0
locomo_7,locomo_7_qa106,4,1,0.0,0.0,-15.0,-0.8148065131386892,0
locomo_7,locomo_7_qa107,4,1,0.0,0.0,-10.0,-0.2292222977052515,0
locomo_7,locomo_7_qa108,4,1,0.0,0.0,-27.0,-0.7332471660130414,0
locomo_7,locomo_7_qa109,4,1,0.0,0.0,-35.0,-0.7937588017879862,0
locomo_7,locomo_7_qa110,4,1,0.0,0.0,-14.0,-0.5578128993677514,0
locomo_7,locomo_7_qa111,4,1,0.0,0.0,-9.0,-0.248647200022952,0
locomo_7,locomo_7_qa112,4,1,0.0,1.0,-6.0,-0.2782837885007208,0
locomo_7,locomo_7_qa113,4,1,1.0,0.0,-1.0,-0.29965811084310096,1
locomo_7,locomo_7_qa114,4,1,0.0,0.0,-27.0,-0.953351253357249,0
locomo_7,locomo_7_qa115,4,1,1.0,1.0,3.0,0.06200974223743283,0
locomo_7,locomo_7_qa116,4,1,1.0,1.0,-1.0,-0.0756544566721219,0
locomo_7,locomo_7_qa117,4,1,0.0,0.0,-26.0,-0.6881508472304205,0
locomo_7,locomo_7_qa118,4,1,1.0,0.0,4.0,-0.27994427892069074,1
locomo_7,locomo_7_qa119,4,1,0.0,0.0,-6.0,-0.5957130490442887,0
locomo_7,locomo_7_qa120,4,1,0.0,0.0,-16.0,-0.3193780870353345,0
locomo_7,locomo_7_qa121,4,1,0.0,0.0,-21.0,-0.7527301400234977,0
locomo_7,locomo_7_qa122,4,1,1.0,0.0,3.0,-0.5832166700004174,1
locomo_7,locomo_7_qa123,4,1,0.0,0.0,-12.0,-0.38024934385840486,0
locomo_7,locomo_7_qa124,4,1,0.0,0.0,-24.0,-0.6210043795022032,0
locomo_7,locomo_7_qa125,4,1,0.0,0.0,-10.0,-0.14667284366458128,0
locomo_7,locomo_7_qa126,4,1,0.0,0.0,-5.0,-0.25982657396426406,0
locomo_7,locomo_7_qa127,4,1,1.0,0.0,2.0,-0.3234252857572808,1
locomo_7,locomo_7_qa128,4,1,1.0,1.0,3.0,-0.014607014896722559,0
locomo_7,locomo_7_qa129,4,1,0.0,0.0,-24.0,-0.78267170085072,0
locomo_7,locomo_7_qa130,4,1,0.0,0.0,-10.0,-0.13580606491347896,0
locomo_7,locomo_7_qa131,4,1,1.0,1.0,0.0,-0.008722439150783745,0
locomo_7,locomo_7_qa132,4,1,0.65,1.0,-5.0,-0.11026865720973378,0
locomo_7,locomo_7_qa133,4,1,0.0,0.0,-31.0,-0.7728595933612741,0
locomo_7,locomo_7_qa134,4,1,0.0,0.0,-13.0,-0.46747285816669737,0
locomo_7,locomo_7_qa135,4,1,0.0,0.0,-3.0,-0.07499471159804216,0
locomo_7,locomo_7_qa136,4,1,1.0,1.0,-3.0,-0.051839849589728204,0
locomo_7,locomo_7_qa137,4,1,0.0,0.0,-9.0,-0.4579899514618685,0
locomo_7,locomo_7_qa138,4,1,0.0,0.0,-9.0,-0.18502176042916452,0
locomo_7,locomo_7_qa139,4,1,0.0,0.0,-24.0,-0.8739172197363014,0
locomo_7,locomo_7_qa140,4,1,0.0,0.0,-17.0,-0.5184728245176223,0
locomo_7,locomo_7_qa141,4,1,0.0,0.0,-20.0,-0.6684063388558222,0
locomo_7,locomo_7_qa142,4,1,0.0,0.0,-4.0,-0.10346239950972691,0
locomo_7,locomo_7_qa143,4,1,0.0,0.0,-14.0,-0.29092152642690544,0
locomo_7,locomo_7_qa144,4,1,0.0,0.0,-15.0,-0.5592245031503636,0
locomo_7,locomo_7_qa145,4,1,0.0,0.0,-20.0,-0.2684511170339149,0
locomo_7,locomo_7_qa146,4,1,0.0,0.0,-14.0,-0.3365501056151461,0
locomo_7,locomo_7_qa147,4,1,1.0,0.0,4.0,-0.17529229609570846,1
locomo_7,locomo_7_qa148,4,1,0.75,0.0,-3.0,-0.2884939200761377,1
locomo_7,locomo_7_qa149,4,1,1.0,0.0,4.0,-0.2120535633052104,1
locomo_7,locomo_7_qa150,4,1,1.0,1.0,7.0,0.10177162208012802,0
locomo_7,locomo_7_qa151,4,1,1.0,1.0,3.0,-0.14198397372664207,0
locomo_7,locomo_7_qa152,4,1,0.0,0.0,-14.0,-0.17158151114425302,0
locomo_7,locomo_7_qa153,4,1,0.0,0.0,-10.0,-0.077240880111626,0
locomo_7,locomo_7_qa154,4,1,1.0,1.0,-2.0,0.04951960429470492,0
locomo_7,locomo_7_qa155,4,3,0.33333333333333326,0.33333333333333326,8.0,0.1272318992957655,0
locomo_7,locomo_7_qa156,4,1,0.0,0.0,-8.0,-0.5836418505030538,0
locomo_7,locomo_7_qa157,4,1,0.3,0.0,-14.0,-0.49100320982157014,1
locomo_7,locomo_7_qa158,4,1,0.0,0.0,-14.0,-0.556671808912321,0
locomo_7,locomo_7_qa159,4,1,1.0,0.0,-5.0,-0.34647750804249433,1
locomo_7,locomo_7_qa160,4,1,0.0,0.0,-12.0,-0.7069490949384989,0
locomo_7,locomo_7_qa161,4,1,1.0,0.0,1.0,-0.25247676796343654,1
locomo_7,locomo_7_qa162,4,1,1.0,1.0,-5.0,-0.19369098026190845,0
locomo_7,locomo_7_qa163,4,1,0.0,0.0,-9.0,-0.24877835512092183,0
locomo_7,locomo_7_qa164,4,1,1.0,1.0,-1.0,-0.1055299005079553,0
locomo_7,locomo_7_qa165,4,1,1.0,0.0,9.0,-0.15416400881246367,1
locomo_7,locomo_7_qa166,4,1,1.0,0.0,-2.0,-0.22925936606130143,1
locomo_7,locomo_7_qa167,4,1,1.0,1.0,4.0,0.33095851790185143,0
locomo_7,locomo_7_qa168,4,1,0.0,0.0,-20.0,-0.675686730915655,0
locomo_7,locomo_7_qa169,4,1,0.0,0.0,-9.0,-0.3707633434641097,0
locomo_7,locomo_7_qa170,4,1,0.0,0.0,-6.0,-0.2513419689000725,0
locomo_7,locomo_7_qa171,4,1,1.0,1.0,10.0,0.05149003371828442,0
locomo_7,locomo_7_qa172,4,1,0.0,0.0,-16.0,-0.5809554595247539,0
locomo_7,locomo_7_qa173,4,1,0.0,0.0,-14.0,-0.8174625988504043,0
locomo_7,locomo_7_qa174,4,2,0.0,0.0,-13.0,-0.7586682783080446,0
locomo_7,locomo_7_qa175,4,1,0.0,0.0,-13.0,-0.7155442568295066,0
locomo_7,locomo_7_qa176,4,1,0.0,0.0,-14.0,-0.5363364498139744,0
locomo_7,locomo_7_qa177,4,1,0.0,0.0,-18.0,-0.5850378140449491,0
locomo_7,locomo_7_qa178,4,1,0.0,0.0,-4.0,-0.605864582993539,0
locomo_7,locomo_7_qa179,4,1,0.0,0.0,-13.0,-0.656574718641351,0
locomo_7,locomo_7_qa180,4,1,0.0,0.0,-24.0,-0.7013904546204115,0
locomo_7,locomo_7_qa181,4,1,0.0,0.0,-13.0,-0.7103722023701584,0
locomo_7,locomo_7_qa182,4,1,0.0,0.0,-22.0,-0.5386862134519436,0
locomo_7,locomo_7_qa183,4,1,0.0,0.0,-26.0,-0.23240417184052953,0
locomo_7,locomo_7_qa184,4,1,0.0,0.0,-7.0,-0.39789383342112294,0
locomo_7,locomo_7_qa185,4,1,0.0,0.0,-14.0,-0.4605092192051806,0
locomo_7,locomo_7_qa186,4,1,0.0,0.0,-12.0,-0.5659578129698539,0
locomo_7,locomo_7_qa187,4,1,1.0,0.0,5.0,-0.40704888407327655,1
locomo_7,locomo_7_qa188,4,1,0.0,0.0,-23.0,-0.7307336314993848,0
locomo_7,locomo_7_qa189,4,1,0.0,0.0,-13.0,-0.5560054714382257,0
locomo_7,locomo_7_qa190,4,1,0.25,0.0,-2.0,-0.6338569586728635,1
locomo_8,locomo_8_qa0,1,5,0.20000000000000004,0.0,-1.0,-0.12177637200394104,1
locomo_8,locomo_8_qa1,1,5,0.0,0.0,-6.0,-0.07295700013165501,0
locomo_8,locomo_8_qa2,1,3,0.0,0.0,-13.0,-0.3742532038266506,0
locomo_8,locomo_8_qa3,1,2,0.675,0.5,-2.0,0.028107939658542413,1
locomo_8,locomo_8_qa4,2,2,0.0,0.0,-16.0,-0.4257322610423843,0
locomo_8,locomo_8_qa5,3,1,0.0,0.0,-13.0,-0.5776182651130647,0
locomo_8,locomo_8_qa6,1,2,0.0,0.0,-26.0,-0.8045097943624792,0
locomo_8,locomo_8_qa7,1,10,0.025,0.0,-4.0,-0.07924796697248371,1
locomo_8,locomo_8_qa8,1,4,0.25,0.25,9.0,0.16762345043170612,0
locomo_8,locomo_8_qa9,2,1,0.0,0.0,-13.0,-0.4051552272727077,0
locomo_8,locomo_8_qa10,3,4,0.0,0.25,-9.0,-0.1355865875504132,0
locomo_8,locomo_8_qa11,1,19,0.0,0.0,-9.0,-0.09944462501822032,0
locomo_8,locomo_8_qa12,2,1,0.0,0.0,-8.0,-0.3268917046090848,0
locomo_8,locomo_8_qa13,2,1,1.0,1.0,5.0,-0.04424470574968353,0
locomo_8,locomo_8_qa14,1,4,0.0,0.0,-11.0,-0.2574785686009448,0
locomo_8,locomo_8_qa15,1,1,0.0,0.0,-21.0,-0.48569853673435937,0
locomo_8,locomo_8_qa16,1,2,0.0,0.0,-7.0,-0.30357659097601913,0
locomo_8,locomo_8_qa17,2,1,0.0,0.0,-9.0,-0.5571358190743723,0
locomo_8,locomo_8_qa18,1,4,0.0,0.0,-22.0,-0.4444366023608035,0
locomo_8,locomo_8_qa19,3,11,0.0,0.0,-17.0,-0.3505346528035205,0
locomo_8,locomo_8_qa20,3,17,0.0,0.0,-7.0,-0.16002772477527105,0
locomo_8,locomo_8_qa21,1,3,0.0,0.0,-14.0,-0.4142922371310357,0
locomo_8,locomo_8_qa22,2,1,0.0,0.0,-32.0,-0.8907783890080845,0
locomo_8,locomo_8_qa23,2,1,0.0,0.0,-19.0,-0.29711526844957253,0
locomo_8,locomo_8_qa24,2,1,0.0,0.0,-12.0,-0.22838809999964776,0
locomo_8,locomo_8_qa25,2,2,0.0,0.0,-17.0,-0.5740605571491181,0
locomo_8,locomo_8_qa26,1,3,0.0,0.0,-11.0,-0.7837878214821554,0
locomo_8,locomo_8_qa27,3,1,0.0,0.0,-10.0,-0.532744130027494,0
locomo_8,locomo_8_qa28,1,2,0.0,0.0,-6.0,-0.23820489276176027,0
locomo_8,locomo_8_qa29,1,2,0.0,0.0,-16.0,-0.4138992370183811,0
locomo_8,locomo_8_qa30,2,1,0.0,0.0,-11.0,-0.6205758890431473,0
locomo_8,locomo_8_qa31,3,3,0.3666666666666666,0.0,-7.0,-0.18723660637926554,1
locomo_8,locomo_8_qa32,1,2,0.0,0.0,-15.0,-0.19943281379802652,0
locomo_8,locomo_8_qa33,1,2,0.5,0.5,-7.0,-0.021964140098962526,0
locomo_8,locomo_8_qa34,1,2,0.5,0.5,-1.0,-0.030477079462202905,0
locomo_8,locomo_8_qa35,2,1,1.0,1.0,-1.0,-0.16472309382831812,0
locomo_8,locomo_8_qa36,1,2,0.0,0.0,-11.0,-0.46160956058971925,0
locomo_8,locomo_8_qa37,1,6,0.0,0.0,-17.0,-0.265782087845208,0
locomo_8,locomo_8_qa38,3,4,0.0,0.0,-13.0,-0.22464551168977398,0
locomo_8,locomo_8_qa39,2,2,0.0,0.0,-16.0,-0.29485868541240035,0
locomo_8,locomo_8_qa40,2,1,0.0,0.0,-19.0,-0.42926972426882326,0
locomo_8,locomo_8_qa41,2,1,0.0,0.0,-29.0,-0.598673539476513,0
locomo_8,locomo_8_qa42,1,4,0.25,0.0,8.0,-0.04046372550733268,1
locomo_8,locomo_8_qa43,3,4,0.0,0.0,-5.0,-0.06905379896583491,0
locomo_8,locomo_8_qa44,1,5,0.20000000000000004,0.20000000000000004,-5.0,-0.019337640955559343,0
locomo_8,locomo_8_qa45,2,3,0.0,0.0,-9.0,-0.21183424767422704,0
locomo_8,locomo_8_qa46,3,4,0.0,0.0,-12.0,-0.2950342837238892,0
locomo_8,locomo_8_qa47,2,3,0.4666666666666665,0.33333333333333326,7.0,-0.058261636205796274,1
locomo_8,locomo_8_qa48,1,4,0.0,0.25,-3.0,0.0445769678526341,0
locomo_8,locomo_8_qa49,1,6,0.0,0.0,-21.0,-0.6686613905544344,0
locomo_8,locomo_8_qa50,1,8,0.0,0.0,-20.0,-0.5316003906294217,0
locomo_8,locomo_8_qa51,3,4,0.0,0.0,-17.0,-0.23664217296978218,0
locomo_8,locomo_8_qa52,2,3,0.16666666666666669,0.33333333333333326,-2.0,0.020917077921990046,0
locomo_8,locomo_8_qa53,2,3,0.0,0.0,-11.0,-0.3990593339640377,0
locomo_8,locomo_8_qa54,1,3,0.0,0.0,-6.0,-0.33885705301301894,0
locomo_8,locomo_8_qa55,1,2,0.0,0.5,-10.0,-0.22400231264669124,0
locomo_8,locomo_8_qa56,1,2,0.0,0.0,-19.0,-0.4816423459689376,0
locomo_8,locomo_8_qa57,3,1,0.0,0.0,-18.0,-0.6260598162665253,0
locomo_8,locomo_8_qa58,2,1,0.0,0.0,-14.0,-0.638169336282119,0
locomo_8,locomo_8_qa59,2,1,1.0,0.0,-2.0,-0.30363841235926253,1
locomo_8,locomo_8_qa60,2,1,0.0,0.0,-22.0,-0.5416651220197525,0
locomo_8,locomo_8_qa61,2,1,1.0,0.0,2.0,-0.11898478545182328,1
locomo_8,locomo_8_qa62,1,4,0.0,0.0,-4.0,-0.3731418757868633,0
locomo_8,locomo_8_qa63,2,1,1.0,0.0,-12.0,-0.5372289824330222,1
locomo_8,locomo_8_qa64,1,4,0.0,0.25,-6.0,-0.02513474943088856,0
locomo_8,locomo_8_qa65,3,3,0.18333333333333335,0.0,-3.0,-0.08206355877494659,1
locomo_8,locomo_8_qa66,2,1,0.0,0.0,-12.0,-0.6252689179854345,0
locomo_8,locomo_8_qa67,2,1,0.0,0.0,-15.0,-0.4472290910396517,0
locomo_8,locomo_8_qa68,2,1,0.0,0.0,-12.0,-0.5969804676909063,0
locomo_8,locomo_8_qa69,1,2,0.0,0.0,-18.0,-0.4414749245790156,0
locomo_8,locomo_8_qa70,2,2,0.0,0.0,-8.0,-0.07256903772235362,0
locomo_8,locomo_8_qa71,3,1,0.0,0.0,-26.0,-0.6288053740044005,0
locomo_8,locomo_8_qa72,1,2,0.0,0.0,-13.0,-0.7121584589077712,0
locomo_8,locomo_8_qa73,2,1,1.0,1.0,10.0,0.1226984366097651,0
locomo_8,locomo_8_qa74,2,1,0.0,0.0,-17.0,-0.48243474404073955,0
locomo_8,locomo_8_qa75,2,1,0.0,0.0,-17.0,-0.370617039149572,0
locomo_8,locomo_8_qa76,2,2,0.0,0.0,-26.0,-0.16250965412445884,0
locomo_8,locomo_8_qa77,1,4,0.0,0.0,-20.0,-0.647097878316863,0
locomo_8,locomo_8_qa78,1,5,0.0,0.0,-16.0,-0.4189356601380982,0
locomo_8,locomo_8_qa79,2,1,0.0,1.0,-9.0,-0.24986455600756596,0
locomo_8,locomo_8_qa80,2,1,0.0,0.0,-8.0,-0.27244044008914575,0
locomo_8,locomo_8_qa81,1,11,0.27272727272727265,0.27272727272727265,9.0,0.22630084216056046,0
locomo_8,locomo_8_qa82,1,6,0.16666666666666663,0.0,-4.0,-0.1913623246382371,1
locomo_8,locomo_8_qa83,4,1,0.0,0.0,-6.0,-0.16714648341883326,0
locomo_8,locomo_8_qa84,4,1,0.0,0.0,-41.0,-0.7686122962908275,0
locomo_8,locomo_8_qa85,4,1,1.0,1.0,0.0,0.022747133161148514,0
locomo_8,locomo_8_qa86,4,1,0.0,0.0,-16.0,-0.422413255499658,0
locomo_8,locomo_8_qa87,4,1,0.0,0.0,-6.0,-0.2116152803654618,0
locomo_8,locomo_8_qa88,4,1,0.0,0.0,-29.0,-0.5540733036548116,0
locomo_8,locomo_8_qa89,4,1,0.0,0.0,-6.0,-0.17970592910892486,0
locomo_8,locomo_8_qa90,4,1,0.0,0.0,-5.0,-0.09737349755438557,0
locomo_8,locomo_8_qa91,4,1,0.0,0.0,-11.0,-0.21175654815962075,0
locomo_8,locomo_8_qa92,4,1,1.0,0.0,3.0,-0.22558323451732132,1
locomo_8,locomo_8_qa93,4,1,1.0,1.0,3.0,0.017103632005567415,0
locomo_8,locomo_8_qa94,4,1,0.0,1.0,-7.0,0.09603448023476163,0
locomo_8,locomo_8_qa95,4,1,0.0,0.0,-17.0,-0.6319715367233361,0
locomo_8,locomo_8_qa96,4,1,0.0,0.0,-21.0,-0.5664005353481144,0
locomo_8,locomo_8_qa97,4,1,0.0,0.0,-35.0,-0.9635893700043056,0
locomo_8,locomo_8_qa98,4,1,1.0,1.0,7.0,0.23753414496280656,0
locomo_8,locomo_8_qa99,4,1,1.0,0.0,-3.0,-0.1547519948255095,1
locomo_8,locomo_8_qa100,4,1,0.0,0.0,-10.0,-0.33723690510814813,0
locomo_8,locomo_8_qa101,4,1,1.0,1.0,0.0,0.1804309788525308,0
locomo_8,locomo_8_qa102,4,1,0.0,0.0,-8.0,-0.3650920856627392,0
locomo_8,locomo_8_qa103,4,1,0.0,0.0,-14.0,-0.5943445885847155,0
locomo_8,locomo_8_qa104,4,1,0.0,0.0,-12.0,-0.3972851945364217,0
locomo_8,locomo_8_qa105,4,1,0.0,0.0,-17.0,-0.45509023678319893,0
locomo_8,locomo_8_qa106,4,1,1.0,0.0,-7.0,-0.19447065911205297,1
locomo_8,locomo_8_qa107,4,1,1.0,1.0,2.0,-0.018109848835052844,0
locomo_8,locomo_8_qa108,4,1,1.0,1.0,1.0,0.24740969099343713,0
locomo_8,locomo_8_qa109,4,1,0.0,0.0,-25.0,-0.45011656840284187,0
locomo_8,locomo_8_qa110,4,1,0.0,0.0,-29.0,-0.9303029461741296,0
locomo_8,locomo_8_qa111,4,1,0.0,1.0,-7.0,-0.03738116413026715,0
locomo_8,locomo_8_qa112,4,1,0.0,0.0,-9.0,-0.2276149611159218,0
locomo_8,locomo_8_qa113,4,1,0.0,1.0,-7.0,0.04654020612148363,0
locomo_8,locomo_8_qa114,4,1,0.0,0.0,-17.0,-0.2132765020524623,0
locomo_8,locomo_8_qa115,4,1,0.0,0.0,-16.0,-0.3321346441999037,0
locomo_8,locomo_8_qa116,4,1,0.0,0.0,-11.0,-0.16456108300604666,0
locomo_8,locomo_8_qa117,4,1,1.0,1.0,-7.0,-0.15878193766801096,0
locomo_8,locomo_8_qa118,4,1,1.0,0.0,-2.0,-0.14960669798633192,1
locomo_8,locomo_8_qa119,4,1,0.0,0.0,-11.0,-0.7095904538018681,0
locomo_8,locomo_8_qa120,4,1,0.0,0.0,-9.0,-0.33008042935302206,0
locomo_8,locomo_8_qa121,4,1,0.0,0.0,-4.0,-0.12373915126764107,0
locomo_8,locomo_8_qa122,4,1,0.0,0.0,-10.0,-0.5749284492289228,0
locomo_8,locomo_8_qa123,4,1,0.0,0.0,-16.0,-0.2006506694994742,0
locomo_8,locomo_8_qa124,4,1,0.0,0.0,-14.0,-0.27271566540077413,0
locomo_8,locomo_8_qa125,4,1,0.0,0.0,-21.0,-0.863202464327458,0
locomo_8,locomo_8_qa126,4,1,1.0,0.0,-10.0,-0.28692303903693583,1
locomo_8,locomo_8_qa127,4,1,0.0,0.0,-12.0,-0.322732803719627,0
locomo_8,locomo_8_qa128,4,1,1.0,1.0,7.0,0.08465880515435609,0
locomo_8,locomo_8_qa129,4,1,1.0,1.0,2.0,0.06864284710957369,0
locomo_8,locomo_8_qa130,4,1,0.0,0.0,-16.0,-0.6328138599807376,0
locomo_8,locomo_8_qa131,4,1,1.0,1.0,2.0,-0.1079984387492916,0
locomo_8,locomo_8_qa132,4,1,0.0,0.0,-7.0,-0.4135755283375174,0
locomo_8,locomo_8_qa133,4,1,0.0,0.0,-8.0,-0.2022535685092276,0
locomo_8,locomo_8_qa134,4,1,1.0,0.0,0.0,-0.0704642143084595,1
locomo_8,locomo_8_qa135,4,1,1.0,1.0,-6.0,0.00848458005269237,0
locomo_8,locomo_8_qa136,4,1,1.0,1.0,4.0,0.10229063058898846,0
locomo_8,locomo_8_qa137,4,1,1.0,1.0,21.0,0.2309369940243713,0
locomo_8,locomo_8_qa138,4,1,1.0,0.0,-1.0,-0.14451269260947153,1
locomo_8,locomo_8_qa139,4,1,0.0,0.0,-12.0,-0.40337041071525,0
locomo_8,locomo_8_qa140,4,1,0.0,0.0,-14.0,-0.15947600999708644,0
locomo_8,locomo_8_qa141,4,1,0.0,0.0,-4.0,-0.24677383723744017,0
locomo_8,locomo_8_qa142,4,1,0.0,0.0,-10.0,-0.39875929627163115,0
locomo_8,locomo_8_qa143,4,1,0.0,0.0,-8.0,-0.3219101585340942,0
locomo_8,locomo_8_qa144,4,1,0.0,0.0,-9.0,-0.3310120292027577,0
locomo_8,locomo_8_qa145,4,1,0.0,0.0,-16.0,-0.4970979127005116,0
locomo_8,locomo_8_qa146,4,1,0.0,0.0,-14.0,-0.2821412868117182,0
locomo_8,locomo_8_qa147,4,1,1.0,0.0,-6.0,-0.11859181598701085,1
locomo_8,locomo_8_qa148,4,1,0.0,0.0,-6.0,-0.1557468647409827,0
locomo_8,locomo_8_qa149,4,2,0.5,0.0,-14.0,-0.19529448928658089,1
locomo_8,locomo_8_qa150,4,1,1.0,1.0,-10.0,0.030714260586494846,0
locomo_8,locomo_8_qa151,4,1,1.0,0.0,2.0,-0.1792142817107399,1
locomo_8,locomo_8_qa152,4,1,0.0,0.0,-10.0,-0.053024063250121656,0
locomo_8,locomo_8_qa153,4,1,0.0,0.0,-7.0,-0.17609320361210057,0
locomo_8,locomo_8_qa154,4,1,0.0,0.0,-7.0,-0.380431325924288,0
locomo_8,locomo_8_qa155,4,1,1.0,1.0,19.0,0.2044088958408542,0
locomo_9,locomo_9_qa0,2,1,0.0,0.0,-2.0,-0.47768450750016966,0
locomo_9,locomo_9_qa1,1,3,0.0,0.0,-26.0,-0.7334015271915032,0
locomo_9,locomo_9_qa2,2,1,0.0,0.0,-15.0,-0.21717652195181064,0
locomo_9,locomo_9_qa3,1,2,0.0,0.0,-6.0,-0.26704788225743464,0
locomo_9,locomo_9_qa4,3,2,0.0,0.0,-11.0,-0.5784486682165573,0
locomo_9,locomo_9_qa5,1,2,0.0,0.0,-20.0,-0.4095646076163996,0
locomo_9,locomo_9_qa6,1,4,0.0,0.0,-10.0,-0.46863507761934026,0
locomo_9,locomo_9_qa7,3,1,0.65,0.0,-2.0,-0.15733876823589493,1
locomo_9,locomo_9_qa8,2,1,1.0,1.0,-1.0,-0.03818378029067249,0
locomo_9,locomo_9_qa9,2,1,1.0,0.0,4.0,-0.38577409051442263,1
locomo_9,locomo_9_qa10,2,1,0.0,0.0,-18.0,-0.5807923447443265,0
locomo_9,locomo_9_qa11,1,2,0.0,0.0,-12.0,-0.3415893931811762,0
locomo_9,locomo_9_qa12,2,2,0.0,0.0,-13.0,-0.22688215560128167,0
locomo_9,locomo_9_qa13,3,1,0.0,0.0,-15.0,-0.19007389201731434,0
locomo_9,locomo_9_qa14,2,1,1.0,1.0,3.0,-0.01556354890462186,0
locomo_9,locomo_9_qa15,1,2,0.0,0.0,-12.0,-0.2558754489558254,0
locomo_9,locomo_9_qa16,2,1,0.55,0.0,-5.0,-0.5407176480114314,1
locomo_9,locomo_9_qa17,2,1,0.0,0.0,-12.0,-0.4909274887370471,0
locomo_9,locomo_9_qa18,1,2,0.35,0.5,-6.0,-0.15676264028377918,0
locomo_9,locomo_9_qa19,1,3,0.0,0.33333333333333326,-9.0,-0.003708832202254264,0
locomo_9,locomo_9_qa20,1,3,0.0,0.0,-14.0,-0.298499512214766,0
locomo_9,locomo_9_qa21,3,2,0.0,0.0,-18.0,-0.23908525742894524,0
locomo_9,locomo_9_qa22,1,2,0.275,1.0,-1.0,0.027073177518258495,0
locomo_9,locomo_9_qa23,1,4,0.0,0.0,-16.0,-0.25661211331567413,0
locomo_9,locomo_9_qa24,1,3,0.0,0.0,-14.0,-0.7016355254709106,0
locomo_9,locomo_9_qa25,2,1,1.0,0.0,-1.0,-0.1666557153749369,1
locomo_9,locomo_9_qa26,2,1,0.0,0.0,-4.0,-0.3032075760713188,0
locomo_9,locomo_9_qa27,2,1,0.0,0.0,-15.0,-0.3678523188509734,0
locomo_9,locomo_9_qa28,1,3,0.0,0.0,-8.0,-0.2389931360255586,0
locomo_9,locomo_9_qa29,1,5,0.0,0.0,-21.0,-0.7512780683011275,0
locomo_9,locomo_9_qa30,1,3,0.0,0.33333333333333326,-9.0,-0.02278696651251877,0
locomo_9,locomo_9_qa31,2,2,0.0,0.0,-18.0,-0.36893932036773525,0
locomo_9,locomo_9_qa32,1,2,0.5,1.0,3.0,0.07718106720625983,0
locomo_9,locomo_9_qa33,1,2,0.0,0.0,-4.0,-0.02134913540139105,0
locomo_9,locomo_9_qa34,2,1,0.0,0.0,-17.0,-0.584411923660743,0
locomo_9,locomo_9_qa35,2,1,1.0,0.0,4.0,-0.31677397529690127,1
locomo_9,locomo_9_qa36,2,1,0.0,0.0,-11.0,-0.20764958928156663,0
locomo_9,locomo_9_qa37,3,3,0.0,0.0,-12.0,-0.5132108461732217,0
locomo_9,locomo_9_qa38,2,1,0.0,0.0,-10.0,-0.4971132335128291,0
locomo_9,locomo_9_qa40,1,2,0.5,0.5,1.0,-0.033168285853754365,0
locomo_9,locomo_9_qa41,1,2,0.0,0.0,-22.0,-0.41532308558570796,0
locomo_9,locomo_9_qa43,2,1,0.0,0.0,-11.0,-0.7586387620138059,0
locomo_9,locomo_9_qa44,2,1,0.0,1.0,-5.0,0.03252901104494088,0
locomo_9,locomo_9_qa45,1,2,0.0,0.0,-13.0,-0.4087760758943928,0
locomo_9,locomo_9_qa46,1,3,0.0,0.0,-17.0,-0.6503539128691713,0
locomo_9,locomo_9_qa47,1,2,0.0,0.0,-7.0,-0.13734723439569274,0
locomo_9,locomo_9_qa48,2,1,0.0,0.0,-16.0,-0.4270997305710414,0
locomo_9,locomo_9_qa49,1,3,0.0,0.0,-6.0,-0.40382958456935775,0
locomo_9,locomo_9_qa50,2,1,0.0,0.0,-21.0,-0.5931624633129011,0
locomo_9,locomo_9_qa51,2,2,0.5,0.0,-1.0,-0.0664344507926879,1
locomo_9,locomo_9_qa52,2,1,0.0,0.0,-10.0,-0.36193458597001116,0
locomo_9,locomo_9_qa53,1,2,0.0,0.5,-11.0,-0.05783039601116813,0
locomo_9,locomo_9_qa54,1,2,0.0,0.0,-17.0,-0.3870705276837919,0
locomo_9,locomo_9_qa55,2,1,1.0,1.0,4.0,0.2078927014373383,0
locomo_9,locomo_9_qa56,1,2,0.0,0.0,-24.0,-0.8540222886013689,0
locomo_9,locomo_9_qa57,2,1,0.0,0.0,-29.0,-0.8653778671137873,0
locomo_9,locomo_9_qa58,1,4,0.0,0.0,-12.0,-0.26593300167536366,0
locomo_9,locomo_9_qa59,1,2,0.0,0.0,-23.0,-0.587911856739587,0
locomo_9,locomo_9_qa60,1,3,0.5333333333333332,0.33333333333333326,0.0,0.12661749942847234,1
locomo_9,locomo_9_qa61,2,3,0.09999999999999999,0.0,-3.0,-0.4550775122160513,1
locomo_9,locomo_9_qa62,2,2,0.5,0.5,3.0,-0.05854693423167279,0
locomo_9,locomo_9_qa63,1,5,0.0,0.0,-5.0,-0.11189625095036881,0
locomo_9,locomo_9_qa64,1,4,0.5,0.5,0.0,0.08344632449676026,0
locomo_9,locomo_9_qa65,2,1,1.0,1.0,-4.0,0.04108529813855366,0
locomo_9,locomo_9_qa66,1,4,0.25,0.0,-5.0,-0.0916090072320499,1
locomo_9,locomo_9_qa67,2,1,0.0,0.0,-14.0,-0.19524284815978382,0
locomo_9,locomo_9_qa68,2,1,0.0,0.0,-14.0,-0.4133582157259995,0
locomo_9,locomo_9_qa69,2,1,0.0,0.0,-10.0,-0.5672461923052738,0
locomo_9,locomo_9_qa70,2,1,0.0,0.0,-26.0,-0.5050169100147754,0
locomo_9,locomo_9_qa71,4,1,0.0,0.0,-8.0,-0.44039528711809056,0
locomo_9,locomo_9_qa72,4,1,0.0,0.0,-3.0,-0.3165580554297517,0
locomo_9,locomo_9_qa73,4,1,0.0,0.0,-12.0,-0.30055026989785705,0
locomo_9,locomo_9_qa74,4,1,0.0,1.0,-7.0,-0.03934449822346642,0
locomo_9,locomo_9_qa75,4,1,0.0,0.0,-18.0,-0.6600536255063097,0
locomo_9,locomo_9_qa76,4,1,1.0,1.0,-2.0,-0.02823716912138008,0
locomo_9,locomo_9_qa77,4,1,0.0,0.0,-10.0,-0.2623486787115294,0
locomo_9,locomo_9_qa78,4,1,0.0,0.0,-12.0,-0.2960249525137356,0
locomo_9,locomo_9_qa79,4,1,0.0,0.0,-10.0,-0.28023874671708915,0
locomo_9,locomo_9_qa80,4,1,1.0,1.0,3.0,0.08620482208215446,0
locomo_9,locomo_9_qa81,4,1,0.2,0.0,-7.0,-0.47269437388622265,1
locomo_9,locomo_9_qa82,4,1,0.0,0.0,-23.0,-0.777423027515735,0
locomo_9,locomo_9_qa83,4,1,1.0,1.0,1.0,0.10013255302126478,0
locomo_9,locomo_9_qa84,4,1,1.0,1.0,-3.0,0.0810155003281105,0
locomo_9,locomo_9_qa85,4,1,1.0,0.0,0.0,-0.14060097964776808,1
locomo_9,locomo_9_qa86,4,1,1.0,1.0,2.0,0.007702285716960522,0
locomo_9,locomo_9_qa87,4,1,0.0,0.0,-7.0,-0.1894554846855636,0
locomo_9,locomo_9_qa88,4,1,0.0,0.0,-14.0,-0.3302724236448477,0
locomo_9,locomo_9_qa89,4,1,0.0,0.0,-21.0,-0.4665043477411437,0
locomo_9,locomo_9_qa90,4,1,1.0,1.0,3.0,0.2006291401971989,0
locomo_9,locomo_9_qa91,4,1,1.0,0.0,-3.0,-0.18913064123375428,1
locomo_9,locomo_9_qa92,4,1,0.0,0.0,-15.0,-0.8589476732709062,0
locomo_9,locomo_9_qa93,4,1,0.0,1.0,-12.0,0.037022958086883884,0
locomo_9,locomo_9_qa94,4,1,0.0,0.0,-12.0,-0.4439995435206348,0
locomo_9,locomo_9_qa95,4,1,0.0,0.0,-9.0,-0.16616976861866928,0
locomo_9,locomo_9_qa96,4,1,0.0,0.0,-16.0,-0.26695373303950937,0
locomo_9,locomo_9_qa97,4,1,0.0,0.0,-6.0,-0.3743883883211996,0
locomo_9,locomo_9_qa98,4,1,0.25,0.0,-2.0,-0.2808985218890534,1
locomo_9,locomo_9_qa99,4,1,1.0,1.0,-3.0,-0.0932419997153624,0
locomo_9,locomo_9_qa100,4,1,1.0,1.0,-1.0,-0.011632303268103272,0
locomo_9,locomo_9_qa101,4,1,0.0,0.0,-7.0,-0.45846404411675645,0
locomo_9,locomo_9_qa102,4,1,0.0,0.0,-21.0,-0.6941850058897052,0
locomo_9,locomo_9_qa103,4,1,0.0,0.0,-14.0,-0.40057804451112616,0
locomo_9,locomo_9_qa104,4,1,1.0,1.0,-14.0,-0.18255800250235055,0
locomo_9,locomo_9_qa105,4,2,1.0,0.5,22.0,0.2937061874512681,1
locomo_9,locomo_9_qa106,4,1,0.0,0.0,-3.0,-0.12500520963996098,0
locomo_9,locomo_9_qa107,4,1,1.0,0.0,3.0,-0.061663648784555436,1
locomo_9,locomo_9_qa108,4,1,1.0,0.0,-2.0,-0.5336558469570728,1
locomo_9,locomo_9_qa109,4,1,1.0,1.0,4.0,0.025205003836300865,0
locomo_9,locomo_9_qa110,4,1,0.0,0.0,-10.0,-0.08798057142867954,0
locomo_9,locomo_9_qa111,4,2,0.5,0.0,0.0,-0.11390090695677102,1
locomo_9,locomo_9_qa112,4,1,0.0,0.0,-4.0,-0.08681119691171091,0
locomo_9,locomo_9_qa113,4,1,0.0,0.0,-22.0,-0.7774613851511109,0
locomo_9,locomo_9_qa114,4,2,0.0,0.5,-3.0,0.02853836191582937,0
locomo_9,locomo_9_qa115,4,1,0.0,0.0,-9.0,-0.49382961162824746,0
locomo_9,locomo_9_qa116,4,1,0.0,0.0,-2.0,-0.27710262358146254,0
locomo_9,locomo_9_qa117,4,1,0.0,0.0,-28.0,-0.7203813934331236,0
locomo_9,locomo_9_qa118,4,1,0.0,1.0,-4.0,-0.028023415825065956,0
locomo_9,locomo_9_qa119,4,1,0.0,0.0,-24.0,-0.8257392278361877,0
locomo_9,locomo_9_qa120,4,1,0.0,0.0,-15.0,-0.6179574135271392,0
locomo_9,locomo_9_qa121,4,1,0.0,0.0,-12.0,-0.3894406654977302,0
locomo_9,locomo_9_qa122,4,1,1.0,1.0,11.0,-0.013160310108239481,0
locomo_9,locomo_9_qa123,4,1,0.0,0.0,-3.0,-0.39034648137875294,0
locomo_9,locomo_9_qa124,4,1,0.0,0.0,-18.0,-0.2706826692153788,0
locomo_9,locomo_9_qa125,4,1,0.0,0.0,-12.0,-0.34980657837991336,0
locomo_9,locomo_9_qa126,4,1,0.0,0.0,-5.0,-0.10941677498786545,0
locomo_9,locomo_9_qa127,4,1,1.0,0.0,0.0,-0.2574499956251052,1
locomo_9,locomo_9_qa128,4,1,0.0,1.0,-4.0,-0.017559096418360565,0
locomo_9,locomo_9_qa129,4,1,0.0,1.0,-6.0,0.0006039872012307268,0
locomo_9,locomo_9_qa130,4,1,0.0,0.0,-12.0,-0.1902433121132897,0
locomo_9,locomo_9_qa131,4,1,0.0,1.0,-6.0,-0.06217979876879853,0
locomo_9,locomo_9_qa132,4,1,0.55,0.0,0.0,-0.48072263888976885,1
locomo_9,locomo_9_qa133,4,1,0.0,0.0,-24.0,-0.3313175529504733,0
locomo_9,locomo_9_qa134,4,1,0.0,0.0,-27.0,-0.8675967898335575,0
locomo_9,locomo_9_qa135,4,1,1.0,1.0,1.0,0.047301779864533766,0
locomo_9,locomo_9_qa136,4,1,0.0,0.0,-7.0,-0.21785065462568615,0
locomo_9,locomo_9_qa137,4,1,0.0,0.0,-20.0,-0.4024125669702691,0
locomo_9,locomo_9_qa138,4,1,0.0,0.0,-12.0,-0.36655720740703623,0
locomo_9,locomo_9_qa139,4,1,0.0,0.0,-11.0,-0.7093051816939945,0
locomo_9,locomo_9_qa140,4,1,0.0,0.0,-22.0,-0.47924907989002347,0
locomo_9,locomo_9_qa141,4,1,0.3,0.0,-3.0,-0.15552500621505572,1
locomo_9,locomo_9_qa142,4,1,1.0,0.0,-1.0,-0.3400821375628851,1
locomo_9,locomo_9_qa143,4,1,0.0,0.0,-10.0,-0.2491217328273908,0
locomo_9,locomo_9_qa144,4,1,1.0,1.0,8.0,0.10754977748392802,0
locomo_9,locomo_9_qa145,4,1,1.0,1.0,-5.0,-0.12377810533370381,0
locomo_9,locomo_9_qa146,4,1,1.0,1.0,9.0,0.1745198805436543,0
locomo_9,locomo_9_qa147,4,1,1.0,0.0,-2.0,-0.294226966283495,1
locomo_9,locomo_9_qa148,4,1,1.0,1.0,1.0,0.16298652608845143,0
locomo_9,locomo_9_qa149,4,1,0.0,0.0,-17.0,-0.14210439387378127,0
locomo_9,locomo_9_qa150,4,1,1.0,0.0,-1.0,-0.14762933986170662,1
locomo_9,locomo_9_qa151,4,1,0.0,0.0,-22.0,-0.6876963944319262,0
locomo_9,locomo_9_qa152,4,1,0.0,0.0,-23.0,-0.684125888156474,0
locomo_9,locomo_9_qa153,4,1,0.0,0.0,-12.0,-0.2688423761061467,0
locomo_9,locomo_9_qa154,4,1,0.0,0.0,-4.0,-0.31324181771424714,0
locomo_9,locomo_9_qa155,4,1,0.0,0.0,-3.0,-0.49690311764169914,0
locomo_9,locomo_9_qa156,4,1,0.0,0.0,-9.0,-0.41572592429256877,0
locomo_9,locomo_9_qa157,4,1,1.0,1.0,7.0,0.04973470843783556,0
