bench,archive,arm,scorer,n,hit10_pct,fr3_pct,hit3_pct,exp_hit10_pct,loss_init,loss_final,haar_init,haar_final
RealTalk,RT01,FULL,sym,85,52.94117647058824,37.205882352941174,44.70588235294118,52.156862745098046,,,,
RealTalk,RT01,FULL,qscale,85,56.470588235294116,37.794117647058826,44.70588235294118,56.470588235294116,,,,
RealTalk,RT01,ITQ_20260916,sym,85,45.88235294117647,24.95098039215686,29.411764705882355,45.826330532212886,54439.69612179078,53520.4208845016,0.8566165678781279,0.8421516377848313
RealTalk,RT01,ITQ_20260916,qscale,85,48.23529411764706,27.500000000000004,32.94117647058823,48.23529411764706,54439.69612179078,53520.4208845016,0.8566165678781279,0.8421516377848313
RealTalk,RT01,RAND_20260916,sym,85,42.35294117647059,25.34313725490196,29.411764705882355,43.07843137254902,,,,
RealTalk,RT01,RAND_20260916,qscale,85,51.76470588235295,27.009803921568626,30.58823529411765,51.76470588235295,,,,
RealTalk,RT01,ITQ_20260917,sym,85,43.529411764705884,29.2156862745098,35.294117647058826,43.647058823529406,54432.89014471771,53526.91552690399,0.8565094748350597,0.8422538319313946
RealTalk,RT01,ITQ_20260917,qscale,85,44.70588235294118,28.333333333333332,32.94117647058823,44.70588235294118,54432.89014471771,53526.91552690399,0.8565094748350597,0.8422538319313946
RealTalk,RT01,RAND_20260917,sym,85,42.35294117647059,22.892156862745097,24.705882352941178,41.9467787114846,,,,
RealTalk,RT01,RAND_20260917,qscale,85,47.05882352941176,24.06862745098039,27.058823529411764,47.05882352941176,,,,
RealTalk,RT01,ITQ_20260918,sym,85,47.05882352941176,29.65686274509804,36.470588235294116,46.76470588235294,54450.40077916863,53510.19793861676,0.8567850072250854,0.8419907782385567
RealTalk,RT01,ITQ_20260918,qscale,85,45.88235294117647,29.558823529411764,36.470588235294116,45.88235294117647,54450.40077916863,53510.19793861676,0.8567850072250854,0.8419907782385567
RealTalk,RT01,RAND_20260918,sym,85,42.35294117647059,26.764705882352942,32.94117647058823,43.882352941176464,,,,
RealTalk,RT01,RAND_20260918,qscale,85,49.411764705882355,28.921568627450977,34.11764705882353,49.411764705882355,,,,
RealTalk,RT01,ITQ_7,sym,85,41.17647058823529,23.38235294117647,28.235294117647058,40.7843137254902,54445.1109326109,53531.69818466234,0.8567017707170648,0.8423290877495963
RealTalk,RT01,ITQ_7,qscale,85,43.529411764705884,25.735294117647058,30.58823529411765,43.529411764705884,54445.1109326109,53531.69818466234,0.8567017707170648,0.8423290877495963
RealTalk,RT01,RAND_7,sym,85,38.82352941176471,22.058823529411764,25.882352941176475,38.11764705882353,,,,
RealTalk,RT01,RAND_7,qscale,85,40.0,26.61764705882353,30.58823529411765,40.0,,,,
RealTalk,RT01,ITQ_42,sym,85,41.17647058823529,24.509803921568626,28.235294117647058,40.98039215686275,54439.815456070515,53525.369837504244,0.8566184456204449,0.8422295102829848
RealTalk,RT01,ITQ_42,qscale,85,43.529411764705884,27.500000000000004,31.76470588235294,43.529411764705884,54439.815456070515,53525.369837504244,0.8566184456204449,0.8422295102829848
RealTalk,RT01,RAND_42,sym,85,43.529411764705884,22.401960784313722,27.058823529411764,42.35294117647059,,,,
RealTalk,RT01,RAND_42,qscale,85,50.588235294117645,29.50980392156863,32.94117647058823,50.588235294117645,,,,
RealTalk,RT02,FULL,sym,70,45.714285714285715,20.76190476190476,27.142857142857142,46.59863945578231,,,,
RealTalk,RT02,FULL,qscale,70,47.14285714285714,14.571428571428571,21.428571428571427,47.14285714285714,,,,
RealTalk,RT02,ITQ_20260916,sym,70,32.857142857142854,11.119047619047619,20.0,32.857142857142854,39057.44841154499,38273.5763814365,0.8547235734319194,0.8375695111483827
RealTalk,RT02,ITQ_20260916,qscale,70,34.285714285714285,11.190476190476188,17.142857142857142,34.285714285714285,39057.44841154499,38273.5763814365,0.8547235734319194,0.8375695111483827
RealTalk,RT02,RAND_20260916,sym,70,31.428571428571427,9.285714285714285,14.285714285714285,30.5952380952381,,,,
RealTalk,RT02,RAND_20260916,qscale,70,32.857142857142854,11.904761904761903,17.142857142857142,32.857142857142854,,,,
RealTalk,RT02,ITQ_20260917,sym,70,31.428571428571427,9.047619047619047,14.285714285714285,32.38095238095238,39054.914310540626,38261.8621461608,0.8546681177901922,0.8373131597111519
RealTalk,RT02,ITQ_20260917,qscale,70,35.714285714285715,10.476190476190476,15.714285714285714,35.714285714285715,39054.914310540626,38261.8621461608,0.8546681177901922,0.8373131597111519
RealTalk,RT02,RAND_20260917,sym,70,34.285714285714285,9.642857142857144,14.285714285714285,30.761904761904763,,,,
RealTalk,RT02,RAND_20260917,qscale,70,32.857142857142854,6.071428571428571,11.428571428571429,32.857142857142854,,,,
RealTalk,RT02,ITQ_20260918,sym,70,37.142857142857146,9.523809523809524,15.714285714285714,35.204081632653065,39067.44353330016,38265.9997387788,0.8549423042126261,0.8374037057680935
RealTalk,RT02,ITQ_20260918,qscale,70,37.142857142857146,7.19047619047619,12.857142857142856,37.142857142857146,39067.44353330016,38265.9997387788,0.8549423042126261,0.8374037057680935
RealTalk,RT02,RAND_20260918,sym,70,34.285714285714285,10.285714285714285,17.142857142857142,33.57142857142857,,,,
RealTalk,RT02,RAND_20260918,qscale,70,34.285714285714285,7.428571428571427,14.285714285714285,34.285714285714285,,,,
RealTalk,RT02,ITQ_7,sym,70,30.0,8.619047619047619,14.285714285714285,29.095238095238095,39039.98758094049,38255.385469295274,0.8543414649190408,0.8371714257111186
RealTalk,RT02,ITQ_7,qscale,70,32.857142857142854,7.619047619047619,12.857142857142856,32.857142857142854,39039.98758094049,38255.385469295274,0.8543414649190408,0.8371714257111186
RealTalk,RT02,RAND_7,sym,70,27.142857142857142,13.33333333333333,20.0,27.619047619047617,,,,
RealTalk,RT02,RAND_7,qscale,70,32.857142857142854,10.0,14.285714285714285,32.857142857142854,,,,
RealTalk,RT02,ITQ_42,sym,70,34.285714285714285,10.476190476190476,15.714285714285714,33.73015873015873,39033.35400047941,38269.711206872846,0.8541962972793989,0.8374849266209919
RealTalk,RT02,ITQ_42,qscale,70,34.285714285714285,9.928571428571427,18.571428571428573,34.285714285714285,39033.35400047941,38269.711206872846,0.8541962972793989,0.8374849266209919
RealTalk,RT02,RAND_42,sym,70,34.285714285714285,7.142857142857142,14.285714285714285,33.80952380952381,,,,
RealTalk,RT02,RAND_42,qscale,70,38.57142857142858,7.619047619047619,12.857142857142856,38.57142857142858,,,,
RealTalk,RT03,FULL,sym,73,64.38356164383562,39.1324200913242,49.31506849315068,66.23287671232877,,,,
RealTalk,RT03,FULL,qscale,73,73.97260273972603,40.57077625570776,47.94520547945205,73.97260273972603,,,,
RealTalk,RT03,ITQ_20260916,sym,73,56.16438356164384,34.178082191780824,39.726027397260275,55.821917808219176,37135.57025603869,36382.07316112609,0.8539268362775637,0.8366002842422299
RealTalk,RT03,ITQ_20260916,qscale,73,60.273972602739725,36.00456621004566,42.465753424657535,60.273972602739725,37135.57025603869,36382.07316112609,0.8539268362775637,0.8366002842422299
RealTalk,RT03,RAND_20260916,sym,73,61.64383561643836,34.74885844748859,39.726027397260275,61.04470871594159,,,,
RealTalk,RT03,RAND_20260916,qscale,73,60.273972602739725,34.566210045662096,38.35616438356164,60.273972602739725,,,,
RealTalk,RT03,ITQ_20260917,sym,73,57.534246575342465,35.15981735159817,39.726027397260275,56.986301369863014,37141.38503724236,36377.75852751163,0.8540605462942045,0.8365010698931115
RealTalk,RT03,ITQ_20260917,qscale,73,64.38356164383562,37.990867579908674,43.83561643835616,64.38356164383562,37141.38503724236,36377.75852751163,0.8540605462942045,0.8365010698931115
RealTalk,RT03,RAND_20260917,sym,73,58.9041095890411,33.31050228310502,39.726027397260275,59.589041095890416,,,,
RealTalk,RT03,RAND_20260917,qscale,73,64.38356164383562,38.10502283105023,46.57534246575342,64.38356164383562,,,,
RealTalk,RT03,ITQ_20260918,sym,73,65.75342465753424,34.70319634703197,39.726027397260275,63.53881278538813,37139.8915935557,36384.62791171817,0.8540262047819099,0.8366590303467202
RealTalk,RT03,ITQ_20260918,qscale,73,65.75342465753424,40.45662100456621,45.20547945205479,65.75342465753424,37139.8915935557,36384.62791171817,0.8540262047819099,0.8366590303467202
RealTalk,RT03,RAND_20260918,sym,73,64.38356164383562,33.881278538812786,38.35616438356164,64.08675799086758,,,,
RealTalk,RT03,RAND_20260918,qscale,73,58.9041095890411,38.0593607305936,45.20547945205479,58.9041095890411,,,,
RealTalk,RT03,ITQ_7,sym,73,61.64383561643836,37.10045662100457,42.465753424657535,60.71428571428571,37135.300413159595,36388.90586767551,0.8539206312812637,0.8367574012986458
RealTalk,RT03,ITQ_7,qscale,73,60.273972602739725,37.55707762557077,43.83561643835616,60.273972602739725,37135.300413159595,36388.90586767551,0.8539206312812637,0.8367574012986458
RealTalk,RT03,RAND_7,sym,73,63.013698630136986,37.89954337899543,42.465753424657535,61.25244618395305,,,,
RealTalk,RT03,RAND_7,qscale,73,63.013698630136986,41.210045662100455,46.57534246575342,63.013698630136986,,,,
RealTalk,RT03,ITQ_42,sym,73,57.534246575342465,33.10502283105023,38.35616438356164,57.46575342465754,37119.62525081301,36365.70852255834,0.8535601832876428,0.8362239818469082
RealTalk,RT03,ITQ_42,qscale,73,63.013698630136986,35.73059360730594,41.0958904109589,63.013698630136986,37119.62525081301,36365.70852255834,0.8535601832876428,0.8362239818469082
RealTalk,RT03,RAND_42,sym,73,61.64383561643836,33.675799086758,39.726027397260275,61.64383561643836,,,,
RealTalk,RT03,RAND_42,qscale,73,60.273972602739725,39.15525114155252,43.83561643835616,60.273972602739725,,,,
RealTalk,RT04,FULL,sym,71,50.70422535211267,26.056338028169012,32.3943661971831,51.991951710261574,,,,
RealTalk,RT04,FULL,qscale,71,53.52112676056338,26.877934272300468,35.2112676056338,53.52112676056338,,,,
RealTalk,RT04,ITQ_20260916,sym,71,59.154929577464785,29.272300469483564,40.845070422535215,59.50704225352113,34569.97618028111,33850.621633323884,0.8533268211957226,0.83557024173884
RealTalk,RT04,ITQ_20260916,qscale,71,59.154929577464785,25.281690140845072,36.61971830985916,59.154929577464785,34569.97618028111,33850.621633323884,0.8533268211957226,0.83557024173884
RealTalk,RT04,RAND_20260916,sym,71,52.112676056338024,21.64319248826291,28.169014084507044,51.244131455399064,,,,
RealTalk,RT04,RAND_20260916,qscale,71,60.56338028169014,21.525821596244132,30.985915492957744,60.56338028169014,,,,
RealTalk,RT04,ITQ_20260917,sym,71,57.74647887323944,27.394366197183096,36.61971830985916,57.51173708920189,34603.20510932556,33834.69764798763,0.8541470455500977,0.8351771733804214
RealTalk,RT04,ITQ_20260917,qscale,71,63.38028169014085,29.741784037558688,40.845070422535215,63.38028169014085,34603.20510932556,33834.69764798763,0.8541470455500977,0.8351771733804214
RealTalk,RT04,RAND_20260917,sym,71,52.112676056338024,23.826291079812204,33.80281690140845,51.056338028169016,,,,
RealTalk,RT04,RAND_20260917,qscale,71,57.74647887323944,25.704225352112676,36.61971830985916,57.74647887323944,,,,
RealTalk,RT04,ITQ_20260918,sym,71,60.56338028169014,26.877934272300468,38.028169014084504,60.56338028169014,34607.53336092619,33846.268171122945,0.8542538843040627,0.8354627806853018
RealTalk,RT04,ITQ_20260918,qscale,71,64.7887323943662,29.037558685446008,42.25352112676056,64.7887323943662,34607.53336092619,33846.268171122945,0.8542538843040627,0.8354627806853018
RealTalk,RT04,RAND_20260918,sym,71,49.29577464788733,23.943661971830984,35.2112676056338,49.413145539906104,,,,
RealTalk,RT04,RAND_20260918,qscale,71,57.74647887323944,25.938967136150232,33.80281690140845,57.74647887323944,,,,
RealTalk,RT04,ITQ_7,sym,71,59.154929577464785,28.755868544600936,39.436619718309856,58.68544600938967,34594.53003679543,33837.830759142846,0.8539329096760326,0.8352545112347661
RealTalk,RT04,ITQ_7,qscale,71,60.56338028169014,27.042253521126757,36.61971830985916,60.56338028169014,34594.53003679543,33837.830759142846,0.8539329096760326,0.8352545112347661
RealTalk,RT04,RAND_7,sym,71,59.154929577464785,24.061032863849764,35.2112676056338,59.97652582159625,,,,
RealTalk,RT04,RAND_7,qscale,71,64.7887323943662,25.586854460093893,33.80281690140845,64.7887323943662,,,,
RealTalk,RT04,ITQ_42,sym,71,57.74647887323944,22.183098591549296,29.577464788732392,57.86384976525822,34590.228947410775,33836.83680054135,0.8538267413954082,0.8352299763166803
RealTalk,RT04,ITQ_42,qscale,71,61.97183098591549,28.87323943661972,40.845070422535215,61.97183098591549,34590.228947410775,33836.83680054135,0.8538267413954082,0.8352299763166803
RealTalk,RT04,RAND_42,sym,71,54.929577464788736,27.816901408450708,35.2112676056338,54.77308294209702,,,,
RealTalk,RT04,RAND_42,qscale,71,59.154929577464785,28.169014084507044,35.2112676056338,59.154929577464785,,,,
RealTalk,RT05,FULL,sym,70,55.714285714285715,28.10884353741497,34.285714285714285,55.00000000000001,,,,
RealTalk,RT05,FULL,qscale,70,60.0,24.18027210884354,31.428571428571427,60.0,,,,
RealTalk,RT05,ITQ_20260916,sym,70,57.14285714285714,24.846938775510203,34.285714285714285,56.90476190476191,33623.418710515914,32927.20513449229,0.8542535241492865,0.8365651710999057
RealTalk,RT05,ITQ_20260916,qscale,70,57.14285714285714,22.170068027210885,32.857142857142854,57.14285714285714,33623.418710515914,32927.20513449229,0.8542535241492865,0.8365651710999057
RealTalk,RT05,RAND_20260916,sym,70,48.57142857142857,20.40816326530612,27.142857142857142,48.33333333333333,,,,
RealTalk,RT05,RAND_20260916,qscale,70,52.85714285714286,22.836734693877546,32.857142857142854,52.85714285714286,,,,
RealTalk,RT05,ITQ_20260917,sym,70,58.57142857142858,23.622448979591834,34.285714285714285,60.24999999999999,33623.99886596305,32928.66966621004,0.8542682638710124,0.8366023797309461
RealTalk,RT05,ITQ_20260917,qscale,70,57.14285714285714,25.09863945578231,34.285714285714285,57.14285714285714,33623.99886596305,32928.66966621004,0.8542682638710124,0.8366023797309461
RealTalk,RT05,RAND_20260917,sym,70,60.0,26.731292517006803,37.142857142857146,59.5,,,,
RealTalk,RT05,RAND_20260917,qscale,70,64.28571428571429,27.479591836734695,37.142857142857146,64.28571428571429,,,,
RealTalk,RT05,ITQ_20260918,sym,70,55.714285714285715,22.598639455782312,30.0,55.32312925170068,33625.63675844972,32922.96147999739,0.8543098769931331,0.8364573546747305
RealTalk,RT05,ITQ_20260918,qscale,70,60.0,24.027210884353742,32.857142857142854,60.0,33625.63675844972,32922.96147999739,0.8543098769931331,0.8364573546747305
RealTalk,RT05,RAND_20260918,sym,70,55.714285714285715,26.95578231292517,38.57142857142858,55.323129251700685,,,,
RealTalk,RT05,RAND_20260918,qscale,70,60.0,27.26530612244898,40.0,60.0,,,,
RealTalk,RT05,ITQ_7,sym,70,55.714285714285715,21.33673469387755,30.0,55.35714285714286,33626.62187210952,32916.67848544114,0.8543349052873354,0.8362977257479964
RealTalk,RT05,ITQ_7,qscale,70,58.57142857142858,22.52721088435374,28.57142857142857,58.57142857142858,33626.62187210952,32916.67848544114,0.8543349052873354,0.8362977257479964
RealTalk,RT05,RAND_7,sym,70,54.285714285714285,22.598639455782312,34.285714285714285,55.47619047619048,,,,
RealTalk,RT05,RAND_7,qscale,70,55.714285714285715,24.312925170068024,34.285714285714285,55.714285714285715,,,,
RealTalk,RT05,ITQ_42,sym,70,58.57142857142858,23.70408163265306,30.0,59.224489795918366,33626.22617657548,32919.84452744543,0.8543248520471413,0.8363781638070484
RealTalk,RT05,ITQ_42,qscale,70,60.0,24.670068027210885,34.285714285714285,60.0,33626.22617657548,32919.84452744543,0.8543248520471413,0.8363781638070484
RealTalk,RT05,RAND_42,sym,70,55.714285714285715,19.67006802721088,27.142857142857142,55.4047619047619,,,,
RealTalk,RT05,RAND_42,qscale,70,64.28571428571429,24.670068027210878,34.285714285714285,64.28571428571429,,,,
RealTalk,RT06,FULL,sym,74,35.13513513513514,9.27927927927928,14.864864864864865,33.288288288288285,,,,
RealTalk,RT06,FULL,qscale,74,29.72972972972973,10.476529160739686,17.56756756756757,29.72972972972973,,,,
RealTalk,RT06,ITQ_20260916,sym,74,4.054054054054054,2.7027027027027026,2.7027027027027026,4.432432432432433,127456.62640290658,125217.56246513031,0.8576700204760617,0.8426031065967533
RealTalk,RT06,ITQ_20260916,qscale,74,4.054054054054054,1.422475106685633,2.7027027027027026,4.610492845786964,127456.62640290658,125217.56246513031,0.8576700204760617,0.8426031065967533
RealTalk,RT06,RAND_20260916,sym,74,8.108108108108109,1.3513513513513513,1.3513513513513513,8.468468468468467,,,,
RealTalk,RT06,RAND_20260916,qscale,74,6.756756756756757,2.7027027027027026,2.7027027027027026,6.756756756756757,,,,
RealTalk,RT06,ITQ_20260917,sym,74,5.405405405405405,2.7027027027027026,2.7027027027027026,5.812103969998707,127392.4749374736,125208.50724401191,0.8572383380267119,0.8425421729921129
RealTalk,RT06,ITQ_20260917,qscale,74,4.054054054054054,1.3513513513513513,1.3513513513513513,5.03003003003003,127392.4749374736,125208.50724401191,0.8572383380267119,0.8425421729921129
RealTalk,RT06,RAND_20260917,sym,74,6.756756756756757,2.9729729729729732,4.054054054054054,5.9459459459459465,,,,
RealTalk,RT06,RAND_20260917,qscale,74,6.756756756756757,4.054054054054054,4.054054054054054,6.756756756756757,,,,
RealTalk,RT06,ITQ_20260918,sym,74,4.054054054054054,1.3513513513513513,1.3513513513513513,4.631274131274131,127432.69125482137,125217.06665988814,0.8575089581639035,0.8425997702673351
RealTalk,RT06,ITQ_20260918,qscale,74,2.7027027027027026,1.3513513513513513,1.3513513513513513,3.2175032175032174,127432.69125482137,125217.06665988814,0.8575089581639035,0.8425997702673351
RealTalk,RT06,RAND_20260918,sym,74,5.405405405405405,1.3513513513513513,1.3513513513513513,5.212355212355212,,,,
RealTalk,RT06,RAND_20260918,qscale,74,6.756756756756757,1.3513513513513513,1.3513513513513513,6.756756756756757,,,,
RealTalk,RT06,ITQ_7,sym,74,2.7027027027027026,1.3513513513513513,1.3513513513513513,3.303303303303304,127460.64652780631,125239.29482474315,0.8576970723501178,0.842749346096732
RealTalk,RT06,ITQ_7,qscale,74,2.7027027027027026,1.3513513513513513,1.3513513513513513,3.3333333333333335,127460.64652780631,125239.29482474315,0.8576970723501178,0.842749346096732
RealTalk,RT06,RAND_7,sym,74,6.756756756756757,1.3513513513513513,1.3513513513513513,6.531531531531531,,,,
RealTalk,RT06,RAND_7,qscale,74,5.405405405405405,1.3513513513513513,1.3513513513513513,5.405405405405405,,,,
RealTalk,RT06,ITQ_42,sym,74,4.054054054054054,1.3513513513513513,1.3513513513513513,4.551920341394025,127464.03481450945,125223.8909764626,0.8577198725136563,0.842645691863578
RealTalk,RT06,ITQ_42,qscale,74,4.054054054054054,1.3513513513513513,1.3513513513513513,4.684684684684685,127464.03481450945,125223.8909764626,0.8577198725136563,0.842645691863578
RealTalk,RT06,RAND_42,sym,74,8.108108108108109,0.6756756756756757,1.3513513513513513,7.972972972972974,,,,
RealTalk,RT06,RAND_42,qscale,74,8.108108108108109,1.6216216216216217,2.7027027027027026,8.108108108108109,,,,
RealTalk,RT07,FULL,sym,70,42.857142857142854,14.523809523809522,24.285714285714285,41.785714285714285,,,,
RealTalk,RT07,FULL,qscale,70,41.42857142857143,12.857142857142856,20.0,41.42857142857143,,,,
RealTalk,RT07,ITQ_20260916,sym,70,8.571428571428571,2.380952380952381,5.714285714285714,9.192546583850932,124346.33809719454,122250.08860234858,0.8572298843011977,0.8427785724296036
RealTalk,RT07,ITQ_20260916,qscale,70,11.428571428571429,4.523809523809524,8.571428571428571,12.077922077922079,124346.33809719454,122250.08860234858,0.8572298843011977,0.8427785724296036
RealTalk,RT07,RAND_20260916,sym,70,15.714285714285714,4.285714285714286,8.571428571428571,15.14285714285714,,,,
RealTalk,RT07,RAND_20260916,qscale,70,18.571428571428573,5.714285714285714,10.0,18.571428571428573,,,,
RealTalk,RT07,ITQ_20260917,sym,70,14.285714285714285,4.761904761904763,10.0,13.660130718954248,124346.97824848228,122232.70575796196,0.8572342974332828,0.8426587370254381
RealTalk,RT07,ITQ_20260917,qscale,70,14.285714285714285,4.761904761904763,10.0,13.968253968253968,124346.97824848228,122232.70575796196,0.8572342974332828,0.8426587370254381
RealTalk,RT07,RAND_20260917,sym,70,17.142857142857142,8.095238095238095,12.857142857142856,17.142857142857142,,,,
RealTalk,RT07,RAND_20260917,qscale,70,17.142857142857142,6.190476190476192,11.428571428571429,17.142857142857142,,,,
RealTalk,RT07,ITQ_20260918,sym,70,10.0,3.3333333333333335,8.571428571428571,10.680272108843537,124279.67210415675,122240.95982239698,0.8567702963280164,0.8427156396315697
RealTalk,RT07,ITQ_20260918,qscale,70,11.428571428571429,3.095238095238095,7.142857142857142,12.108843537414966,124279.67210415675,122240.95982239698,0.8567702963280164,0.8427156396315697
RealTalk,RT07,RAND_20260918,sym,70,15.714285714285714,6.428571428571428,10.0,15.714285714285714,,,,
RealTalk,RT07,RAND_20260918,qscale,70,17.142857142857142,5.714285714285714,10.0,17.142857142857142,,,,
RealTalk,RT07,ITQ_7,sym,70,14.285714285714285,4.761904761904763,10.0,14.317799847211612,124305.02238746596,122232.04541137123,0.8569450583737726,0.8426541846691707
RealTalk,RT07,ITQ_7,qscale,70,12.857142857142856,4.761904761904763,10.0,12.987012987012985,124305.02238746596,122232.04541137123,0.8569450583737726,0.8426541846691707
RealTalk,RT07,RAND_7,sym,70,14.285714285714285,6.190476190476192,11.428571428571429,14.761904761904763,,,,
RealTalk,RT07,RAND_7,qscale,70,18.571428571428573,5.476190476190476,10.0,18.571428571428573,,,,
RealTalk,RT07,ITQ_42,sym,70,12.857142857142856,4.0476190476190474,8.571428571428571,14.272893772893772,124325.02511481888,122225.0459627345,0.8570829549609729,0.842605931245412
RealTalk,RT07,ITQ_42,qscale,70,14.285714285714285,6.190476190476192,11.428571428571429,14.725274725274723,124325.02511481888,122225.0459627345,0.8570829549609729,0.842605931245412
RealTalk,RT07,RAND_42,sym,70,17.142857142857142,7.142857142857142,11.428571428571429,16.904761904761905,,,,
RealTalk,RT07,RAND_42,qscale,70,18.571428571428573,7.142857142857142,11.428571428571429,18.571428571428573,,,,
RealTalk,RT08,FULL,sym,70,22.857142857142858,5.238095238095238,8.571428571428571,22.857142857142858,,,,
RealTalk,RT08,FULL,qscale,70,30.0,7.666666666666666,12.857142857142856,30.0,,,,
RealTalk,RT08,ITQ_20260916,sym,70,1.4285714285714286,0.0,0.0,1.4285714285714286,95582.73865621297,94008.68795173863,0.8568446881832058,0.8427342221720688
RealTalk,RT08,ITQ_20260916,qscale,70,1.4285714285714286,0.0,0.0,1.4285714285714286,95582.73865621297,94008.68795173863,0.8568446881832058,0.8427342221720688
RealTalk,RT08,RAND_20260916,sym,70,2.857142857142857,0.7142857142857143,1.4285714285714286,3.3333333333333335,,,,
RealTalk,RT08,RAND_20260916,qscale,70,2.857142857142857,0.7142857142857143,1.4285714285714286,2.857142857142857,,,,
RealTalk,RT08,ITQ_20260917,sym,70,2.857142857142857,0.0,0.0,2.857142857142857,95557.38410236684,94019.59185624555,0.8566173990817452,0.8428319694514267
RealTalk,RT08,ITQ_20260917,qscale,70,1.4285714285714286,0.0,0.0,1.4285714285714286,95557.38410236684,94019.59185624555,0.8566173990817452,0.8428319694514267
RealTalk,RT08,RAND_20260917,sym,70,1.4285714285714286,0.0,0.0,1.4285714285714286,,,,
RealTalk,RT08,RAND_20260917,qscale,70,1.4285714285714286,0.0,0.0,1.4285714285714286,,,,
RealTalk,RT08,ITQ_20260918,sym,70,1.4285714285714286,0.0,0.0,1.4285714285714286,95554.8006073611,94005.09278306559,0.8565942395238194,0.8427019935372345
RealTalk,RT08,ITQ_20260918,qscale,70,1.4285714285714286,0.0,0.0,1.4285714285714286,95554.8006073611,94005.09278306559,0.8565942395238194,0.8427019935372345
RealTalk,RT08,RAND_20260918,sym,70,4.285714285714286,0.0,0.0,3.0357142857142856,,,,
RealTalk,RT08,RAND_20260918,qscale,70,2.857142857142857,0.0,0.0,2.857142857142857,,,,
RealTalk,RT08,ITQ_7,sym,70,1.4285714285714286,0.0,0.0,1.4285714285714286,95588.48106661777,94001.52280827206,0.856896165614402,0.8426699907511479
RealTalk,RT08,ITQ_7,qscale,70,1.4285714285714286,0.0,0.0,1.4285714285714286,95588.48106661777,94001.52280827206,0.856896165614402,0.8426699907511479
RealTalk,RT08,RAND_7,sym,70,7.142857142857142,0.0,0.0,6.428571428571428,,,,
RealTalk,RT08,RAND_7,qscale,70,4.285714285714286,0.0,0.0,4.285714285714286,,,,
RealTalk,RT08,ITQ_42,sym,70,1.4285714285714286,0.0,0.0,1.4285714285714286,95581.3626640336,94008.08085926517,0.8568323531988096,0.842728779934606
RealTalk,RT08,ITQ_42,qscale,70,1.4285714285714286,0.0,0.0,1.4285714285714286,95581.3626640336,94008.08085926517,0.8568323531988096,0.842728779934606
RealTalk,RT08,RAND_42,sym,70,5.714285714285714,0.7142857142857143,1.4285714285714286,5.714285714285714,,,,
RealTalk,RT08,RAND_42,qscale,70,2.857142857142857,0.0,0.0,2.857142857142857,,,,
RealTalk,RT09,FULL,sym,63,49.2063492063492,19.20382968002016,26.984126984126984,50.0,,,,
RealTalk,RT09,FULL,qscale,63,53.96825396825397,19.712773998488284,30.158730158730158,53.96825396825397,,,,
RealTalk,RT09,ITQ_20260916,sym,63,23.809523809523807,3.980851599899219,9.523809523809524,23.809523809523807,85810.56432032483,84342.70442195679,0.8561877825702908,0.8415419901616059
RealTalk,RT09,ITQ_20260916,qscale,63,23.809523809523807,7.331821617535902,12.698412698412698,23.809523809523807,85810.56432032483,84342.70442195679,0.8561877825702908,0.8415419901616059
RealTalk,RT09,RAND_20260916,sym,63,26.984126984126984,6.897203325774753,15.873015873015872,25.89065255731922,,,,
RealTalk,RT09,RAND_20260916,qscale,63,33.33333333333333,9.145880574452002,15.873015873015872,33.33333333333333,,,,
RealTalk,RT09,ITQ_20260917,sym,63,20.634920634920633,5.467372134038801,11.11111111111111,21.03174603174603,85840.04742289332,84355.74888803987,0.856481954650516,0.8416721432794527
RealTalk,RT09,ITQ_20260917,qscale,63,25.396825396825395,5.5681531872008065,9.523809523809524,25.396825396825395,85840.04742289332,84355.74888803987,0.856481954650516,0.8416721432794527
RealTalk,RT09,RAND_20260917,sym,63,22.22222222222222,8.348450491307634,19.047619047619047,22.90249433106576,,,,
RealTalk,RT09,RAND_20260917,qscale,63,26.984126984126984,7.955404383975813,15.873015873015872,26.984126984126984,,,,
RealTalk,RT09,ITQ_20260918,sym,63,23.809523809523807,8.969513731418493,14.285714285714285,23.809523809523807,85756.03962643084,84365.78821790311,0.8556437542547777,0.8417723121997038
RealTalk,RT09,ITQ_20260918,qscale,63,25.396825396825395,5.467372134038801,11.11111111111111,25.396825396825395,85756.03962643084,84365.78821790311,0.8556437542547777,0.8417723121997038
RealTalk,RT09,RAND_20260918,sym,63,25.396825396825395,7.523305618543715,12.698412698412698,25.396825396825395,,,,
RealTalk,RT09,RAND_20260918,qscale,63,23.809523809523807,7.523305618543715,12.698412698412698,23.809523809523807,,,,
RealTalk,RT09,ITQ_7,sym,63,28.57142857142857,8.222474174855128,15.873015873015872,26.69690098261527,85805.39255204886,84351.34172903557,0.8561361804762219,0.841628170189132
RealTalk,RT09,ITQ_7,qscale,63,28.57142857142857,6.414714033761652,12.698412698412698,28.57142857142857,85805.39255204886,84351.34172903557,0.8561361804762219,0.841628170189132
RealTalk,RT09,RAND_7,sym,63,20.634920634920633,7.983462745367506,15.873015873015872,21.126228269085413,,,,
RealTalk,RT09,RAND_7,qscale,63,28.57142857142857,7.382212144116905,12.698412698412698,28.57142857142857,,,,
RealTalk,RT09,ITQ_42,sym,63,26.984126984126984,7.2058453010833965,11.11111111111111,26.511715797430085,85779.60128151806,84353.42945436851,0.8558788442041633,0.8416490007819336
RealTalk,RT09,ITQ_42,qscale,63,25.396825396825395,7.2058453010833965,11.11111111111111,25.396825396825395,85779.60128151806,84353.42945436851,0.8558788442041633,0.8416490007819336
RealTalk,RT09,RAND_42,sym,63,26.984126984126984,8.616780045351474,17.46031746031746,27.513227513227516,,,,
RealTalk,RT09,RAND_42,qscale,63,25.396825396825395,7.734945830183926,12.698412698412698,25.396825396825395,,,,
RealTalk,RT10,FULL,sym,59,44.06779661016949,26.299435028248585,35.59322033898305,45.76271186440678,,,,
RealTalk,RT10,FULL,qscale,59,49.152542372881356,26.27118644067797,30.508474576271187,49.152542372881356,,,,
RealTalk,RT10,ITQ_20260916,sym,59,30.508474576271187,17.796610169491526,22.033898305084744,29.49152542372881,103361.39799536248,101707.2282899748,0.857230277960477,0.843511381120412
RealTalk,RT10,ITQ_20260916,qscale,59,22.033898305084744,15.254237288135593,18.64406779661017,22.033898305084744,103361.39799536248,101707.2282899748,0.857230277960477,0.843511381120412
RealTalk,RT10,RAND_20260916,sym,59,28.8135593220339,17.231638418079097,22.033898305084744,28.426150121065376,,,,
RealTalk,RT10,RAND_20260916,qscale,59,27.11864406779661,14.971751412429379,18.64406779661017,27.11864406779661,,,,
RealTalk,RT10,ITQ_20260917,sym,59,28.8135593220339,14.124293785310732,16.94915254237288,28.177966101694917,103345.36805411047,101696.03855996493,0.8570973332513143,0.8434185788213652
RealTalk,RT10,ITQ_20260917,qscale,59,27.11864406779661,13.27683615819209,16.94915254237288,27.11864406779661,103345.36805411047,101696.03855996493,0.8570973332513143,0.8434185788213652
RealTalk,RT10,RAND_20260917,sym,59,25.423728813559322,14.40677966101695,16.94915254237288,25.965160075329567,,,,
RealTalk,RT10,RAND_20260917,qscale,59,30.508474576271187,16.666666666666664,20.33898305084746,30.508474576271187,,,,
RealTalk,RT10,ITQ_20260918,sym,59,23.728813559322035,16.666666666666668,20.33898305084746,23.30508474576271,103355.34982699348,101683.14898976666,0.8571801173284358,0.8433116788562124
RealTalk,RT10,ITQ_20260918,qscale,59,25.423728813559322,16.384180790960453,20.33898305084746,25.423728813559322,103355.34982699348,101683.14898976666,0.8571801173284358,0.8433116788562124
RealTalk,RT10,RAND_20260918,sym,59,30.508474576271187,13.841807909604523,16.94915254237288,30.992736077481837,,,,
RealTalk,RT10,RAND_20260918,qscale,59,30.508474576271187,16.384180790960453,20.33898305084746,30.508474576271187,,,,
RealTalk,RT10,ITQ_7,sym,59,22.033898305084744,13.27683615819209,16.94915254237288,22.598870056497177,103345.33190112948,101682.50387808797,0.8570970334156838,0.843306328606754
RealTalk,RT10,ITQ_7,qscale,59,23.728813559322035,14.971751412429379,18.64406779661017,23.728813559322035,103345.33190112948,101682.50387808797,0.8570970334156838,0.843306328606754
RealTalk,RT10,RAND_7,sym,59,25.423728813559322,14.124293785310732,16.94915254237288,24.915254237288135,,,,
RealTalk,RT10,RAND_7,qscale,59,27.11864406779661,17.51412429378531,20.33898305084746,27.11864406779661,,,,
RealTalk,RT10,ITQ_42,sym,59,30.508474576271187,18.926553672316388,23.728813559322035,30.508474576271187,103358.0830359482,101694.54276771715,0.8572027852636362,0.8434061734318368
RealTalk,RT10,ITQ_42,qscale,59,27.11864406779661,15.819209039548024,20.33898305084746,27.11864406779661,103358.0830359482,101694.54276771715,0.8572027852636362,0.8434061734318368
RealTalk,RT10,RAND_42,sym,59,27.11864406779661,15.819209039548024,20.33898305084746,27.11864406779661,,,,
RealTalk,RT10,RAND_42,qscale,59,28.8135593220339,14.689265536723164,18.64406779661017,28.8135593220339,,,,
