seed,arm,subset,pair_count,discrimination_sum,same_sign_adv_sum,tie_count,pairwise_gold_vs_nongold_discrimination,gold_minus_nongold_same_sign_advantage,tie_fraction
57001,RANDOM32_COMPLEMENT64_HAAR,Full96,1433817,1131992.0,125178.85416666667,42978.0,0.7894954516510824,0.08730462406755302,0.029974536499427752
57001,RANDOM32_COMPLEMENT64_HAAR,Random32,1433817,997202.5,122476.03125,97273.0,0.6954879876581181,0.08541956975680996,0.0678419909932718
57001,RANDOM32_COMPLEMENT64_HAAR,Random64,1433817,1085973.0,126530.265625,57756.0,0.7574000029292441,0.08824715122292455,0.04028129112711036
57001,SPECTRAL_HEAD32_TAIL64_HAAR_NEW,Full96,1433817,1151474.0,125139.28125,45398.0,0.8030829596803497,0.08727702436921866,0.031662339057215806
57001,SPECTRAL_HEAD32_TAIL64_HAAR_NEW,Head32,1433817,1070823.5,136624.625,103113.0,0.7468341496857688,0.09528735187265878,0.07191503518231405
57001,SPECTRAL_HEAD32_TAIL64_HAAR_NEW,Tail64,1433817,1076448.5,119396.609375,63769.0,0.7507572444740158,0.08327186061749861,0.04447499227586226
57002,RANDOM32_COMPLEMENT64_HAAR,Full96,1433817,1138121.0,128845.3125,42456.0,0.7937700557323564,0.08986175537045522,0.029610473303078425
57002,RANDOM32_COMPLEMENT64_HAAR,Random32,1433817,1003917.0,124311.46875,96554.0,0.7001709423169066,0.08669967558621498,0.06734053229944965
57002,RANDOM32_COMPLEMENT64_HAAR,Random64,1433817,1097045.5,131112.234375,57199.0,0.7651223970701979,0.09144279526257534,0.03989281756318972
57002,SPECTRAL_HEAD32_TAIL64_HAAR_NEW,Full96,1433817,1146025.0,125019.85416666667,43832.0,0.7992826141690327,0.08719373125487191,0.030570149468167836
57002,SPECTRAL_HEAD32_TAIL64_HAAR_NEW,Head32,1433817,1056876.5,131619.9375,104567.0,0.7371069669281366,0.09179688725967121,0.07292911159513382
57002,SPECTRAL_HEAD32_TAIL64_HAAR_NEW,Tail64,1433817,1083717.5,121719.8125,62349.0,0.7558269290990413,0.08489215325247225,0.043484628791540345
57003,RANDOM32_COMPLEMENT64_HAAR,Full96,1433817,1137334.5,128574.59375,42327.0,0.7932215199010753,0.08967294553628531,0.029520503662601293
57003,RANDOM32_COMPLEMENT64_HAAR,Random32,1433817,1020614.0,131977.375,94042.0,0.7118160825265707,0.09204617813849326,0.0655885653469027
57003,RANDOM32_COMPLEMENT64_HAAR,Random64,1433817,1085825.0,126873.203125,57982.0,0.7572967819463711,0.08848632923518134,0.04043891235771371
57003,SPECTRAL_HEAD32_TAIL64_HAAR_NEW,Full96,1433817,1145187.0,123719.07291666667,45996.0,0.7986981602254681,0.08628651558508978,0.03207940762314856
57003,SPECTRAL_HEAD32_TAIL64_HAAR_NEW,Head32,1433817,1059413.5,132421.9375,103305.0,0.7388763698575201,0.09235623339659106,0.07204894348441956
57003,SPECTRAL_HEAD32_TAIL64_HAAR_NEW,Tail64,1433817,1077106.0,119367.640625,63772.0,0.7512158106648198,0.08325165667933913,0.04447708459308266
57004,RANDOM32_COMPLEMENT64_HAAR,Full96,1433817,1148573.5,131595.91666666666,41005.0,0.8010600376477612,0.09178013419192732,0.028598489207479056
57004,RANDOM32_COMPLEMENT64_HAAR,Random32,1433817,1019272.5,131285.9375,93987.0,0.7108804680095159,0.09156394260913352,0.06555020619786207
57004,RANDOM32_COMPLEMENT64_HAAR,Random64,1433817,1102692.5,131750.90625,54929.0,0.7690608355180613,0.09188822998332423,0.038309630866421585
57004,SPECTRAL_HEAD32_TAIL64_HAAR_NEW,Full96,1433817,1143911.0,125003.09375,44732.0,0.7978082279677253,0.08718204188540099,0.03119784463428736
57004,SPECTRAL_HEAD32_TAIL64_HAAR_NEW,Head32,1433817,1056831.5,132107.71875,103371.0,0.7370755821698306,0.09213708496272537,0.07209497446326832
57004,SPECTRAL_HEAD32_TAIL64_HAAR_NEW,Tail64,1433817,1083275.5,121450.78125,61263.0,0.7555186610285692,0.08470452034673881,0.04272720995775611
57005,RANDOM32_COMPLEMENT64_HAAR,Full96,1433817,1134906.5,127035.02083333333,43123.0,0.7915281378306994,0.08859918722775174,0.030075665165080343
57005,RANDOM32_COMPLEMENT64_HAAR,Random32,1433817,1013497.5,128773.0625,93145.0,0.7068527573602489,0.0898113653973973,0.06496296249800358
57005,RANDOM32_COMPLEMENT64_HAAR,Random64,1433817,1081936.0,126166.0,58982.0,0.7545844413896613,0.08799309814292898,0.04113635143117985
57005,SPECTRAL_HEAD32_TAIL64_HAAR_NEW,Full96,1433817,1137102.5,122435.02083333333,45787.0,0.7930597140360311,0.08539096748980751,0.03193364285679414
57005,SPECTRAL_HEAD32_TAIL64_HAAR_NEW,Head32,1433817,1054273.5,132910.1875,104097.0,0.7352915330199042,0.0926967580242109,0.07260131523060474
57005,SPECTRAL_HEAD32_TAIL64_HAAR_NEW,Tail64,1433817,1069502.5,117197.4375,63105.0,0.7459128326697201,0.08173807222260582,0.04401189273108074
57006,RANDOM32_COMPLEMENT64_HAAR,Full96,1433817,1127376.0,125899.40625,42320.0,0.7862760728879626,0.08780716524493712,0.02951562158908703
57006,RANDOM32_COMPLEMENT64_HAAR,Random32,1433817,1010474.0,127440.8125,92532.0,0.704744050321624,0.08888220219177204,0.06453543234596884
57006,RANDOM32_COMPLEMENT64_HAAR,Random64,1433817,1072954.0,125128.703125,58706.0,0.7483200436317884,0.08726964677151966,0.0409438582469032
57006,SPECTRAL_HEAD32_TAIL64_HAAR_NEW,Full96,1433817,1143193.5,122357.82291666667,45551.0,0.7973078154325134,0.085337126646334,0.03176904723545613
57006,SPECTRAL_HEAD32_TAIL64_HAAR_NEW,Head32,1433817,1054344.5,132529.40625,102845.0,0.7353410511941203,0.09243118630201762,0.07172812151062513
57006,SPECTRAL_HEAD32_TAIL64_HAAR_NEW,Tail64,1433817,1074071.5,117272.03125,63617.0,0.7490994317963868,0.08179009681849218,0.044368981536695405
57007,RANDOM32_COMPLEMENT64_HAAR,Full96,1433817,1129434.0,127678.33333333333,41976.0,0.787711402501156,0.08904785850170094,0.02927570254781468
57007,RANDOM32_COMPLEMENT64_HAAR,Random32,1433817,1028389.0,132039.6875,95372.0,0.71723867132277,0.09208963731075863,0.06651615931461267
57007,RANDOM32_COMPLEMENT64_HAAR,Random64,1433817,1075034.0,125497.65625,57542.0,0.749770716904598,0.0875269690971721,0.04013203916538861
57007,SPECTRAL_HEAD32_TAIL64_HAAR_NEW,Full96,1433817,1146823.5,123938.80208333333,45997.0,0.7998395192691954,0.08643976329150325,0.032080105062222024
57007,SPECTRAL_HEAD32_TAIL64_HAAR_NEW,Head32,1433817,1058569.5,133190.8125,103497.0,0.7382877312795147,0.09289247686420234,0.07218285178652506
57007,SPECTRAL_HEAD32_TAIL64_HAAR_NEW,Tail64,1433817,1076231.0,119312.796875,62664.0,0.750605551475537,0.08321340650515373,0.043704322099682176
57008,RANDOM32_COMPLEMENT64_HAAR,Full96,1433817,1125203.5,124616.64583333333,43097.0,0.7847608865008575,0.08691251800845808,0.03005753174917022
57008,RANDOM32_COMPLEMENT64_HAAR,Random32,1433817,1032348.0,135197.875,93024.0,0.7199998326146224,0.09429228067459097,0.06487857237011417
57008,RANDOM32_COMPLEMENT64_HAAR,Random64,1433817,1061990.5,119326.03125,59697.0,0.7406736703498424,0.08322263667539163,0.04163502036870814
57008,SPECTRAL_HEAD32_TAIL64_HAAR_NEW,Full96,1433817,1144653.0,123951.3125,45310.0,0.7983257277602371,0.08644848854491194,0.031600964418750786
57008,SPECTRAL_HEAD32_TAIL64_HAAR_NEW,Head32,1433817,1056102.5,131691.0,104985.0,0.7365671490852738,0.09184644902382941,0.07322064112784267
57008,SPECTRAL_HEAD32_TAIL64_HAAR_NEW,Tail64,1433817,1075477.5,120081.46875,63147.0,0.7500800311336803,0.0837495083054532,0.04404118517216632
57009,RANDOM32_COMPLEMENT64_HAAR,Full96,1433817,1137960.5,127519.48958333333,41659.0,0.793658116761065,0.08893707466387504,0.029054614361525913
57009,RANDOM32_COMPLEMENT64_HAAR,Random32,1433817,980114.5,114957.4375,97159.0,0.6835701487707287,0.08017580869804167,0.06776248293889667
57009,RANDOM32_COMPLEMENT64_HAAR,Random64,1433817,1102221.0,133800.515625,56222.0,0.7687319929949219,0.09331770764679174,0.03921141958841331
57009,SPECTRAL_HEAD32_TAIL64_HAAR_NEW,Full96,1433817,1131466.0,120209.58333333333,46362.0,0.7891285986984392,0.0838388604217507,0.03233467032403717
57009,SPECTRAL_HEAD32_TAIL64_HAAR_NEW,Head32,1433817,1040251.0,126033.28125,105388.0,0.7255116936122252,0.0879005349008974,0.07350170907444953
57009,SPECTRAL_HEAD32_TAIL64_HAAR_NEW,Tail64,1433817,1069793.0,117297.734375,63426.0,0.746115438720562,0.08180802318217736,0.044235770673663376
57010,RANDOM32_COMPLEMENT64_HAAR,Full96,1433817,1126562.0,125913.80208333333,43212.0,0.7857083574821613,0.08781720546159888,0.03013773724261883
57010,RANDOM32_COMPLEMENT64_HAAR,Random32,1433817,994390.0,124779.71875,92820.0,0.6935264402639947,0.0870262514323655,0.06473629479912708
57010,RANDOM32_COMPLEMENT64_HAAR,Random64,1433817,1076874.0,126480.84375,58256.0,0.7510540047997757,0.08821268247621558,0.04063001066384343
57010,SPECTRAL_HEAD32_TAIL64_HAAR_NEW,Full96,1433817,1144614.5,123177.51041666667,46093.0,0.7982988763559088,0.08590880873686577,0.03214705921327478
57010,SPECTRAL_HEAD32_TAIL64_HAAR_NEW,Head32,1433817,1045392.0,128968.65625,104548.0,0.7290972278889147,0.08994778012117306,0.07291586025273797
57010,SPECTRAL_HEAD32_TAIL64_HAAR_NEW,Tail64,1433817,1081976.0,120281.9375,63056.0,0.7546123389525999,0.08388932304471212,0.0439777182164809
