question_id,N,sign_entropy_gt,sign_entropy_ge,zero_mass,active_coordinates,cv_sigma,zero_variance_coordinates,top32_share,first32_share,first32_top32_intersection,corr_off_mass,corr_median_abs,corr_p95_abs,residual_mean_max_abs
001be529,514,0.9981882801298623,0.9981882801298623,0.0,96,0.5022039166050022,0,0.7606797345471864,0.7606797345471864,32,0.16317077829226861,0.005541864250629574,0.021405509935573035,1.5530162542908317e-16
00ca467f,486,0.9970712579838036,0.9970712579838036,0.0,96,0.492975336065926,0,0.7582781804402391,0.758278180440239,32,0.14278800597077512,0.0034829175061428827,0.011518499770217096,3.211308676680687e-16
0100672e,486,0.9973658792638954,0.9973658792638954,0.0,96,0.49599941003243314,0,0.7605388556445988,0.7605388556445988,32,0.14772826910607745,0.00393632438899167,0.013971837585990177,1.648772567948985e-16
01493427,487,0.9975937473446584,0.9975937473446584,0.0,96,0.4947582808848319,0,0.7623766909508338,0.7623766909508338,32,0.14261821275766787,0.0034881748513729315,0.011126411212811261,1.4305235070888823e-16
031748ae,494,0.997543468542387,0.997543468542387,0.0,96,0.4950398045362445,0,0.7593180357220133,0.7593180357220133,32,0.152496344312263,0.004790050146602068,0.016501391468979852,2.1496524758177373e-16
06878be2,443,0.9970313375757538,0.9970313375757538,0.0,96,0.49219832824232795,0,0.7583751565808811,0.7583751565808812,32,0.15144963784481022,0.004271381351276757,0.01618131722001022,5.017932395159638e-16
06db6396,479,0.9972162725818648,0.9972162725818648,0.0,96,0.4877776515138446,0,0.7556979776316624,0.7556979776316625,32,0.15121893094454109,0.004586324111135164,0.016501892557094087,3.9402487304024344e-17
06f04340,503,0.9971851771202352,0.9971851771202352,0.0,96,0.49850843881960044,0,0.7610563731766916,0.7610563731766916,32,0.15461839836480323,0.004848668932887051,0.017957130792529988,3.777075846699402e-17
07741c44,513,0.9974350095529578,0.9974350095529578,0.0,96,0.4940351891581192,0,0.7600904833654007,0.7600904833654007,32,0.1491053731880619,0.004300923894008109,0.015232115901725827,5.799995528256178e-17
07741c45,527,0.9963557502804196,0.9963557502804196,0.0,96,0.5036330286464418,0,0.7629035950235125,0.7629035950235125,32,0.16241516929494476,0.005809491459292234,0.020640599714760392,1.171843562519437e-16
078150f1,551,0.9962033790878486,0.9962033790878486,0.0,96,0.5302992036081664,0,0.7702049393924825,0.7702049393924825,32,0.1836027950192535,0.006478731378590945,0.028766378907234897,5.884836880754715e-17
07b6f563,524,0.9971820503904251,0.9971820503904251,0.0,96,0.5037177056613584,0,0.7637238868098873,0.7637238868098873,32,0.15991218023611095,0.005148071129112497,0.02028052080443575,7.807579858289507e-17
0862e8bf,490,0.9971783206157845,0.9971783206157845,0.0,96,0.5018117684946058,0,0.7598179122550042,0.7598179122550042,32,0.15493595139545333,0.005140513711638229,0.01793604237979874,8.808146955572033e-17
08e075c7,484,0.9954784713092838,0.9954784713092838,0.0,96,0.5035873962469367,0,0.7665444074085397,0.7665444074085397,32,0.14575119612115164,0.003780085700753705,0.01302194584097368,1.829344756484633e-16
08f4fc43,480,0.9962982352029188,0.9962982352029188,0.0,96,0.48285623446045534,0,0.749832152869287,0.7498321528692871,32,0.15561881549292192,0.005353544399138495,0.01827130816468586,1.0350516739994949e-16
0977f2af,484,0.9948324194007515,0.9948324194007515,0.0,96,0.4980500976313132,0,0.7562059959125507,0.7562059959125508,32,0.15874882085168382,0.005394755849494203,0.01986553180052313,4.719594779269131e-17
099778bb,466,0.9960976310811462,0.9960976310811462,0.0,96,0.49553864179377255,0,0.7580336280864713,0.7580336280864713,32,0.1520008660751152,0.004620424025927472,0.01679371784411552,2.221041662460949e-16
09ba9854,479,0.9978917839813701,0.9978917839813701,0.0,96,0.4970674190335393,0,0.7630894845645373,0.7630894845645372,32,0.14862922589592006,0.004127319966289297,0.014039190854405952,1.5749405954755613e-16
09d032c9,481,0.997938841156325,0.997938841156325,0.0,96,0.5009725950171604,0,0.763733355310692,0.763733355310692,32,0.14750990758675922,0.004397499291658275,0.015038643850904695,3.3018171241710734e-16
0a34ad58,485,0.9978788411085281,0.9978788411085281,0.0,96,0.5003125284718577,0,0.7657059655603251,0.7657059655603251,32,0.15239920796052356,0.004548393590474974,0.01611907727093636,1.5457280358312101e-16
0a995998,484,0.9966890138198679,0.9966890138198679,0.0,96,0.49140096640379977,0,0.7582605148175502,0.7582605148175502,32,0.1461200982689445,0.004021228228642563,0.013882981176045268,4.20921332683298e-17
0bb5a684,463,0.99680258853852,0.99680258853852,0.0,96,0.4876700212669452,0,0.7525771615375355,0.7525771615375355,32,0.1515751348294997,0.004561226487486384,0.01663492790148658,7.205659155504526e-17
0bc8ad92,443,0.9966601794236611,0.9966601794236611,0.0,96,0.4822286810734345,0,0.7485849742454116,0.7485849742454116,32,0.15084571670210134,0.0049206331412803925,0.01709908526204648,3.458482559780397e-16
0bc8ad93,486,0.9973267106634096,0.9973267106634096,0.0,96,0.49819887867213536,0,0.7613533899093259,0.7613533899093259,32,0.14978365248318878,0.0041758642562362705,0.01482840658203321,3.679041525018137e-16
0db4c65d,462,0.997196327923807,0.997196327923807,0.0,96,0.4957176873579001,0,0.7590605338737627,0.7590605338737627,32,0.15031455368812363,0.004492890428445772,0.016356010680268148,1.2856478748364907e-16
0ddfec37,483,0.9974603554677732,0.9974603554677732,0.0,96,0.4937600259191747,0,0.7601370201861669,0.7601370201861669,32,0.15106757509548313,0.004517014696355371,0.015849545338511635,1.8331322197485764e-16
0e4e4c46,481,0.9971228487527098,0.9971228487527098,0.0,96,0.4940172319468462,0,0.7610081747163311,0.7610081747163311,32,0.14629311772240908,0.003966043812160121,0.013414016709286295,4.131599197669502e-17
0e5e2d1a,450,0.9975109033443266,0.9975109033443266,0.0,96,0.4881582601280384,0,0.7533564858221108,0.7533564858221108,32,0.1539887839223317,0.004798178612841111,0.019098995519594545,2.980332030549309e-16
0ea62687,460,0.99693983754053,0.99693983754053,0.0,96,0.4949247894976907,0,0.76041781064906,0.7604178106490599,32,0.14725660632770096,0.0039109686714664475,0.014202640966442236,4.8315819943945334e-17
0edc2aef,475,0.996097641330743,0.996097641330743,0.0,96,0.4992523217365712,0,0.7632636889827678,0.7632636889827675,32,0.15408075187691309,0.005090117883350329,0.017659408079474304,2.3858108471286915e-16
0f05491a,489,0.9971068157678995,0.9971068157678995,0.0,96,0.4957667389720809,0,0.7626830166024139,0.7626830166024139,32,0.15104705323642964,0.004577870120696152,0.016338021221893595,2.0898983520806884e-16
10d9b85a,466,0.9972866824707408,0.9972866824707408,0.0,96,0.48850749041371555,0,0.7573502059345923,0.7573502059345922,32,0.1491899699908631,0.004584843556326754,0.014926036307212405,1.4002866582047978e-16
10e09553,472,0.9969566125334121,0.9969566125334121,0.0,96,0.48959222436225774,0,0.7571263432456938,0.7571263432456938,32,0.15073772171584573,0.0044993062678387935,0.016332993127175673,8.885312448138832e-17
118b2229,485,0.998218897275323,0.998218897275323,0.0,96,0.49768395467752313,0,0.7602827727707401,0.7602827727707401,32,0.15385709681050133,0.0046188402922360955,0.016927020521453194,2.80302699722372e-16
1192316e,467,0.9973057066385859,0.9973057066385859,0.0,96,0.4936362323277795,0,0.7606854522887376,0.7606854522887376,32,0.14504981938851635,0.003758795994430398,0.012766650115746684,1.0935815660119315e-16
129d1232,451,0.9969158977964993,0.9969158977964993,0.0,96,0.48564235293451363,0,0.7515996908738991,0.7515996908738991,32,0.14353867658608696,0.003599990614981891,0.013282207163178392,2.6389336638540306e-16
1568498a,478,0.9954537510719851,0.9954537510719851,0.0,96,0.49595251790103506,0,0.7585546439920828,0.7585546439920828,32,0.15781589049501618,0.005171189674256834,0.01834473656237947,2.946852431994074e-16
15745da0,474,0.9977989517793726,0.9977989517793726,0.0,96,0.5005860167085813,0,0.7622637066226383,0.7622637066226382,32,0.1537003172096954,0.004790273396866711,0.017781160773867963,5.060415284182807e-16
157a136e,503,0.9970383822344727,0.9970383822344727,0.0,96,0.48518146927579986,0,0.7528274740317834,0.7528274740317835,32,0.15335283741106487,0.005092992395941468,0.017758770061750695,4.552355841529593e-16
16c90bf4,509,0.9971981230752828,0.9971981230752828,0.0,96,0.5026130872220486,0,0.7660012257277552,0.7660012257277553,32,0.1547982523014311,0.004907257336278488,0.017956932561673286,3.49971089000209e-16
184da446,473,0.9951696156031883,0.9951696156031883,0.0,96,0.49824104562679544,0,0.76123833805311,0.7612383380531098,32,0.1540270690798848,0.00512446796421287,0.018134454446857864,1.782107466060571e-16
18bc8abd,436,0.9967336116103919,0.9967336116103919,0.0,96,0.49498532720442057,0,0.7605685664176721,0.7605685664176723,32,0.15312707172460785,0.004426172997620319,0.015921830793396492,2.0931268950501804e-16
18dcd5a5,503,0.9985525937037742,0.9985525937037742,0.0,96,0.5017212058573378,0,0.7634088886192771,0.7634088886192772,32,0.15241531763966584,0.004917737267401503,0.0166471249815652,1.123466241618697e-16
1903aded,486,0.9974939355968792,0.9974939355968792,0.0,96,0.4926220883606174,0,0.7571247756621295,0.7571247756621294,32,0.14859496457339103,0.004257216111744339,0.014135452675799416,7.624216758614116e-17
195a1a1b,515,0.9965861865986824,0.9965861865986824,0.0,96,0.5020926288403785,0,0.7643006510499989,0.7643006510499989,32,0.14793528015162372,0.003820690316728206,0.01373540249796333,1.6410820922250492e-16
19b5f2b3,482,0.9977458768389055,0.9977458768389055,0.0,96,0.49922580331634153,0,0.7636153248928323,0.7636153248928322,32,0.14474828469574505,0.0036674460469230297,0.012590868447576498,1.8628482804265464e-16
1a1907b4,532,0.9974460702658888,0.9974460702658888,0.0,96,0.502234254579435,0,0.7628600963868633,0.7628600963868634,32,0.15204386525281233,0.004727624379520883,0.016952689810425713,2.008627182709987e-16
1a8a66a6,501,0.9975556121465102,0.9975556121465102,0.0,96,0.488975362940542,0,0.7545518831392438,0.7545518831392439,32,0.15531886890184626,0.005192362058563847,0.018327045479718015,3.263080646228629e-17
1b9b7252,466,0.9978621136344143,0.9978621136344143,0.0,96,0.48974596942668724,0,0.7563784057158615,0.7563784057158615,32,0.1486380253727457,0.004028411022567424,0.014370942597159894,1.0488748639296678e-16
1c0ddc50,548,0.9970076002904911,0.9970076002904911,0.0,96,0.5061767117663071,0,0.7647685339088549,0.7647685339088549,32,0.1522078663150228,0.00478452102237484,0.016471565056473805,1.4181680971489227e-16
1c549ce4,462,0.9963887964263938,0.9963887964263938,0.0,96,0.49096020279717567,0,0.7543089551321458,0.7543089551321458,32,0.15330967496853304,0.004628283838806624,0.017625372579098263,2.1093035927808034e-16
1cea1afa,485,0.9978614963067334,0.9978614963067334,0.0,96,0.4920267300735274,0,0.7541322526797741,0.7541322526797741,32,0.15311254884629774,0.0052042930559263005,0.01775052420489203,5.425213543013652e-16
1d4da289,506,0.9970948153047083,0.9970948153047083,0.0,96,0.4978878266104714,0,0.7591211803146097,0.7591211803146096,32,0.14944594672001602,0.003862766498836283,0.01444081555846835,1.2610685442753137e-16
1d4e3b97,474,0.9977576014311117,0.9977576014311117,0.0,96,0.4893046951777254,0,0.7565508205650511,0.756550820565051,32,0.15429752231831106,0.004694170085400113,0.01799483604579315,2.935415623652906e-16
1da05512,462,0.9977777742075556,0.9977777742075556,0.0,96,0.4960787740141315,0,0.760726714306824,0.760726714306824,32,0.14793469433035497,0.004138722958778299,0.014063204265980137,1.7951008644913245e-16
1de5cff2,473,0.9958102822626355,0.9958102822626355,0.0,96,0.499828370074585,0,0.7605696654895159,0.7605696654895162,32,0.14980921353637042,0.004211440101122992,0.01483244015683184,7.003441754176133e-17
1e043500,510,0.9967505017005897,0.9967505017005897,0.0,96,0.49842767077562733,0,0.7586481625624347,0.7586481625624347,32,0.15982005121042392,0.005346225808968595,0.01941382687234756,3.0797804393890984e-16
1f2b8d4f,522,0.9971581939574881,0.9971581939574881,0.0,96,0.5002999894330183,0,0.7615662322824654,0.7615662322824654,32,0.15675517856321924,0.0048582547797203935,0.019323770378817016,1.5914260118309834e-16
1faac195,494,0.9957001810348195,0.9957001810348195,0.0,96,0.5119612968290824,0,0.7693169427524513,0.7693169427524511,32,0.15007954882776525,0.004108562890037564,0.015447185863318664,6.52874066100421e-17
2133c1b5,523,0.9972842741871758,0.9972842741871758,0.0,96,0.5013031187782973,0,0.7640214319571494,0.7640214319571494,32,0.15599789422964924,0.004793785561810105,0.017109566311238895,9.329694442117711e-17
21436231,512,0.9978710125985056,0.9978710125985056,0.0,96,0.4998622662917076,0,0.7627940598847976,0.7627940598847976,32,0.15122789553936442,0.004351402332529191,0.01585519514182093,1.4577098209067607e-16
21d02d0d,497,0.9975391349002823,0.9975391349002823,0.0,96,0.4924970038702277,0,0.7555458590643862,0.7555458590643861,32,0.15148109782623045,0.004737116304690217,0.017246985060614815,1.637969884922326e-16
22d2cb42,473,0.9974365008754701,0.9974365008754701,0.0,96,0.493394145373955,0,0.7618166882663702,0.7618166882663702,32,0.148437051346104,0.004346527407810351,0.014183623434315635,1.275113442130267e-16
2311e44b,493,0.9966502758217975,0.9966502758217975,0.0,96,0.49641938841789673,0,0.7606290637609826,0.7606290637609826,32,0.14681384006253898,0.00412126401260981,0.013954241563865705,9.120493407164065e-17
2318644b,523,0.9960633800306468,0.9960633800306468,0.0,96,0.5304584101395649,0,0.7741684768420157,0.7741684768420155,32,0.15171349426657216,0.00485195464193517,0.017022032864671473,3.876227998022057e-16
25e5aa4f,506,0.9954251676677747,0.9954251676677747,0.0,96,0.5076833654122904,0,0.7668392732692729,0.7668392732692729,32,0.15297270025826,0.004300122601517395,0.01672259298589243,1.9549579346660366e-16
2698e78f,478,0.9972434208080272,0.9972434208080272,0.0,96,0.48861465022671585,0,0.757267384050503,0.757267384050503,32,0.14825393678817303,0.004295710078997815,0.014952153917303692,1.5642995964122238e-16
26bdc477,498,0.997124201120533,0.997124201120533,0.0,96,0.49957053751883157,0,0.761067992716703,0.7610679927167032,32,0.1543088605833866,0.004787848420505171,0.018355297973034992,1.3220125574351763e-16
27016adc,491,0.9975731214611224,0.9975731214611224,0.0,96,0.5046761765139738,0,0.7655765145282675,0.7655765145282675,32,0.1475712492367571,0.003940520516306053,0.013684875845305618,1.9168871061628849e-16
2788b940,475,0.9973670344754632,0.9973670344754632,0.0,96,0.49388442710462166,0,0.755633719443868,0.755633719443868,32,0.15723403873735597,0.005416012867669111,0.019267409424711304,9.86345508193297e-17
28bcfaac,500,0.9968273401384509,0.9968273401384509,0.0,96,0.4950163250688404,0,0.7579700457806263,0.7579700457806263,32,0.1507732355881822,0.004569013176309544,0.015448008307499653,4.8329396040713845e-17
28dc39ac,431,0.9973596227159951,0.9973596227159951,0.0,96,0.49514652051132796,0,0.7588762322293588,0.758876232229359,32,0.14246047204643586,0.0033464202731548105,0.011225429148652991,2.528912887298718e-16
29f2956b,496,0.9974083875768223,0.9974083875768223,0.0,96,0.5029472519617584,0,0.7632068823284909,0.7632068823284909,32,0.1474053845631974,0.0042744162682473354,0.015181590515508128,1.571323716304153e-16
2a1811e2,479,0.9964856086621987,0.9964856086621987,0.0,96,0.4940471036176822,0,0.7566582222109703,0.7566582222109703,32,0.15155077659546898,0.0043575575796190235,0.01628233900058407,8.477329253792297e-17
2b8f3739,491,0.9976574562308945,0.9976574562308945,0.0,96,0.4890969758210188,0,0.7556931307180501,0.7556931307180501,32,0.15144417966023865,0.004638452638139317,0.016715831120811493,3.7975958652911413e-16
2bf43736,478,0.9977227276252482,0.9977227276252482,0.0,96,0.49862638531735365,0,0.7592144256071985,0.7592144256071985,32,0.1503597072716338,0.004459624934667136,0.016250405608344252,1.762885513996849e-16
2c63a862,529,0.9978217321198063,0.9978217321198063,0.0,96,0.4885213870500395,0,0.7509455247587085,0.7509455247587085,32,0.1588227139718342,0.0058386631415651355,0.02042539015786771,3.476530132876317e-16
2ce6a0f2,480,0.9970145131307512,0.9970145131307512,0.0,96,0.4880978765522371,0,0.7550601351920361,0.7550601351920361,32,0.1492083947889872,0.003959485704303558,0.01567580673482279,1.7202674470103338e-16
2e6d26dc,494,0.9974306342193611,0.9974306342193611,0.0,96,0.48874913677694504,0,0.7551367375333886,0.7551367375333887,32,0.16296495038140454,0.00605922876991905,0.02152772274685518,2.8367996211196436e-16
2ebe6c90,485,0.9971048348981867,0.9971048348981867,0.0,96,0.5052360743882645,0,0.7635143594387591,0.7635143594387591,32,0.15259085840986175,0.004342797489520385,0.015706179012203426,2.4218885774297227e-16
2ebe6c92,487,0.9976119802865715,0.9976119802865715,0.0,96,0.49162067389985314,0,0.7537417409685727,0.7537417409685727,32,0.15482057800308255,0.0050976719272140016,0.01835331106184733,1.5667367015885807e-16
311778f1,500,0.9965244769414286,0.9965244769414286,0.0,96,0.4949823949889683,0,0.7542233370877336,0.7542233370877336,32,0.15338269651678976,0.0041548981064139495,0.015986959590891768,4.6018744370712736e-17
32260d93,524,0.9934184239488669,0.9934184239488669,0.0,96,0.5135921420286227,0,0.7679053668023947,0.7679053668023946,32,0.16084543242840568,0.005446874285471544,0.02027467362969107,3.294120701404508e-16
3249768e,475,0.9977774494446114,0.9977774494446114,0.0,96,0.49731414706895744,0,0.7615662454700214,0.7615662454700213,32,0.1525323146098572,0.004205792284805634,0.016217126128116193,9.185634709003926e-17
352ab8bd,539,0.9975323878571754,0.9975323878571754,0.0,96,0.5089999323278449,0,0.7662145098372635,0.7662145098372635,32,0.1595553537157748,0.005475035178783042,0.019434117289801704,2.329614547033492e-16
35a27287,519,0.9979059083065552,0.9979059083065552,0.0,96,0.505318390832799,0,0.7619858365645703,0.7619858365645703,32,0.15988219362146508,0.0052958112579368725,0.02050666680986387,1.312373459744766e-16
36580ce8,545,0.9967049141026715,0.9967049141026715,0.0,96,0.5145965763316525,0,0.765830627056663,0.7658306270566629,32,0.15446030281729306,0.004990571806109538,0.017722007415134057,8.810485470649178e-17
36b9f61e,490,0.9971109699529986,0.9971109699529986,0.0,96,0.49522229443253574,0,0.7596003028756835,0.7596003028756835,32,0.1624237350131812,0.0054802455439769224,0.020128011532160966,1.367953369627425e-16
370a8ff4,498,0.9957274245270739,0.9957274245270739,0.0,96,0.504363272811344,0,0.7637726817530236,0.7637726817530236,32,0.15580971277798825,0.004868472636871375,0.01869089826847652,1.009901666978305e-16
37d43f65,533,0.995764160835377,0.995764160835377,0.0,96,0.511492437755439,0,0.7691160903428775,0.7691160903428773,32,0.1475835868340976,0.004229133815596429,0.014224235898791529,5.873975477378877e-17
37f165cf,567,0.995284920486497,0.995284920486497,0.0,96,0.5368536229995616,0,0.7784174894483936,0.7784174894483936,32,0.15170656119675044,0.0045504508582509305,0.015870005276335697,2.7349277066052687e-16
38146c39,538,0.9954214490067583,0.9954214490067583,0.0,96,0.5194075208448586,0,0.7709489727245765,0.7709489727245765,32,0.14834010516598625,0.0042728718764954605,0.015217277879623788,2.7977413859396953e-16
3a704032,479,0.9967412766039713,0.9967412766039713,0.0,96,0.49888350729808234,0,0.761170197222364,0.761170197222364,32,0.14973470081826254,0.003917974272429433,0.015218446698920514,1.7169054394385903e-16
3b6f954b,470,0.9978564706338644,0.9978564706338644,0.0,96,0.4926044406039591,0,0.7541204556727268,0.7541204556727269,32,0.15427391456689094,0.005097440292726865,0.018188354447255882,1.5153363197809318e-16
3ba21379,431,0.9977037946286981,0.9977037946286981,0.0,96,0.4905388399603739,0,0.7561885688578243,0.7561885688578243,32,0.1511116440763533,0.004342199971231673,0.01604559684364384,8.732380634522692e-17
3c1045c8,542,0.9972249465350732,0.9972249465350732,0.0,96,0.5086566694230109,0,0.7667740024163978,0.7667740024163978,32,0.15375747189254904,0.005105524725651643,0.018289622685258286,1.6371692849292553e-16
3d86fd0a,526,0.9975460072271914,0.9975460072271914,0.0,96,0.5060726986902572,0,0.7649583026555005,0.7649583026555005,32,0.14860759190579817,0.004441335538050116,0.015192951348047193,1.5882943460654568e-16
3e321797,490,0.9977410122884088,0.9977410122884088,0.0,96,0.49486606548090517,0,0.7579120430878852,0.7579120430878852,32,0.14997375704917273,0.004223324895181497,0.01549307188460715,3.421865965183965e-16
3f1e9474,515,0.9981493486470626,0.9981493486470626,0.0,96,0.5040739898627847,0,0.7664997325023768,0.7664997325023767,32,0.15075045519460212,0.004367887556937021,0.01618365833492834,3.0116146900996963e-16
3fdac837,453,0.9971529857547615,0.9971529857547615,0.0,96,0.4915822464401716,0,0.7563400858982638,0.7563400858982638,32,0.14946869075875888,0.004597858443320927,0.01569119043003457,2.421413572471644e-16
3fe836c9,449,0.9979650525896547,0.9979650525896547,0.0,96,0.48687417062507693,0,0.7556700361114091,0.755670036111409,32,0.15316626173826825,0.004753073075489212,0.016664153173665715,9.940081423147281e-17
4100d0a0,523,0.9940967504497619,0.9940967504497619,0.0,96,0.5101144944990651,0,0.765742395278396,0.7657423952783962,32,0.1480099002981862,0.0039000499598260538,0.0140318061980707,9.610965093671885e-17
41275add,531,0.9979749015190621,0.9979749015190621,0.0,96,0.5000608716431869,0,0.7628287079525791,0.7628287079525791,32,0.15227720721676102,0.004569836733733245,0.01647966825203838,9.779789449499378e-17
41698283,476,0.9975531778114952,0.9975531778114952,0.0,96,0.4958414804499114,0,0.7621907682607532,0.7621907682607532,32,0.15090812322262254,0.004317316861935332,0.015487668276133178,1.89565916652121e-16
42ec0761,521,0.9978129565060231,0.9978129565060231,0.0,96,0.5039834215025555,0,0.7639088224307207,0.7639088224307206,32,0.1484342337072373,0.004436225827285346,0.014648152459368463,3.5240524510054754e-17
4388e9dd,477,0.9926766392724954,0.9926766392724954,0.0,96,0.5034672070818144,0,0.764927695991289,0.7649276959912888,32,0.16498456357940716,0.005412655727022918,0.02113940968275176,1.2673300564117354e-16
45dc21b6,485,0.9960768089002069,0.9960768089002069,0.0,96,0.5040828520714381,0,0.7621821955686376,0.7621821955686375,32,0.14754788311746617,0.004224350787073356,0.01492571063481175,9.454064106601848e-17
46a3abf7,503,0.9971093666692884,0.9971093666692884,0.0,96,0.498398283360363,0,0.760330255654029,0.760330255654029,32,0.15269824306996543,0.004586058632852413,0.01663638647039531,1.8794332116666416e-16
488d3006,509,0.9972091766618832,0.9972091766618832,0.0,96,0.4991081853139989,0,0.7621718158470544,0.7621718158470544,32,0.1550993934990655,0.004844224258226596,0.017927214174123,1.866548827746518e-16
4adc0475,490,0.9980241627577892,0.9980241627577892,0.0,96,0.5005502359139429,0,0.7629070433310744,0.7629070433310744,32,0.15250388207917154,0.004453491920015934,0.016988459172999577,2.359790367647144e-16
4b24c848,514,0.9969558343053517,0.9969558343053517,0.0,96,0.49962594111115244,0,0.7630468317731187,0.7630468317731187,32,0.1477815769538009,0.004073274627343257,0.014633390365361204,4.15793642490939e-17
4baee567,514,0.9962138117271585,0.9962138117271585,0.0,96,0.5037019607539982,0,0.7626936886854251,0.7626936886854251,32,0.15148891479898308,0.004767546468967177,0.016334919096410428,1.087543371398378e-16
4bc144e2,530,0.9975676189765679,0.9975676189765679,0.0,96,0.5073975055099162,0,0.7676254808223882,0.7676254808223882,32,0.14946081895112773,0.00421380971889191,0.015793233459508154,1.5040379843035139e-16
4c36ccef,521,0.995239309823865,0.995239309823865,0.0,96,0.5196325342879523,0,0.7686585958264439,0.7686585958264438,32,0.1627090564418721,0.00568869158404693,0.02067856381715526,1.9359647176045197e-16
4d6b87c8,516,0.9972288144497895,0.9972288144497895,0.0,96,0.49634717456181565,0,0.7600299718324633,0.7600299718324633,32,0.14344779880042555,0.00369713813888758,0.011922062506321966,3.478053331989468e-16
4dfccbf7,521,0.9964441061278859,0.9964441061278859,0.0,96,0.5056395380535158,0,0.7653963489242618,0.7653963489242618,32,0.1511893688652717,0.004623485733978097,0.016146847843013214,1.5896859431293028e-16
4dfccbf8,455,0.9914767149776896,0.9914767149776896,0.0,96,0.5050169389621487,0,0.7654063333287486,0.7654063333287486,32,0.1534540498888253,0.004799007457853658,0.01613900125243315,1.160244061998378e-16
4f54b7c9,491,0.9969466419507116,0.9969466419507116,0.0,96,0.5027493710057956,0,0.7655212717083237,0.7655212717083237,32,0.15214814080156464,0.004410815925889837,0.015589790548778388,1.7365606576621593e-16
4fd1909e,554,0.9976054035579724,0.9976054035579724,0.0,96,0.49646703086716565,0,0.7585730472684153,0.7585730472684155,32,0.15438987687940256,0.0051888822958218225,0.018625716425015395,2.2464982140880874e-16
5025383b,446,0.9951509681887387,0.9951509681887387,0.0,96,0.5002211583801429,0,0.7603860814631381,0.7603860814631381,32,0.14717413977385777,0.004236961603869109,0.015216864463276481,5.2586236312122045e-17
505af2f5,501,0.9967260595473472,0.9967260595473472,0.0,96,0.48986571651386074,0,0.7546618651111645,0.7546618651111645,32,0.15512431635202295,0.00511661752433471,0.018799071539596843,9.269863652465285e-17
50635ada,531,0.9975771672842714,0.9975771672842714,0.0,96,0.5035337260631391,0,0.765731663831718,0.765731663831718,32,0.15218501765785628,0.004493438874906234,0.016505452982644102,3.191629843861208e-16
51a45a95,529,0.9975707734390843,0.9975707734390843,0.0,96,0.5047283037030482,0,0.765905985241532,0.765905985241532,32,0.14850973948004625,0.004371420956786951,0.015311253893590213,3.567824464768934e-16
51b23612,481,0.9980964596141547,0.9980964596141547,0.0,96,0.49860748032985325,0,0.7595425720648533,0.7595425720648533,32,0.1518578942895399,0.004334602749276419,0.01673391656987803,4.4293513186188676e-16
51c32626,490,0.9975464684173502,0.9975464684173502,0.0,96,0.48833441668132577,0,0.7545726382321848,0.7545726382321848,32,0.15541677920931454,0.00520634087595593,0.017698265149238675,7.845198413805315e-17
54026fce,472,0.997915544519226,0.997915544519226,0.0,96,0.4932581344994629,0,0.7588318442799988,0.7588318442799986,32,0.14433446958373614,0.0034658778554481325,0.012747185209779147,8.162020964934944e-17
545bd2b5,461,0.9976450249048566,0.9976450249048566,0.0,96,0.4917378110259543,0,0.756910899014469,0.756910899014469,32,0.15110017814592921,0.004392000289784487,0.01608300845255186,5.055909896577957e-17
55241a1f,514,0.9977291387835173,0.9977291387835173,0.0,96,0.5035730421803708,0,0.7618876111800816,0.7618876111800817,32,0.15441109356605984,0.004566716916770703,0.017417133922203565,3.792902006306955e-16
561fabcd,495,0.9967360863377511,0.9967360863377511,0.0,96,0.5059951402888213,0,0.762290118721263,0.762290118721263,32,0.15595862147502523,0.005071999541622713,0.018010034844749254,2.4548264655600685e-16
577d4d32,487,0.9969732654635971,0.9969732654635971,0.0,96,0.5013254018868476,0,0.7628764945554062,0.7628764945554062,32,0.15008033047749217,0.004084814292795982,0.014469345163349192,7.095054637350397e-16
57f827a0,495,0.997522680148666,0.997522680148666,0.0,96,0.4954041706368,0,0.7592544406195506,0.7592544406195506,32,0.15067001971568503,0.00460013573823807,0.016599285767214846,3.749280627825832e-17
5809eb10,606,0.9929005059811417,0.9929005059811417,0.0,96,0.5281407804959688,0,0.7740157552568661,0.7740157552568661,32,0.16230568405567525,0.005743919657455109,0.020951706305596934,9.421323274149947e-17
5831f84d,422,0.9969710131691357,0.9969710131691357,0.0,96,0.4892668759628497,0,0.7567588555833749,0.756758855583375,32,0.14958613345388538,0.004238664476241104,0.01570483857029598,4.2093763966830577e-17
58470ed2,471,0.9973398301592158,0.9973398301592158,0.0,96,0.4913045067013512,0,0.756308008567765,0.756308008567765,32,0.15214848554469435,0.004820642212081148,0.017628019019305843,2.776736142268438e-16
58bf7951,616,0.9951204623974365,0.9951204623974365,0.0,96,0.5143126903695089,0,0.7627131230805064,0.7627131230805064,32,0.1697279129385105,0.006324791135053338,0.02501715170582847,6.190935210369176e-17
58ef2f1c,518,0.9975998018783973,0.9975998018783973,0.0,96,0.4904300037554863,0,0.7567672988955859,0.7567672988955859,32,0.15381887099758837,0.0048828828165251815,0.01754848537842633,1.4938715215516103e-16
59524333,528,0.993325404807825,0.993325404807825,0.0,96,0.525778277575272,0,0.7728449216120019,0.7728449216120019,32,0.15162318981390527,0.004597999116290812,0.016740302752158206,2.5679164182262735e-17
5a4f22c0,487,0.9972021607240636,0.9972021607240636,0.0,96,0.48738746741825795,0,0.7533634512594527,0.7533634512594526,32,0.15911473441226595,0.0059117614616916855,0.01984585485963106,2.341271142279334e-16
5a7937c8,419,0.9970940000579862,0.9970940000579862,0.0,96,0.47587631256235124,0,0.7441002171946898,0.7441002171946898,32,0.1459559338679138,0.0038859055304797797,0.0133408527707975,1.5765696889068453e-16
5c40ec5b,479,0.9971132456101511,0.9971132456101511,0.0,96,0.49447590332082836,0,0.7602090258012603,0.7602090258012602,32,0.15152292813831797,0.004280064652206814,0.015394853633320273,3.857387617395442e-16
5d3d2817,510,0.9972041421830394,0.9972041421830394,0.0,96,0.4959836990233513,0,0.7586645976669808,0.7586645976669808,32,0.15494325289518796,0.004900804881912822,0.018007608449514403,6.247725648380783e-17
5e1b23de,445,0.9975724257056497,0.9975724257056497,0.0,96,0.48662355786194994,0,0.7492662245112293,0.7492662245112293,32,0.1526847720234111,0.004584329676332784,0.016741430086152132,9.9358723495948e-17
60036106,483,0.9974473005852692,0.9974473005852692,0.0,96,0.49749274624675915,0,0.7551854780644705,0.7551854780644703,32,0.1594273103828064,0.005421634412230127,0.020491904712622303,9.332309482356388e-17
60159905,448,0.9967117724510685,0.9967117724510685,0.0,96,0.49739479925750885,0,0.7614472474732286,0.7614472474732286,32,0.14479978236628255,0.003950031926156823,0.01272803271722688,1.7533097989337014e-16
603deb26,472,0.9968910454074322,0.9968910454074322,0.0,96,0.49250358500587704,0,0.7599393975132053,0.759939397513205,32,0.15154747122587386,0.00424324050464901,0.015500632650137187,8.103216779308611e-17
60472f9c,454,0.9969674886869339,0.9969674886869339,0.0,96,0.49599315578820774,0,0.7586453325778643,0.7586453325778643,32,0.15261998535704321,0.004702199582035604,0.01737983479207274,8.546760949482208e-17
6071bd76,482,0.997822936944667,0.997822936944667,0.0,96,0.49370865722914536,0,0.7615431286737994,0.7615431286737995,32,0.14559678719793076,0.003869101462023933,0.013311492413519067,2.932762377809088e-16
60bf93ed,494,0.9971080001279929,0.9971080001279929,0.0,96,0.48571271882698935,0,0.7523830842784109,0.752383084278411,32,0.1502583623986359,0.0044906706748993,0.016521440826043326,2.4440638446960683e-16
60d45044,541,0.9950252173717042,0.9950252173717042,0.0,96,0.5158769602748027,0,0.7652257157708724,0.7652257157708724,32,0.1573283004328711,0.005168687952179822,0.01977869574264173,1.6376302655284195e-16
618f13b2,506,0.9975906023410319,0.9975906023410319,0.0,96,0.4975845220878844,0,0.7612587702683661,0.7612587702683661,32,0.14843620680931344,0.004217990733133144,0.014323493159943648,7.443540733282299e-17
61f8c8f8,459,0.9981858051138118,0.9981858051138118,0.0,96,0.4909102542282414,0,0.7548909387113317,0.7548909387113317,32,0.15318569902340587,0.004120699282243626,0.016898193370810752,1.4041055899671097e-16
6222b6eb,497,0.9968155487339961,0.9968155487339961,0.0,96,0.4971409159201408,0,0.7614490486657205,0.7614490486657205,32,0.1517164957560981,0.004155429749530797,0.016473609631483886,2.6191881214748413e-16
6456829e,488,0.9976308184732572,0.9976308184732572,0.0,96,0.49097705080882226,0,0.7518933434032274,0.7518933434032276,32,0.15697491392773819,0.005312726900840366,0.01926450638151757,2.418943915845692e-16
65240037,489,0.9966047308917553,0.9966047308917553,0.0,96,0.4990546981479065,0,0.7620101981963432,0.7620101981963432,32,0.14928688127583706,0.004464048891944821,0.014774115173183368,9.348350314711825e-17
6613b389,452,0.9973340128741756,0.9973340128741756,0.0,96,0.4907069877693143,0,0.7575022426948567,0.7575022426948568,32,0.143967290488005,0.003594985800277108,0.012096221982658282,5.809020914244458e-17
66f24dbb,507,0.9968906875737166,0.9968906875737166,0.0,96,0.49952039566172435,0,0.761185475818316,0.761185475818316,32,0.15320132761773736,0.004991103423997277,0.01753477014104988,2.7372362540067963e-17
67e0d0f2,510,0.9974342551060725,0.9974342551060725,0.0,96,0.495673392553602,0,0.7568819535948592,0.7568819535948592,32,0.15300213295703846,0.004966615396508542,0.01758815611389838,3.667001343100149e-16
681a1674,476,0.9960039489727567,0.9960039489727567,0.0,96,0.498257510670642,0,0.7607872089488462,0.7607872089488463,32,0.1516034753098057,0.004563164071830786,0.016062572078501872,7.137148015447435e-17
69fee5aa,483,0.9971107906834601,0.9971107906834601,0.0,96,0.49435661420051363,0,0.7580492570127478,0.7580492570127478,32,0.150639869709804,0.004549351129967785,0.01600967099751818,5.20287746633342e-16
6a1eabeb,413,0.997734083199231,0.997734083199231,0.0,96,0.485769067242834,0,0.7554255625219216,0.7554255625219216,32,0.15377209417503976,0.004768772404818721,0.017293750442832188,2.8803970239366953e-16
6a27ffc2,493,0.996726341918288,0.996726341918288,0.0,96,0.4982693095823648,0,0.7601358419369193,0.7601358419369193,32,0.15128107866946122,0.004496043950260629,0.01572203993091698,6.733401305535939e-17
6ade9755,513,0.9969265878249448,0.9969265878249448,0.0,96,0.5021401530365673,0,0.7592140542535554,0.7592140542535554,32,0.15524680912812808,0.005031660034452471,0.01732403930982921,1.3921071356532788e-16
6ae235be,454,0.9974577715347849,0.9974577715347849,0.0,96,0.495712321028227,0,0.7614300994754005,0.7614300994754005,32,0.1507449680594792,0.004165345162671481,0.015162593190343347,1.1151138749539018e-16
6aeb4375,468,0.997475561026592,0.997475561026592,0.0,96,0.4920651926961414,0,0.7579233630617608,0.7579233630617608,32,0.15401692586833135,0.004773096291970152,0.017840807949179603,2.2489133062919837e-16
6b168ec8,482,0.9978825126720942,0.9978825126720942,0.0,96,0.4969061682795554,0,0.7609937439170862,0.7609937439170863,32,0.15345462919826866,0.004576737117155798,0.016562488958346208,3.8299239298661393e-16
6b7dfb22,471,0.9974605027274919,0.9974605027274919,0.0,96,0.4973659092856188,0,0.7607478888897323,0.7607478888897323,32,0.15189751616845387,0.004192719894106374,0.015359305337470328,5.409685438460158e-17
6c49646a,429,0.9974450759738218,0.9974450759738218,0.0,96,0.48690689967997886,0,0.755447931831634,0.755447931831634,32,0.14772293685023669,0.004002026489078329,0.013400330923436695,3.648984766250514e-17
6cb6f249,470,0.9981371509852158,0.9981371509852158,0.0,96,0.49383796891045684,0,0.7595149285382323,0.7595149285382323,32,0.14774159339733944,0.00447225893501365,0.014998337908837662,2.315523659337893e-16
6d550036,505,0.9964343603977053,0.9964343603977053,0.0,96,0.4995560509207466,0,0.7576440956366185,0.7576440956366186,32,0.1549560500814332,0.00495556799728469,0.018808581879934692,4.051764424523096e-16
6e984301,513,0.9978778107162837,0.9978778107162837,0.0,96,0.501938142554044,0,0.7662940427153776,0.7662940427153776,32,0.15097721520705348,0.004542285487996405,0.01607993122432031,3.1835050082331484e-16
6e984302,460,0.9980001419614677,0.9980001419614677,0.0,96,0.4989071050291769,0,0.7644851716106773,0.7644851716106773,32,0.1433775702982707,0.003567066719062445,0.011468736479275102,1.1603037371490088e-16
6f9b354f,500,0.9975300138822042,0.9975300138822042,0.0,96,0.4984022328617598,0,0.7591927546229101,0.7591927546229101,32,0.1544433505226422,0.00486713259684185,0.018609123495250523,3.120836922221315e-16
7024f17c,483,0.9978475766189646,0.9978475766189646,0.0,96,0.5042425938922638,0,0.7660644799628428,0.7660644799628428,32,0.14513137744883017,0.0037851108444584827,0.012307838541826285,1.256184022686642e-16
70b3e69b,495,0.9972297689883171,0.9972297689883171,0.0,96,0.5016990206855158,0,0.7602968046078541,0.7602968046078542,32,0.15065595086004838,0.0042105272705822,0.015479226714350196,1.3507713466272737e-16
71017276,614,0.9954343216751318,0.9954343216751318,0.0,96,0.5356072119182618,0,0.7781997377645842,0.7781997377645842,32,0.15261035620442115,0.005210353131077049,0.018351257415209005,1.9772457287094604e-16
71017277,493,0.9963624636080555,0.9963624636080555,0.0,96,0.4951343087377242,0,0.7581409639327487,0.7581409639327487,32,0.14962645334150632,0.004545629344715698,0.01523168177326396,3.794575652116407e-17
71315a70,514,0.9970294566269011,0.9970294566269011,0.0,96,0.49822179304739606,0,0.7617735348998915,0.7617735348998915,32,0.1526718591116812,0.004662882349316453,0.017219761362935838,1.984469657343118e-16
7161e7e2,550,0.9948540818324544,0.9948540818324544,0.0,96,0.5163374475824992,0,0.7696535000260588,0.7696535000260589,32,0.15749032726011447,0.004926878402701077,0.017847354230213212,1.0526932860763985e-16
71a3fd6b,439,0.9976235152705373,0.9976235152705373,0.0,96,0.48655770620937555,0,0.7548205376315842,0.754820537631584,32,0.15366597215644476,0.004980849581209109,0.018833480932502106,3.778298858291535e-16
720133ac,466,0.9971908705292273,0.9971908705292273,0.0,96,0.49083280775041516,0,0.757945431277572,0.757945431277572,32,0.15334366612285416,0.0048352088799509104,0.01644820556297425,1.9762446328896294e-16
726462e0,501,0.9977910420009546,0.9977910420009546,0.0,96,0.4976539125964387,0,0.7575558624621118,0.7575558624621117,32,0.16042866219871596,0.005470537775015123,0.021743368067567097,1.8365216200760448e-16
72e3ee87,496,0.997669111139162,0.997669111139162,0.0,96,0.49222966406650503,0,0.7561075967051298,0.7561075967051298,32,0.1507401778243948,0.004463900207511506,0.01624118057576328,2.720717916193302e-16
73d42213,516,0.99695330339117,0.99695330339117,0.0,96,0.5073418988847761,0,0.7649677559303072,0.7649677559303072,32,0.1534133067650407,0.004814189534867203,0.017195737797527283,2.6744325961416075e-16
7401057b,446,0.9971899707943949,0.9971899707943949,0.0,96,0.4954745522154954,0,0.7618271179318494,0.7618271179318493,32,0.1456750924474648,0.003744083667568932,0.0136154022576453,2.153235238342512e-16
7405e8b1,469,0.9979139165175575,0.9979139165175575,0.0,96,0.49517782002922606,0,0.7603502135194927,0.7603502135194927,32,0.1459318337221506,0.003781975347073347,0.013615695876300484,3.035951021496297e-16
7527f7e2,490,0.9976447505051015,0.9976447505051015,0.0,96,0.5008748533615015,0,0.7639368330573466,0.7639368330573467,32,0.1519911984097323,0.004220001067113521,0.014843186748262426,7.006866742149584e-17
75499fd8,491,0.9980497634797857,0.9980497634797857,0.0,96,0.49277411512519614,0,0.7531983897743202,0.7531983897743202,32,0.16705890351908564,0.006138803268207251,0.023643125548131298,1.8207883718521534e-16
75832dbd,474,0.9958955048634138,0.9958955048634138,0.0,96,0.4973448476175647,0,0.759969277904939,0.759969277904939,32,0.1560556989501305,0.005193493053689907,0.018439810308460647,6.113253363442318e-17
75f70248,466,0.9972879540596771,0.9972879540596771,0.0,96,0.4933433985064399,0,0.758174111738087,0.758174111738087,32,0.16167168064732257,0.005446688034572472,0.02056252584889805,4.809576675884195e-17
76d63226,489,0.997005332004003,0.997005332004003,0.0,96,0.4927755361866784,0,0.759160727676714,0.7591607276767139,32,0.1510824500318233,0.004781086679322954,0.016399381181124995,1.0659503273241534e-16
778164c6,542,0.9936729619233384,0.9936729619233384,0.0,96,0.5130349828907155,0,0.7649009223205054,0.7649009223205054,32,0.16204715528335473,0.005912220170885859,0.02056879797085431,1.229029178551834e-16
77eafa52,527,0.9977079547974128,0.9977079547974128,0.0,96,0.5073562962133306,0,0.7670584397180383,0.7670584397180383,32,0.15616303352879543,0.004738448764015838,0.016336496730405346,2.1783123481260188e-16
7a87bd0c,506,0.996728162129061,0.996728162129061,0.0,96,0.49638749354272105,0,0.7611506696097171,0.7611506696097172,32,0.1549589583377619,0.004984709731561193,0.016538878325257547,2.7283840535995694e-16
7a8d0b71,489,0.9947255328396669,0.9947255328396669,0.0,96,0.510723654708517,0,0.7686129011840621,0.7686129011840621,32,0.14956073576100004,0.0041986154300975905,0.013722618903338502,1.8889684181761355e-16
7e00a6cb,564,0.9957496001839593,0.9957496001839593,0.0,96,0.5050308268713244,0,0.7641248549120293,0.7641248549120293,32,0.15803098780476937,0.005551980575222227,0.01922594432986939,2.939925686662538e-16
7e974930,502,0.9973261057933308,0.9973261057933308,0.0,96,0.49702286711103316,0,0.7642496188034222,0.7642496188034222,32,0.1510105336385315,0.004713538552833558,0.015719513463459952,4.998215210463852e-17
8077ef71,554,0.9963471838984507,0.9963471838984507,0.0,96,0.5178857985528371,0,0.7600986816915966,0.7600986816915966,32,0.1659379619431644,0.006288768818836384,0.022935237285560073,2.6633328514924783e-16
80ec1f4f,487,0.9979836662741216,0.9979836662741216,0.0,96,0.4892421541166031,0,0.7570692131383054,0.7570692131383054,32,0.15050341099449385,0.00437804841284793,0.015371296578908367,2.1110195499032752e-16
81507db6,510,0.9972821397425603,0.9972821397425603,0.0,96,0.4919549161340932,0,0.7501272601115713,0.7501272601115713,32,0.1534965337209726,0.0049168449304695105,0.017705745462493965,6.944336173635783e-17
830ce83f,511,0.9974585956711121,0.9974585956711121,0.0,96,0.5023188103448426,0,0.76368744119048,0.76368744119048,32,0.1599165567401454,0.005148126943095795,0.020935198458574177,4.0232005593926294e-16
8464fc84,484,0.9976868870790536,0.9976868870790536,0.0,96,0.49934249016304516,0,0.7617673403241738,0.7617673403241738,32,0.14731141904681574,0.004154099687160984,0.01382895528255518,1.8689136556060873e-16
852ce960,396,0.996733917791607,0.996733917791607,0.0,96,0.48581016479069783,0,0.7560040873582481,0.7560040873582481,32,0.14308748639787308,0.003248539459351446,0.010925721125563274,8.571987115634889e-17
853b0a1d,512,0.9950002235203407,0.9950002235203407,0.0,96,0.5062070062616133,0,0.7634980823357718,0.7634980823357718,32,0.15686481854270118,0.005344942778947041,0.018895298382712134,4.523833564695767e-17
8550ddae,453,0.9954566345450724,0.9954566345450724,0.0,96,0.4981867544140861,0,0.7614400659281494,0.7614400659281494,32,0.1509013030379956,0.004576667359875557,0.016152979190479182,2.5108686285396753e-16
85fa3a3f,493,0.9966233712104754,0.9966233712104754,0.0,96,0.49248383056523914,0,0.7572818943921777,0.7572818943921776,32,0.14977059962764533,0.004461890466173348,0.015595407529946825,1.2138138139410942e-16
86b68151,485,0.9974174844966263,0.9974174844966263,0.0,96,0.4946032727031064,0,0.7577464313859584,0.7577464313859587,32,0.1525414589764192,0.004689827818176935,0.017047111143382004,1.0438385551114874e-16
86f00804,503,0.992573360351935,0.992573360351935,0.0,96,0.514845950758797,0,0.7673179667785014,0.7673179667785014,32,0.1634861061730648,0.00599581133360416,0.021455013038163932,6.40088821354464e-17
8752c811,493,0.9980655464192086,0.9980655464192086,0.0,96,0.4840239934650771,0,0.7522836977094198,0.7522836977094197,32,0.15235880051066447,0.0046909118509824415,0.01765381207226525,5.914245879151759e-17
87f22b4a,474,0.997796937272045,0.997796937272045,0.0,96,0.49504727106267715,0,0.757010484591417,0.7570104845914171,32,0.1493156309875005,0.0042278444875138415,0.015122666334366507,3.642187348717549e-17
88432d0a,479,0.9961864417241123,0.9961864417241123,0.0,96,0.5002002828490641,0,0.7640729000398341,0.7640729000398341,32,0.1547288996590168,0.0046945980230967636,0.016579622157759044,2.222184394278432e-16
89527b6b,467,0.9977566394981173,0.9977566394981173,0.0,96,0.4893932752025372,0,0.7577185667450035,0.7577185667450036,32,0.1551333189644182,0.00541791524774987,0.01885487703024915,1.658796821053968e-16
8979f9ec,469,0.997308421729267,0.997308421729267,0.0,96,0.4964768920265035,0,0.7620714793517258,0.7620714793517258,32,0.14348728003108926,0.0036650757702200755,0.01186843665150498,3.781031398896655e-16
89941a93,528,0.9973646987268724,0.9973646987268724,0.0,96,0.4934818955433135,0,0.7598749569359069,0.7598749569359069,32,0.16271429868660195,0.005524325355148531,0.0194200404019904,4.029815202072183e-16
89941a94,523,0.9972313542114012,0.9972313542114012,0.0,96,0.5107712281815032,0,0.7682179409496377,0.7682179409496378,32,0.14928063876947034,0.004377654611497828,0.015243896390941045,4.1107971074313874e-16
8a137a7f,512,0.9976133101546024,0.9976133101546024,0.0,96,0.5020579471191116,0,0.7638703775819623,0.7638703775819623,32,0.15339560216115047,0.0046609254333273755,0.017232100873142874,8.440513912799652e-17
8a2466db,508,0.997276635118881,0.997276635118881,0.0,96,0.4971897510544881,0,0.7611226468697032,0.7611226468697032,32,0.15252397258869446,0.0049115445817837005,0.01632953150620911,4.3321645483527886e-16
8aef76bc,492,0.9972968063130158,0.9972968063130158,0.0,96,0.4903328503523893,0,0.7563071739181474,0.7563071739181474,32,0.15099662479032278,0.004675879991487771,0.016068378285364397,5.607528894702265e-17
8b9d4367,537,0.9973460063936992,0.9973460063936992,0.0,96,0.50549417163975,0,0.7642325986221812,0.7642325986221812,32,0.1487712672000902,0.0039206343372180895,0.014879575216243938,1.8426187536260163e-16
8c18457d,434,0.9964367521430759,0.9964367521430759,0.0,96,0.4939877640663938,0,0.7569512574652058,0.7569512574652059,32,0.15004179964308142,0.004235480879252788,0.01571010966215121,2.75317403284061e-17
8cf4d046,468,0.9974749653877053,0.9974749653877053,0.0,96,0.4938226297849068,0,0.75585884580358,0.7558588458035799,32,0.15718762838348707,0.004886242401651156,0.018552479559490933,2.1753728922676678e-16
8cf51dda,454,0.9976253569605208,0.9976253569605208,0.0,96,0.4893560580684536,0,0.7545409462378133,0.7545409462378134,32,0.15288554071703103,0.004623735465867971,0.01762862407476382,2.913724083349943e-16
8e91e7d9,498,0.996622225555519,0.996622225555519,0.0,96,0.4965880779722683,0,0.757390716480675,0.757390716480675,32,0.15700543653579296,0.005436056698891533,0.019996322136936237,6.375979619333229e-17
8e9d538c,486,0.9973374400639088,0.9973374400639088,0.0,96,0.4994771574872839,0,0.7614690204276356,0.7614690204276355,32,0.14824444670117753,0.004018582597632421,0.013837611357795335,2.24100573489152e-16
8ebdbe50,487,0.9974597133054304,0.9974597133054304,0.0,96,0.4973842429701829,0,0.7609739545408625,0.7609739545408625,32,0.14933130281695767,0.004401362950165738,0.01489626485188139,2.194799213465851e-16
8fb83627,485,0.9972030402939875,0.9972030402939875,0.0,96,0.49997133723604176,0,0.7642480695933696,0.7642480695933697,32,0.1531120360896767,0.004544899802090467,0.01803831902998868,4.739622211312137e-16
91b15a6e,489,0.997564703998015,0.997564703998015,0.0,96,0.5006706641903849,0,0.7625980493027454,0.7625980493027454,32,0.1571201179233331,0.005042252793875074,0.020258150265294924,3.974325980790054e-16
92a0aa75,455,0.995955628878907,0.995955628878907,0.0,96,0.5012465504266514,0,0.7615637583298538,0.7615637583298538,32,0.15202247413748238,0.0044641267801997925,0.016808409563991513,2.1795752016404858e-16
945e3d21,489,0.9978816060485118,0.9978816060485118,0.0,96,0.4979404592756156,0,0.7614610483946251,0.7614610483946253,32,0.1553330861304038,0.004978740417440883,0.018404188149758322,1.1170342088253108e-16
94f70d80,510,0.995340548288671,0.995340548288671,0.0,96,0.5105389735268154,0,0.7680893488786167,0.7680893488786166,32,0.15061992513802386,0.004055447336382497,0.015222799866463462,1.4492764287141137e-16
95228167,507,0.9963732293702918,0.9963732293702918,0.0,96,0.5053928374566062,0,0.7663936513713387,0.7663936513713389,32,0.14702956291318392,0.0041751646918923805,0.014074639462192676,8.003678806715872e-17
95bcc1c8,487,0.9982631437747131,0.9982631437747131,0.0,96,0.4962166955382604,0,0.7611943467660225,0.7611943467660225,32,0.14929388226793383,0.004651299611787611,0.015492820090997169,3.089018887817427e-17
982b5123,473,0.9975605942565972,0.9975605942565972,0.0,96,0.4853950430426506,0,0.7526847005055194,0.7526847005055194,32,0.147576776178239,0.004170138485716101,0.014699388261919995,3.283725182770812e-16
993da5e2,486,0.997506263181538,0.997506263181538,0.0,96,0.486933302108432,0,0.7561041373372795,0.7561041373372797,32,0.15055013539726925,0.004231774723180981,0.015531549802994116,4.066248937927528e-17
9a707b81,530,0.9974652637405779,0.9974652637405779,0.0,96,0.4993366268551863,0,0.7596943221716488,0.7596943221716488,32,0.1515142192918501,0.00443383445108251,0.016233476351144686,2.6205452902001334e-16
9a707b82,532,0.9980815542000577,0.9980815542000577,0.0,96,0.4943675354999907,0,0.7589487175799694,0.7589487175799694,32,0.14136795136168,0.0032450178521927662,0.011080686740794628,1.7550706084769862e-16
9aaed6a3,541,0.9975417622081529,0.9975417622081529,0.0,96,0.5042165076610834,0,0.7632490859303263,0.7632490859303263,32,0.1552007224817357,0.004963059269355034,0.017852713550628282,3.257817100910233e-17
9bbe84a2,459,0.9976793721973278,0.9976793721973278,0.0,96,0.4882990249265438,0,0.7533107093250935,0.7533107093250936,32,0.14861431134890807,0.004248423456743558,0.015408385814630155,1.6810566494868928e-16
9d25d4e0,493,0.997447955142761,0.997447955142761,0.0,96,0.49932032988518293,0,0.762137974974238,0.7621379749742379,32,0.15059652544579277,0.004583120397677625,0.016060600795292923,3.4415787776539464e-16
9ea5eabc,537,0.9960116944486582,0.9960116944486582,0.0,96,0.5033982956900178,0,0.7616482758978779,0.761648275897878,32,0.1537271257103299,0.004926088579398608,0.01742354214079166,7.752954082577909e-17
9ee3ecd6,476,0.9970858225023727,0.9970858225023727,0.0,96,0.4928410578757813,0,0.7588380479294642,0.7588380479294642,32,0.14402256665807966,0.0035048551650072386,0.01194076360372555,1.5936131965864248e-16
a06e4cfe,534,0.997200758350186,0.997200758350186,0.0,96,0.5029636563940058,0,0.764025941574266,0.764025941574266,32,0.1557718017476071,0.005054261923691766,0.01914731072580236,1.130493950636571e-16
a08a253f,560,0.9978074125869694,0.9978074125869694,0.0,96,0.5003467109770954,0,0.7599525565993414,0.7599525565993414,32,0.15451197723460022,0.0051938460587628394,0.017914105971439283,7.60304517756692e-17
a11281a2,457,0.997415003540734,0.997415003540734,0.0,96,0.48695495341541933,0,0.753565866227494,0.7535658662274939,32,0.154203963543842,0.004607487449793588,0.018183365151004015,4.2635479392060166e-17
a1cc6108,492,0.9957783108059003,0.9957783108059003,0.0,96,0.505424610377639,0,0.7624600495278332,0.7624600495278332,32,0.14944358593142323,0.0041772476304570445,0.01583956094435971,7.068645578533136e-17
a1eacc2a,474,0.9971942540671591,0.9971942540671591,0.0,96,0.49728618605967273,0,0.7613917307847208,0.7613917307847208,32,0.15090632968871226,0.004250912993875278,0.01607295560230762,1.5072331568487093e-16
a2f3aa27,448,0.9962951149953879,0.9962951149953879,0.0,96,0.4879265389002277,0,0.7558960012202033,0.7558960012202033,32,0.14441406021837613,0.003849161205079072,0.013183024017453073,8.202763864976045e-17
a3045048,584,0.9973158668650034,0.9973158668650034,0.0,96,0.5108704315408802,0,0.7633876953921852,0.7633876953921852,32,0.15461048447742606,0.005384040204615603,0.018981376710683385,1.1758098300182524e-16
a3332713,467,0.997440708361849,0.997440708361849,0.0,96,0.499998893456409,0,0.7634533609772733,0.7634533609772733,32,0.14738606035809684,0.004138767937392656,0.013752758561862663,1.689108049242342e-16
a346bb18,478,0.997477053436076,0.997477053436076,0.0,96,0.4946698020720661,0,0.7601342342368338,0.7601342342368337,32,0.1476470352179662,0.0037935911932753105,0.013334504638663954,6.660176826595474e-17
a3838d2b,484,0.9971568085782364,0.9971568085782364,0.0,96,0.5003405621886187,0,0.7602939657053754,0.7602939657053751,32,0.14901413377090975,0.004174108156781807,0.015520453744466433,8.946011975285352e-17
a40e080f,529,0.9973909881459712,0.9973909881459712,0.0,96,0.5001693061456687,0,0.7589962440304909,0.758996244030491,32,0.15925749609444495,0.0050504508370667195,0.020891010364482467,4.918219790680558e-17
a4996e51,512,0.9980198253074283,0.9980198253074283,0.0,96,0.49969520072925405,0,0.7599599503813049,0.759959950381305,32,0.15031268410111662,0.004353172227073729,0.01571783670645117,1.2506272059620294e-16
a82c026e,476,0.9976976633772995,0.9976976633772995,0.0,96,0.490678618282255,0,0.758126643492025,0.758126643492025,32,0.15287281062324684,0.004849309570978273,0.017162308375520248,1.5685398824798694e-16
a89d7624,496,0.9973995075563938,0.9973995075563938,0.0,96,0.49833588183996747,0,0.7601908747176332,0.7601908747176332,32,0.15864632415046395,0.005182579160575842,0.019955901556517868,1.2904104308395217e-16
a96c20ee,489,0.9976175678340038,0.9976175678340038,0.0,96,0.4999083919128282,0,0.7611412165324949,0.7611412165324949,32,0.14491765437512424,0.0036459704489274335,0.011879120379255717,2.7937207194299696e-16
a9f6b44c,476,0.9964151465144306,0.9964151465144306,0.0,96,0.4932923873940486,0,0.7584897044041128,0.7584897044041128,32,0.1456955179971273,0.003702061761247517,0.013456312058556462,1.638511921847001e-16
aae3761f,485,0.9975834933435808,0.9975834933435808,0.0,96,0.4935463736396954,0,0.7569461720484421,0.7569461720484421,32,0.1516534849918624,0.004887921423239043,0.017864280339810582,1.006068081077848e-16
ac031881,529,0.9967155350931435,0.9967155350931435,0.0,96,0.510228990289588,0,0.7682917557885871,0.7682917557885871,32,0.15328911233442993,0.0049969568692054475,0.017614566218474518,3.253016423759911e-17
ad7109d1,466,0.9971398623157285,0.9971398623157285,0.0,96,0.49246313622254423,0,0.7582487903514287,0.7582487903514287,32,0.1546757568786771,0.005022653601045682,0.01812317873194323,5.640457104721155e-17
af082822,495,0.9972653581388431,0.9972653581388431,0.0,96,0.4845929063686003,0,0.7526556909475217,0.7526556909475217,32,0.14529732459358782,0.004146291601867563,0.014379386921152157,2.328104039516995e-16
af8d2e46,495,0.9961680352640219,0.9961680352640219,0.0,96,0.499612450692816,0,0.7606071663582434,0.7606071663582434,32,0.14731100433939184,0.00408468289251225,0.014359582094435535,3.482623841387297e-16
afdc33df,502,0.9977088521265891,0.9977088521265891,0.0,96,0.5050223018479407,0,0.7664404663665983,0.7664404663665983,32,0.1503531465374802,0.004686850416222148,0.016409916604300773,2.3028281362369405e-16
affe2881,484,0.9938720437040787,0.9938720437040787,0.0,96,0.5209719739262406,0,0.7680685389320745,0.7680685389320745,32,0.14935176643122708,0.0040990742203744004,0.015128852573663192,5.2357108547663635e-17
b01defab,503,0.9974889251873522,0.9974889251873522,0.0,96,0.49442386381517683,0,0.7592236561396998,0.7592236561396998,32,0.15790648742088031,0.004777425674637078,0.01951233588377341,2.0306266056762307e-16
b0479f84,502,0.9978596115008632,0.9978596115008632,0.0,96,0.49492022253124324,0,0.7589118520758381,0.7589118520758382,32,0.15046670459796144,0.004160704585202353,0.015766509367233894,3.524736943219807e-16
b29f3365,494,0.9982143091152219,0.9982143091152219,0.0,96,0.4883849273682198,0,0.7560703295673117,0.7560703295673117,32,0.1528148028505079,0.004528651145458826,0.016184799086580316,2.831742937303031e-17
b320f3f8,463,0.9974158758947286,0.9974158758947286,0.0,96,0.5025196309168908,0,0.762926717906684,0.762926717906684,32,0.15675895008140817,0.005178599680610298,0.01875673571355568,2.206058709838324e-16
b3c15d39,502,0.997146492225248,0.997146492225248,0.0,96,0.4878780394459409,0,0.7536691647429709,0.753669164742971,32,0.1512057134433548,0.004620594779535699,0.017007681460449845,3.740920809070622e-16
b46e15ed,478,0.9966020243880928,0.9966020243880928,0.0,96,0.4987122885914218,0,0.7597442201560225,0.7597442201560225,32,0.14986930058312892,0.00400239953287606,0.015191456685224309,8.378932136684628e-17
b46e15ee,457,0.9962852268838284,0.9962852268838284,0.0,96,0.5004301622607111,0,0.7631187637094157,0.7631187637094157,32,0.14471871324840704,0.003599035831839807,0.012521201233739395,3.2055564135511904e-16
b5ef892d,516,0.9974085255574329,0.9974085255574329,0.0,96,0.4972623467190901,0,0.7591328325896475,0.7591328325896474,32,0.14887615740895088,0.004212381749564443,0.015297733474502187,4.1687153298667455e-16
b6019101,510,0.9965759448502779,0.9965759448502779,0.0,96,0.5022345498822749,0,0.7655218128101499,0.7655218128101497,32,0.1507050748089494,0.004511208051187524,0.015446822612940203,1.2903621526403168e-16
b6025781,460,0.9973679939148061,0.9973679939148061,0.0,96,0.49490561297949676,0,0.7581344895471327,0.7581344895471327,32,0.15266600531696814,0.004326946601758043,0.016228100486094993,1.424585087576084e-16
b759caee,516,0.9973795760220194,0.9973795760220194,0.0,96,0.49950677737202565,0,0.7606656751600822,0.7606656751600822,32,0.15421892497073844,0.0046696797948099465,0.01749606619727294,1.3770208057366282e-16
b86304ba,456,0.9951436439452372,0.9951436439452372,0.0,96,0.5102138288467392,0,0.7656038774006549,0.7656038774006549,32,0.1548506061929398,0.00481982284096409,0.017606214513541458,1.8832401525165759e-16
b9cfe692,492,0.9975933019547618,0.9975933019547618,0.0,96,0.4905912418538083,0,0.7528663968269376,0.7528663968269375,32,0.15382129868261415,0.0047618465530058045,0.017783450228541737,3.610481380894818e-17
ba358f49,409,0.9971922471387975,0.9971922471387975,0.0,96,0.47551345862128686,0,0.7465042754775124,0.7465042754775124,32,0.1534952713200905,0.004676236108159285,0.018618241255236454,2.1756571008241147e-16
ba61f0b9,454,0.9975138409470811,0.9975138409470811,0.0,96,0.48154853061180997,0,0.7543934975467698,0.7543934975467698,32,0.15954912472115063,0.005287993457923123,0.01994197766091896,1.319306876179013e-16
bb7c3b45,495,0.9973706509311812,0.9973706509311812,0.0,96,0.49879271417122567,0,0.758253723800088,0.758253723800088,32,0.1537071733873509,0.0046571947430454706,0.01817960056475351,6.633302212785658e-17
bbf86515,487,0.9963784090726268,0.9963784090726268,0.0,96,0.49201198855526107,0,0.7545230776455049,0.7545230776455049,32,0.15731274004289836,0.004930364912116243,0.020348803290448827,9.620413067593759e-17
bc149d6b,467,0.9968690108488575,0.9968690108488575,0.0,96,0.49265853819007277,0,0.757523462838292,0.7575234628382921,32,0.15115763050946077,0.004449250058320911,0.016227079097321153,3.2444900917712687e-16
bc8a6e93,537,0.9975434327720144,0.9975434327720144,0.0,96,0.5098671637317286,0,0.7674842959762013,0.7674842959762013,32,0.15153883922640407,0.00464442250057295,0.016833390856381827,2.7460963360490955e-16
bcbe585f,453,0.9967548556715343,0.9967548556715343,0.0,96,0.485627329470078,0,0.7476918595448437,0.7476918595448437,32,0.1538548081525735,0.004784392979732708,0.019711540357799963,1.3258954885699994e-16
bf659f65,516,0.997774431298231,0.997774431298231,0.0,96,0.49978735972957544,0,0.761965614507887,0.761965614507887,32,0.15023934580293588,0.004306696488215658,0.01551087813344868,1.8691981640370247e-16
c14c00dd,492,0.9976147860367123,0.9976147860367123,0.0,96,0.49659325945053573,0,0.7604277595006828,0.7604277595006828,32,0.14986606241661501,0.004296283877775401,0.015221263029522076,5.539832368810486e-17
c18a7dc8,509,0.9969589264257349,0.9969589264257349,0.0,96,0.5085997436835005,0,0.7690805699665603,0.7690805699665604,32,0.15142796014142776,0.004281166715013009,0.015929959614532144,7.763654377750818e-17
c19f7a0b,478,0.9963674731468606,0.9963674731468606,0.0,96,0.49800183437418183,0,0.7561463501253922,0.7561463501253922,32,0.1515982585976762,0.004379155675997004,0.016532585025674274,1.615978387830445e-16
c2ac3c61,528,0.9958119588193716,0.9958119588193716,0.0,96,0.5081495011674433,0,0.7666958664982056,0.7666958664982055,32,0.14986781824143883,0.004461440018146546,0.016058090923663188,4.978130702272837e-17
c4a1ceb8,488,0.9979188838417987,0.9979188838417987,0.0,96,0.500945775520162,0,0.7612361646014103,0.7612361646014104,32,0.14666434613806692,0.003696442281953487,0.013118197421897813,2.9985121853605664e-16
c4ea545c,490,0.9972629031553488,0.9972629031553488,0.0,96,0.4933902098410397,0,0.7587898459762121,0.7587898459762121,32,0.15492157823780317,0.0047903411698218094,0.01814153636689712,4.3332684379502285e-17
c4f10528,485,0.9976973948582106,0.9976973948582106,0.0,96,0.5012972678501482,0,0.7641463018920265,0.7641463018920266,32,0.15139907206841943,0.004469424979705603,0.01660645244069897,2.2994206767751956e-16
c5e8278d,469,0.9967980889235571,0.9967980889235571,0.0,96,0.49235944263328063,0,0.7569977956076405,0.7569977956076405,32,0.14817992619132966,0.004369470403695048,0.01549540121197314,1.5517082998758852e-16
c6853660,477,0.9971946738414567,0.9971946738414567,0.0,96,0.49660648663105095,0,0.7608549982530372,0.7608549982530372,32,0.14907934868255543,0.0041088612863584405,0.015921946917301057,1.1224424604307794e-16
c7cf7dfd,520,0.9978546109049148,0.9978546109049148,0.0,96,0.4938681698490474,0,0.7553991352734045,0.7553991352734045,32,0.15431152396106235,0.005123327544840534,0.01779173334509724,1.4518301091252047e-16
c7dc5443,478,0.9978841792926171,0.9978841792926171,0.0,96,0.4924493200954073,0,0.760406891200989,0.760406891200989,32,0.16514913339113482,0.005449838832323606,0.021944991804156655,5.1330395071581507e-17
c8090214,459,0.9979814391486603,0.9979814391486603,0.0,96,0.48913248061663295,0,0.7562668565807884,0.7562668565807885,32,0.14945122837882574,0.0045583486322408485,0.01549083021764968,1.9386574166384815e-16
c8c3f81d,487,0.9966638057995274,0.9966638057995274,0.0,96,0.49775256306011156,0,0.7587811379210252,0.7587811379210252,32,0.15742583863698184,0.005014110431848479,0.0195834746537398,2.2153166820934207e-16
c8f1aeed,504,0.996932895947046,0.996932895947046,0.0,96,0.4965538545769382,0,0.7573577536601226,0.7573577536601226,32,0.14943573943725671,0.004439735997188719,0.016371710623014634,1.0132987923166111e-16
c960da58,504,0.9963617091037501,0.9963617091037501,0.0,96,0.5009550049083713,0,0.761579603145425,0.761579603145425,32,0.15488801215302,0.005359253641699294,0.018295135130708386,6.39369509717166e-17
c9f37c46,511,0.9975912041466563,0.9975912041466563,0.0,96,0.48668013795631765,0,0.7554322460883399,0.7554322460883399,32,0.15081735161639157,0.00477143591994921,0.01606308543792034,1.7522404488457705e-16
caf03d32,493,0.9972334709435712,0.9972334709435712,0.0,96,0.5012662383608375,0,0.7624117482298237,0.7624117482298237,32,0.1566648386882027,0.00498961733692493,0.01776963319473647,1.1918570705534768e-16
caf9ead2,466,0.9973081964987225,0.9973081964987225,0.0,96,0.4957133859038406,0,0.7622018008482494,0.7622018008482494,32,0.15018704664753782,0.004180281169801774,0.014596007857827768,2.471199210927991e-16
cc06de0d,462,0.996177156848026,0.996177156848026,0.0,96,0.49127117823737515,0,0.7577499666013383,0.7577499666013381,32,0.1467620552742185,0.0038893603124029383,0.013092571133048457,2.8993161887667776e-16
cc539528,496,0.9968281001816703,0.9968281001816703,0.0,96,0.500113636738606,0,0.76070516374058,0.76070516374058,32,0.1474483515884488,0.004221928557284033,0.014777489120415113,1.6418318317793393e-16
cc5ded98,493,0.9971234450818738,0.9971234450818738,0.0,96,0.4932837872021559,0,0.7612033790437831,0.7612033790437829,32,0.1510996687733499,0.004619001538612531,0.016501771261268058,1.9220595365467973e-16
cc6d1ec1,457,0.9980152879670557,0.9980152879670557,0.0,96,0.4801820269227878,0,0.7497837044828818,0.7497837044828818,32,0.14586509582489843,0.004179982279634814,0.014063570818738111,2.4658126258086083e-16
ccb36322,471,0.9982585638108947,0.9982585638108947,0.0,96,0.4927782002392774,0,0.7579254648503767,0.7579254648503767,32,0.14674601418075067,0.0037035385444016407,0.013006405773103668,8.986677879794924e-17
ce6d2d27,521,0.9960972710481805,0.9960972710481805,0.0,96,0.49845874338159485,0,0.7590295218106541,0.7590295218106541,32,0.15839079498189157,0.005043683657088476,0.01989637106336688,8.42789263415066e-17
ceb54acb,493,0.9978217734477877,0.9978217734477877,0.0,96,0.49252489483738876,0,0.7588516652037819,0.7588516652037817,32,0.1460177903380266,0.0041082277757678465,0.014052318995367102,7.938207224753909e-17
cf22b7bf,550,0.9981809913439297,0.9981809913439297,0.0,96,0.4934072126306471,0,0.7560235743117814,0.7560235743117814,32,0.16307101155209222,0.0057886330491647275,0.022043819957154088,2.339038054153455e-16
d01c6aa8,429,0.9980510641889015,0.9980510641889015,0.0,96,0.4830682775340725,0,0.7506359268269036,0.7506359268269035,32,0.14718427941877127,0.003856291467157728,0.014151748452444003,3.0757577267296005e-16
d23cf73b,512,0.9973684086868605,0.9973684086868605,0.0,96,0.5000283166172171,0,0.7567565915335048,0.7567565915335049,32,0.15995244823766347,0.005081694289175987,0.020356551408904317,1.0136273873202761e-16
d24813b1,485,0.9969272952228362,0.9969272952228362,0.0,96,0.4980022090242112,0,0.7577368250408497,0.7577368250408497,32,0.14906072803875084,0.004322446902008049,0.015681148776656682,2.558663475824265e-16
d3ab962e,530,0.9969593945087182,0.9969593945087182,0.0,96,0.4976025232906618,0,0.7599589508021883,0.7599589508021883,32,0.14792987424414802,0.004277698680274727,0.014754387933077467,6.90223559649036e-17
d52b4f67,479,0.9977253670272139,0.9977253670272139,0.0,96,0.49675407239034236,0,0.7597732471654477,0.7597732471654477,32,0.15548037313216811,0.005035359241925983,0.01866710667844341,1.1194941981084563e-16
d596882b,474,0.9977014989931562,0.9977014989931562,0.0,96,0.5006591711433488,0,0.7635386972190481,0.7635386972190481,32,0.1455566351651603,0.0037978241461632165,0.013154952632686507,2.086938217175136e-16
d6062bb9,532,0.9984092333857181,0.9984092333857181,0.0,96,0.5078600810278642,0,0.7681540773172258,0.7681540773172258,32,0.14752308745989118,0.004153277360978365,0.013837074416372983,6.458910265441465e-17
d6233ab6,437,0.9973131753297397,0.9973131753297397,0.0,96,0.488421555333052,0,0.7563988472451068,0.7563988472451066,32,0.15566823689268647,0.005186807532756932,0.018724271528500414,2.3576360797531926e-16
d682f1a2,469,0.9975054980177259,0.9975054980177259,0.0,96,0.4928615879034099,0,0.756433750464793,0.756433750464793,32,0.15275360358320123,0.004665881956408907,0.01763754047891705,1.0463082662778661e-16
d7c942c3,520,0.9966120728466712,0.9966120728466712,0.0,96,0.4913661831114531,0,0.7554898627096984,0.7554898627096984,32,0.15779310552886588,0.005370702507174604,0.019990195340414362,1.737926042393995e-16
d851d5ba,533,0.9971019274246915,0.9971019274246915,0.0,96,0.5100033179969006,0,0.7631225629111413,0.7631225629111413,32,0.14986257445124554,0.004247819775265828,0.016373702540717777,2.323553065608559e-16
d905b33f,504,0.9971166130924122,0.9971166130924122,0.0,96,0.4956991189878323,0,0.7594034339470656,0.7594034339470657,32,0.15272817705325534,0.0044962887827756735,0.017442907370969676,3.447418717338036e-17
dad224aa,521,0.9964224811292993,0.9964224811292993,0.0,96,0.5038829726738674,0,0.7629471452810931,0.7629471452810931,32,0.14636285815964653,0.0037852839109588834,0.013001292465355974,6.686909503404493e-16
db467c8c,475,0.997765766764389,0.997765766764389,0.0,96,0.4914728834716838,0,0.7591331266033665,0.7591331266033666,32,0.15041559429000542,0.004566779577097148,0.016097262581292286,5.5014472509714996e-17
dc439ea3,476,0.9981957540300757,0.9981957540300757,0.0,96,0.49122873062412425,0,0.7574020689983011,0.757402068998301,32,0.14660359611759738,0.004173072491838262,0.0142198319310863,3.5784867133007276e-16
dccbc061,505,0.9972315921247837,0.9972315921247837,0.0,96,0.5038142846932594,0,0.7622141008839717,0.7622141008839717,32,0.15106203429455176,0.004318492031433521,0.015348051989909866,4.818752657624287e-17
dcfa8644,470,0.99697605816734,0.99697605816734,0.0,96,0.48552760981786974,0,0.752575624736013,0.7525756247360131,32,0.1509733295895387,0.004556528332776824,0.017244957836997227,3.73519182486921e-17
dd2973ad,516,0.9974308617134092,0.9974308617134092,0.0,96,0.4999283395989313,0,0.7604795390697132,0.7604795390697133,32,0.1478367182456519,0.004238293013261358,0.014361886347170366,7.433760755968829e-17
dfde3500,480,0.9974189481347633,0.9974189481347633,0.0,96,0.4940442267826211,0,0.7570967474657283,0.7570967474657283,32,0.14521627870030404,0.0036030934350389336,0.012696853519761126,1.0304257447302234e-16
e01b8e2f,523,0.9969551090287583,0.9969551090287583,0.0,96,0.4956495221045663,0,0.7600884458053511,0.7600884458053513,32,0.1459801529663806,0.003935950866764018,0.013530741064253357,1.6382688704674275e-16
e25c3b8d,530,0.9959284597277893,0.9959284597277893,0.0,96,0.5105839821601557,0,0.7640108003484083,0.7640108003484083,32,0.15076571804973943,0.004655487716906282,0.016062344813395683,8.185276356080754e-17
e3038f8c,458,0.9971167011525189,0.9971167011525189,0.0,96,0.4843618221556571,0,0.7516531501818133,0.7516531501818133,32,0.1507383896508851,0.004529819738059809,0.01622281331017865,2.0295507147760094e-16
e3fc4d6e,519,0.9962511456828415,0.9962511456828415,0.0,96,0.5026136291537009,0,0.7630250460132495,0.7630250460132495,32,0.1477385528830625,0.004257737463271589,0.014989390996973773,7.97905950260469e-17
e47becba,550,0.9974984742911445,0.9974984742911445,0.0,96,0.505487418021718,0,0.7646777466609866,0.7646777466609866,32,0.1514144083950184,0.004675093234345402,0.016552078762838728,1.5780306354558475e-16
e48988bc,530,0.997129331234313,0.997129331234313,0.0,96,0.5035959193081538,0,0.7618638391018058,0.7618638391018057,32,0.14846296569637113,0.004226083386480381,0.014568322456727529,4.129296485457245e-16
e493bb7c,506,0.9977529043418238,0.9977529043418238,0.0,96,0.49574913077967947,0,0.7635067341455839,0.7635067341455841,32,0.14743653777409002,0.004030438843669218,0.013789010832463807,3.1090632922803297e-16
e4e14d04,461,0.997164856044666,0.997164856044666,0.0,96,0.4834013140296586,0,0.751325524950929,0.7513255249509291,32,0.15658033452851522,0.005344819490681654,0.01829952199002166,2.747862193269639e-16
e56a43b9,448,0.9980047491205557,0.9980047491205557,0.0,96,0.49814416825851116,0,0.7605815944970714,0.7605815944970714,32,0.14889154477640365,0.00405926106360711,0.014457534298366086,2.234076019418702e-16
e6041065,493,0.9974327438928098,0.9974327438928098,0.0,96,0.5011620072848944,0,0.758733202475517,0.758733202475517,32,0.1507524957317751,0.004463464163184481,0.01748226210611445,1.7959490104230474e-16
e61a7584,496,0.9972449521028036,0.9972449521028036,0.0,96,0.4964407921465418,0,0.757044605065432,0.757044605065432,32,0.1482954863777406,0.004060260279220022,0.01609534065217496,2.528219569181682e-16
e66b632c,506,0.9975196913730388,0.9975196913730388,0.0,96,0.4946351499608283,0,0.7599078148692079,0.7599078148692079,32,0.15608356683564867,0.005231248215212966,0.018411064266176416,1.201278865577615e-16
e831120c,481,0.9973271562636171,0.9973271562636171,0.0,96,0.49630733790449666,0,0.7577679090265208,0.7577679090265207,32,0.15455332429254826,0.004537288866874604,0.017231028927043507,3.493971109202351e-17
e8a79c70,483,0.9963023990018218,0.9963023990018218,0.0,96,0.49756680938342696,0,0.7608605685875098,0.7608605685875098,32,0.15001133131804853,0.004127953933763579,0.014288303406522167,2.1612571405875846e-16
e9327a54,533,0.9948313802243959,0.9948313802243959,0.0,96,0.5087089055030671,0,0.7641838793843025,0.7641838793843025,32,0.15894073312996354,0.005303498656375765,0.018926207465843687,4.957468665305577e-17
e982271f,589,0.9951337083022,0.9951337083022,0.0,96,0.5230961562096799,0,0.7692795393507715,0.7692795393507714,32,0.15396006021979308,0.004894654598250558,0.01762638461593789,1.380239065843414e-16
eac54adc,464,0.9965396514228554,0.9965396514228554,0.0,96,0.48772305250076237,0,0.7521719569076745,0.7521719569076745,32,0.15281227759758242,0.0047048386100750645,0.016406366744480618,1.1018484974997512e-16
eac54add,476,0.9976648954010005,0.9976648954010005,0.0,96,0.5025006442780421,0,0.7671247223040581,0.7671247223040581,32,0.1471806800457462,0.0036768331573315827,0.013397773651171754,1.0000170626219241e-16
eaca4986,513,0.9967505648533151,0.9967505648533151,0.0,96,0.5056921237372907,0,0.7613247819976848,0.7613247819976848,32,0.15842461333443472,0.0056663563788714,0.020161973370307843,5.834081322871863e-16
eace081b,489,0.9975282483966694,0.9975282483966694,0.0,96,0.49014058797992516,0,0.7538148625487522,0.7538148625487522,32,0.151902271101139,0.00457354302775997,0.016585346985986935,4.0770613424757153e-16
ec81a493,495,0.9974988645338835,0.9974988645338835,0.0,96,0.5015136301872222,0,0.7625922762375589,0.7625922762375588,32,0.1466301883958442,0.003984526251328882,0.0140997045927889,2.48286240052535e-16
ed4ddc30,543,0.9949379637452457,0.9949379637452457,0.0,96,0.5263158700723389,0,0.7706088596531089,0.7706088596531089,32,0.147289177235557,0.004282209448097472,0.01616490275343464,1.230343839904582e-16
edced276,482,0.9963524669115689,0.9963524669115689,0.0,96,0.4915522748304001,0,0.7573609446151475,0.7573609446151477,32,0.15738935389811123,0.005204393714696694,0.019675009786792073,2.1530725565733715e-16
eeda8a6d,513,0.9967536280370582,0.9967536280370582,0.0,96,0.500402799684796,0,0.7629673873575693,0.7629673873575694,32,0.15650354961848179,0.005229204143142117,0.017935281560560505,2.2080020289937932e-16
ef66a6e5,445,0.9977259019925714,0.9977259019925714,0.0,96,0.4890618730150057,0,0.7569363419001566,0.7569363419001568,32,0.15181806830035627,0.004732836069012959,0.01705713088808012,3.144800275370809e-16
ef9cf60a,522,0.9973249590801531,0.9973249590801531,0.0,96,0.5026026895982387,0,0.7624313555768434,0.7624313555768435,32,0.15118283170180774,0.004761364019388108,0.01687202688762505,2.636779683484747e-16
efc3f7c2,497,0.9981522722505057,0.9981522722505057,0.0,96,0.4995677336703564,0,0.7627888954413397,0.7627888954413397,32,0.1563849541735937,0.004938872301064931,0.018612625031521886,3.712378046376121e-17
f0853d11,500,0.9978609291654932,0.9978609291654932,0.0,96,0.49764279338316353,0,0.7602922949305136,0.7602922949305136,32,0.15152600722939372,0.004718354602058691,0.01701109628822642,1.0802470029602773e-16
f0e564bc,508,0.99663357067144,0.99663357067144,0.0,96,0.500202375226962,0,0.7615875752765929,0.761587575276593,32,0.14823135497249063,0.004098020122213981,0.013865360196666236,8.791086843611599e-17
f35224e0,515,0.9968207503471579,0.9968207503471579,0.0,96,0.4967218978988201,0,0.7580795629163166,0.7580795629163166,32,0.15714623460822988,0.005261965510209731,0.018249776126761104,2.974427608206912e-16
f4f1d8a4,585,0.9960999703795098,0.9960999703795098,0.0,96,0.5325254611319106,0,0.7757863112760492,0.7757863112760492,32,0.1511044459754613,0.004452810093994452,0.01539058674530364,1.618363562818978e-16
f523d9fe,484,0.997105182976639,0.997105182976639,0.0,96,0.5018709292254592,0,0.7615591262083496,0.7615591262083498,32,0.15075778198310788,0.004515784070037629,0.015394319134133173,1.0970333915846718e-16
f685340e,424,0.9973166546633436,0.9973166546633436,0.0,96,0.48680085999935796,0,0.7578746576400546,0.7578746576400546,32,0.1469743469273303,0.004043174985084705,0.01325581528362002,9.923927507852225e-17
f8c5f88b,487,0.9983964926405,0.9983964926405,0.0,96,0.49999304211741635,0,0.7642009753410575,0.7642009753410575,32,0.1439095778791017,0.0033949270322528387,0.011922874500691337,2.6114178125423344e-16
f9e8c073,504,0.9974360984935244,0.9974360984935244,0.0,96,0.4937289588412771,0,0.7589820094149902,0.75898200941499,32,0.15168963206169805,0.004673841793860666,0.016680751683930146,1.4588198374166865e-16
faba32e5,473,0.9969187834665075,0.9969187834665075,0.0,96,0.49610750605142684,0,0.7577130605932317,0.7577130605932317,32,0.15634329548707732,0.005128520780311906,0.019051775240682443,3.016731802113071e-16
fca70973,442,0.9971135095862244,0.9971135095862244,0.0,96,0.48324298915919517,0,0.7519175597823072,0.7519175597823072,32,0.15149098101367098,0.004290241939751603,0.01585555744956406,3.905875120570404e-17
fca762bc,459,0.9969958544522344,0.9969958544522344,0.0,96,0.4951552843074688,0,0.7591715852778113,0.7591715852778113,32,0.14917665474954964,0.004542860007940117,0.01508255970522053,6.597240304281295e-17
fea54f57,527,0.9980484683095648,0.9980484683095648,0.0,96,0.5034054923785947,0,0.7660210903664073,0.7660210903664073,32,0.15087944774993547,0.0048244552990200675,0.016008949099763338,5.632749169054103e-17
gpt4_0a05b494,506,0.9975528482786538,0.9975528482786538,0.0,96,0.49237595092643255,0,0.7597648547358655,0.7597648547358655,32,0.1477260104822308,0.004180547677718833,0.014214765711214295,7.355776067304026e-17
gpt4_0b2f1d21,497,0.9973586109752013,0.9973586109752013,0.0,96,0.48775655612033947,0,0.7515547835465098,0.7515547835465098,32,0.1568093762275831,0.005356347598106595,0.018749107063198076,1.8049501084449225e-16
gpt4_15e38248,470,0.9942707214178735,0.9942707214178735,0.0,96,0.5007728519719109,0,0.7602274005374228,0.7602274005374228,32,0.15090382344408798,0.004667307329264882,0.01573488410961984,1.3015593331243857e-16
gpt4_18c2b244,495,0.9971955337746503,0.9971955337746503,0.0,96,0.49849459833553034,0,0.763527004399627,0.7635270043996271,32,0.15012313401650443,0.004358000057188565,0.014979351346328364,3.704668446312328e-16
gpt4_1916e0ea,533,0.9975928350039046,0.9975928350039046,0.0,96,0.49306910977375434,0,0.7558873782546082,0.7558873782546082,32,0.1531099549921502,0.0048264613857522745,0.017827578992907933,8.685985014421956e-17
gpt4_194be4b3,474,0.9947387286705348,0.9947387286705348,0.0,96,0.5075866749891247,0,0.7663366985679637,0.7663366985679637,32,0.14653146006059772,0.003906467460209858,0.013940255966628153,7.300477615777499e-17
gpt4_1a1dc16d,453,0.9967851482121054,0.9967851482121054,0.0,96,0.4930053041704724,0,0.7553066096591151,0.7553066096591151,32,0.1547415680977269,0.004830472103639355,0.01751858151069344,3.443406952755728e-17
gpt4_1d4ab0c9,483,0.9972144963984277,0.9972144963984277,0.0,96,0.4930684383508384,0,0.7571514894027658,0.7571514894027658,32,0.14802999244854032,0.004254963021236258,0.015108749440452155,1.133209008571847e-16
gpt4_1d80365e,517,0.9966839590356685,0.9966839590356685,0.0,96,0.5008117546028676,0,0.7581462230174064,0.7581462230174064,32,0.15118998599863917,0.0046960138895118,0.015400480882112072,8.047506353545018e-17
gpt4_1e4a8aeb,479,0.9955007213094765,0.9955007213094765,0.0,96,0.5020366057418636,0,0.7591195190767925,0.7591195190767928,32,0.15576578283420098,0.005110926942317361,0.018247381605398235,7.926853328221368e-17
gpt4_1e4a8aec,498,0.9960776109461053,0.9960776109461053,0.0,96,0.4976333773969834,0,0.7587689457893282,0.7587689457893282,32,0.15425181090049628,0.004725278831534276,0.01783042996175157,8.031282020506278e-17
gpt4_213fd887,446,0.9973986483581374,0.9973986483581374,0.0,96,0.4832529381308296,0,0.7501775669851014,0.7501775669851015,32,0.1458686035765497,0.003958853984288933,0.014454485188397688,2.289523827127775e-16
gpt4_21adecb5,511,0.9958253307948257,0.9958253307948257,0.0,96,0.49937790014237643,0,0.7602654105441917,0.7602654105441916,32,0.14971116497306144,0.004567726807228122,0.015900468412439205,4.178001714978818e-16
gpt4_2312f94c,467,0.9975527913477031,0.9975527913477031,0.0,96,0.48485331331943055,0,0.7519942150358846,0.7519942150358846,32,0.14466951623598168,0.003719710192901838,0.012947366503462914,2.3345589083124275e-16
gpt4_2487a7cb,495,0.9967648818327292,0.9967648818327292,0.0,96,0.4910827228330135,0,0.755718240665701,0.7557182406657009,32,0.15430899813294857,0.005000402636838975,0.019180084372277813,2.8602260851580424e-16
gpt4_2655b836,465,0.9972506467892123,0.9972506467892123,0.0,96,0.48481413155864683,0,0.753657664643598,0.753657664643598,32,0.14940173403049625,0.004708696256910084,0.016288113087473483,1.869472318884941e-16
gpt4_2ba83207,502,0.9975116792293326,0.9975116792293326,0.0,96,0.49892907622551913,0,0.760326926283805,0.760326926283805,32,0.14680377007215456,0.003784673233574034,0.014033512966641256,2.275736040516506e-16
gpt4_2c50253f,591,0.9966579066094736,0.9966579066094736,0.0,96,0.49867887380592446,0,0.7590739193672703,0.7590739193672702,32,0.15016064330881468,0.004649640837315162,0.016488499447188065,3.8881287736343785e-16
gpt4_2d58bcd6,483,0.9976415855140814,0.9976415855140814,0.0,96,0.49100513151659225,0,0.7561788637769399,0.7561788637769399,32,0.15345348234975217,0.004648534945928538,0.016727971420716133,1.7469347799484865e-16
gpt4_2f56ae70,458,0.9960934257991237,0.9960934257991237,0.0,96,0.4933642540035584,0,0.7593270509765332,0.7593270509765332,32,0.14594053140946586,0.0039464746538755546,0.012977354471032262,7.375226096991351e-17
gpt4_2f584639,472,0.9974594411162337,0.9974594411162337,0.0,96,0.4881863866729171,0,0.7529045937073763,0.7529045937073763,32,0.14836478062894215,0.004464349298000197,0.015607655859137143,2.0746116688970085e-16
gpt4_2f8be40d,474,0.9974349409913721,0.9974349409913721,0.0,96,0.48658986093272405,0,0.7538298531757889,0.7538298531757889,32,0.14826155802013988,0.004146930079788301,0.015377771810437568,1.022388924575698e-16
gpt4_2f91af09,515,0.9968698536302792,0.9968698536302792,0.0,96,0.508417049908297,0,0.7666171905618985,0.7666171905618984,32,0.1525892895410552,0.004529720915486495,0.015918614813571784,2.5297994551410122e-16
gpt4_31ff4165,457,0.9975517186982911,0.9975517186982911,0.0,96,0.49365043699986094,0,0.7578652663745002,0.7578652663745002,32,0.14824994777875933,0.004227643047023369,0.013811601633751178,1.1448415762682823e-16
gpt4_372c3eed,465,0.997780113475546,0.997780113475546,0.0,96,0.49148742138197427,0,0.7576517647875901,0.7576517647875901,32,0.14692222219910986,0.004036649261726354,0.015032816626965716,5.563053005111e-17
gpt4_385a5000,493,0.9977430381851081,0.9977430381851081,0.0,96,0.48940262210501306,0,0.7537315967989583,0.7537315967989582,32,0.14673991640610787,0.004445219154924035,0.01566044592042761,4.0704424280121103e-17
gpt4_45189cb4,501,0.9982224890752104,0.9982224890752104,0.0,96,0.4886740675766096,0,0.7561053854803778,0.7561053854803778,32,0.1491552684517055,0.004460178357210763,0.015290690487850984,4.576068953794308e-17
gpt4_468eb063,498,0.9964735186351573,0.9964735186351573,0.0,96,0.49634052310816457,0,0.7597355961177651,0.7597355961177651,32,0.15196926948029807,0.0047898296970862,0.016799764687227877,3.1300263585817666e-16
gpt4_468eb064,460,0.9980578607463654,0.9980578607463654,0.0,96,0.4890753532555604,0,0.7565608424053635,0.7565608424053635,32,0.14958282311127805,0.004410102837595574,0.015491691806779662,2.903022025667274e-17
gpt4_483dd43c,532,0.9970851937438389,0.9970851937438389,0.0,96,0.4942469087649714,0,0.7580255527643252,0.758025552764325,32,0.15625947571774737,0.00510336522864611,0.01881210149422325,6.482387726018596e-17
gpt4_4929293a,486,0.9972776721738911,0.9972776721738911,0.0,96,0.4983689945698989,0,0.763277656339615,0.763277656339615,32,0.14368345123943022,0.00338591743134835,0.011427548467314757,2.310680225120053e-16
gpt4_4929293b,469,0.9963773994845241,0.9963773994845241,0.0,96,0.4963021504844809,0,0.7620956682608637,0.7620956682608637,32,0.15390795595931697,0.004556199079063555,0.017347759572278895,7.350197209938403e-17
gpt4_4cd9eba1,500,0.9970572888041943,0.9970572888041943,0.0,96,0.49440155750041875,0,0.75936434212901,0.7593643421290102,32,0.14697786524233453,0.0037853751735226716,0.013985208050890817,1.292854712175995e-16
gpt4_4edbafa2,460,0.9973839756662443,0.9973839756662443,0.0,96,0.48958727285995524,0,0.7549430178883809,0.754943017888381,32,0.1478378197029102,0.004224324111346687,0.01392298469560014,1.3913990732530495e-16
gpt4_4ef30696,520,0.9973847793406904,0.9973847793406904,0.0,96,0.4963645646990494,0,0.7602615243465294,0.7602615243465295,32,0.14610235049553805,0.004246089967668176,0.013997182995344522,8.58287799806371e-17
gpt4_4fc4f797,472,0.9978790356088272,0.9978790356088272,0.0,96,0.4933600728866414,0,0.7604041100390182,0.7604041100390182,32,0.1473712254572376,0.004103427115867324,0.014106103663020399,1.2190107680338715e-16
gpt4_5438fa52,513,0.9971174599805739,0.9971174599805739,0.0,96,0.49536652792327923,0,0.7579955003607752,0.7579955003607752,32,0.15589060575759328,0.005116709697033965,0.018153402482844274,3.395594396952964e-16
gpt4_5501fe77,516,0.9973712359242902,0.9973712359242902,0.0,96,0.5040572791257297,0,0.7610940850089346,0.7610940850089346,32,0.15154479734553677,0.004408444164522541,0.015370647309937552,1.286653815360162e-16
gpt4_59149c77,484,0.9971613669079081,0.9971613669079081,0.0,96,0.5031857673967833,0,0.7607336418799453,0.7607336418799453,32,0.14665676584308723,0.0037347682012636744,0.01374049659967106,2.0948578042126533e-16
gpt4_59149c78,497,0.9978127764493537,0.9978127764493537,0.0,96,0.4962373270326908,0,0.7594644461985781,0.7594644461985781,32,0.15413797489860012,0.004578791835133995,0.018928385535918378,3.0307748262780306e-16
gpt4_59c863d7,481,0.9979655946637394,0.9979655946637394,0.0,96,0.49879311454559877,0,0.7609283072074312,0.7609283072074312,32,0.14885503115519724,0.00450825871287496,0.015649784247915195,3.942907446602752e-16
gpt4_5dcc0aab,547,0.997509766552335,0.997509766552335,0.0,96,0.49934647526139714,0,0.7594947994078909,0.7594947994078909,32,0.1550257485296823,0.005135256483511308,0.018745991379771492,4.126295080553827e-16
gpt4_61e13b3c,467,0.9967564118120505,0.9967564118120505,0.0,96,0.49084436638776696,0,0.7567514879174961,0.7567514879174961,32,0.15275988600099857,0.004925309541683455,0.016829604643544854,6.436678456472402e-17
gpt4_65aabe59,452,0.9974047640806941,0.9974047640806941,0.0,96,0.4875504291893445,0,0.7544923955826792,0.7544923955826792,32,0.14863704847992157,0.004245625553092184,0.014847509866150858,6.355535566853081e-17
gpt4_68e94287,491,0.997308785201794,0.997308785201794,0.0,96,0.489630068817944,0,0.7559037889482184,0.7559037889482184,32,0.15260988964644898,0.004922317681608654,0.017531820963120552,2.271321849767759e-16
gpt4_68e94288,459,0.9978432647898238,0.9978432647898238,0.0,96,0.4964301061683238,0,0.7611832943026257,0.7611832943026258,32,0.14982969982168298,0.004699105164433299,0.015958440884727212,2.0468981145730692e-16
gpt4_6dc9b45b,565,0.9910369335593018,0.9910369335593018,0.0,96,0.552632578553556,0,0.7787693898072809,0.7787693898072809,32,0.17242283427222632,0.005996967592952018,0.022031870341985036,3.015778384147715e-16
gpt4_6ed717ea,489,0.9968814902275248,0.9968814902275248,0.0,96,0.49084669011075893,0,0.7590891468610359,0.7590891468610358,32,0.14445830017360867,0.003917718949384925,0.013412302579401276,3.5872236787479496e-17
gpt4_70e84552,467,0.9964616795339151,0.9964616795339151,0.0,96,0.49218182730202004,0,0.7546950103929619,0.7546950103929619,32,0.14974907112929786,0.004606066009850949,0.015693835135142272,4.219798434067779e-17
gpt4_731e37d7,525,0.9975193435218018,0.9975193435218018,0.0,96,0.49350208028899206,0,0.7572224521961498,0.7572224521961498,32,0.15152336624230994,0.004572833288602483,0.016732757698351124,5.290741389969645e-17
gpt4_74aed68e,480,0.9976994623483559,0.9976994623483559,0.0,96,0.49147858121112403,0,0.7571253002746292,0.7571253002746292,32,0.15076472119023154,0.004092405355400766,0.015236305475079119,1.0119220276531375e-16
gpt4_76048e76,482,0.9971929330103882,0.9971929330103882,0.0,96,0.4835925156644033,0,0.7488069447288156,0.7488069447288156,32,0.16811165284561805,0.00590927697853438,0.023413215972422338,2.6500240452930344e-16
gpt4_78cf46a3,505,0.9971643089641683,0.9971643089641683,0.0,96,0.49592269122257937,0,0.7551939340524599,0.75519393405246,32,0.14885535895414165,0.004417556370081905,0.015183279036623578,3.752773669376519e-16
gpt4_7a0daae1,561,0.9972184982472978,0.9972184982472978,0.0,96,0.4955729444416813,0,0.7532009181811017,0.7532009181811017,32,0.1533275936390104,0.004879986103998275,0.018599883103526154,2.6172369876413004e-16
gpt4_7abb270c,467,0.9975660999205068,0.9975660999205068,0.0,96,0.49175815917434895,0,0.7572851907928951,0.7572851907928951,32,0.14664893873430793,0.003970680624965172,0.01395798596940412,7.25686463098135e-17
gpt4_7bc6cf22,519,0.9966651106553165,0.9966651106553165,0.0,96,0.4908464262019004,0,0.7543316319195301,0.7543316319195301,32,0.1537529081616319,0.004937107392444224,0.01865731823476473,6.396082550345314e-17
gpt4_7ca326fa,516,0.9978009459107907,0.9978009459107907,0.0,96,0.49462883817106323,0,0.7571917225721096,0.7571917225721096,32,0.15558514325563755,0.004857049347342792,0.017421431569348493,1.5050407087699554e-16
gpt4_7ddcf75f,480,0.9973403736375906,0.9973403736375906,0.0,96,0.4918128124806518,0,0.7577655386401614,0.7577655386401615,32,0.15467298839294238,0.005076067258254319,0.01842281942605305,8.222589276130065e-17
gpt4_7de946e7,533,0.9975527728383425,0.9975527728383425,0.0,96,0.4893337141247029,0,0.7557316310728328,0.7557316310728328,32,0.15169242345581066,0.004795305080315651,0.016038049769431365,3.4874125684402784e-16
gpt4_7f6b06db,558,0.995498955162574,0.995498955162574,0.0,96,0.5091877848770393,0,0.7619334018560081,0.7619334018560081,32,0.1581833852017013,0.005404557512437677,0.019456218873140776,1.649417360957446e-16
gpt4_7fce9456,497,0.9983231722215024,0.9983231722215024,0.0,96,0.48985016095858913,0,0.7516166813565143,0.7516166813565143,32,0.15414411235231598,0.005005104171346725,0.01776435034627793,4.897714248472144e-17
gpt4_8279ba02,489,0.9940301324680815,0.9940301324680815,0.0,96,0.5124090028017686,0,0.7651776636001852,0.7651776636001852,32,0.14759428421958565,0.004068781388402238,0.01365177230593033,1.1391705574758124e-16
gpt4_8279ba03,500,0.9976855552652925,0.9976855552652925,0.0,96,0.5007683244145189,0,0.7650879496051952,0.7650879496051952,32,0.14522506138702287,0.0036489551985962754,0.012518024666137124,3.078648447285559e-16
gpt4_85da3956,505,0.9972412515848181,0.9972412515848181,0.0,96,0.49765888617908544,0,0.7577953751932447,0.7577953751932448,32,0.14960043614637616,0.0044866731897944,0.015271308446567088,5.508794740503933e-16
gpt4_88806d6e,493,0.9973369530402593,0.9973369530402593,0.0,96,0.49234423978342334,0,0.7582773397070461,0.7582773397070461,32,0.15174357923620324,0.0047381311390415504,0.015877794745162346,2.9878060809765245e-16
gpt4_8c8961ae,485,0.998432648047058,0.998432648047058,0.0,96,0.48801582011032113,0,0.7556801288652482,0.7556801288652483,32,0.1467270940266512,0.003991511891851146,0.014329153864901594,3.3421146720674815e-16
gpt4_8e165409,480,0.9973230071930456,0.9973230071930456,0.0,96,0.4991570523094989,0,0.7629967724936144,0.7629967724936145,32,0.15090845684329796,0.004423068122509155,0.0151356692348456,6.268134159862863e-17
gpt4_93159ced,444,0.9968641881614646,0.9968641881614646,0.0,96,0.4834501773088414,0,0.7525990353125379,0.752599035312538,32,0.14672966278011182,0.004127230237222985,0.013486251370474907,3.0193565365650374e-16
gpt4_93f6379c,445,0.9964946078248924,0.9964946078248924,0.0,96,0.48820245038176624,0,0.7541322683039473,0.7541322683039474,32,0.1525131472840131,0.004574938222128762,0.01672337513776688,2.4449855373767493e-16
gpt4_98f46fc6,490,0.9965109080802198,0.9965109080802198,0.0,96,0.49444240821573027,0,0.7601657314317415,0.7601657314317415,32,0.1533146582578689,0.004877502336227975,0.017437034830184467,4.712783451470052e-17
gpt4_9a159967,470,0.9979066914189317,0.9979066914189317,0.0,96,0.4813044651745784,0,0.7497569169315685,0.7497569169315685,32,0.14905548448477957,0.004463510860298305,0.015232354203521379,2.8706351716504713e-16
gpt4_a1b77f9c,498,0.9976638777125317,0.9976638777125317,0.0,96,0.4976191254789333,0,0.7603399973453523,0.7603399973453522,32,0.1544726809726089,0.004982995530698231,0.01670054322514622,3.1645814928823487e-16
gpt4_a2d1d1f6,476,0.9974098065871959,0.9974098065871959,0.0,96,0.49008934729058384,0,0.7533332100763415,0.7533332100763414,32,0.15017246304021772,0.0044198403687233535,0.016225037118823418,2.1737980230055585e-16
gpt4_a56e767c,477,0.9976416486694989,0.9976416486694989,0.0,96,0.5006885178031062,0,0.7630535617081929,0.7630535617081929,32,0.15289878986225605,0.004617489693257511,0.017143308143056573,1.0467983340150192e-16
gpt4_ab202e7f,481,0.9969542940831015,0.9969542940831015,0.0,96,0.4904823194969317,0,0.7561588632855245,0.7561588632855243,32,0.152311029219099,0.0048240060830568015,0.01652546087848018,2.735164831976737e-16
gpt4_af6db32f,476,0.998055375851964,0.998055375851964,0.0,96,0.5001063918571504,0,0.7637140998874472,0.7637140998874472,32,0.1493704476187357,0.00399711562433782,0.014799611267422432,4.3440974440427605e-16
gpt4_b0863698,457,0.9971142980590245,0.9971142980590245,0.0,96,0.49275985614731715,0,0.7594235023138808,0.7594235023138808,32,0.14464183905942654,0.0037656068959058624,0.013179110216565981,9.134438889694942e-17
gpt4_b4a80587,542,0.99693585476431,0.99693585476431,0.0,96,0.5060350425379566,0,0.7613390354940944,0.7613390354940942,32,0.15886635520246722,0.0049430963394082855,0.019987115372042293,1.250537189176491e-16
gpt4_b5700ca0,500,0.9971688652312082,0.9971688652312082,0.0,96,0.5029333228583502,0,0.761882405828888,0.761882405828888,32,0.1518636359251364,0.004627056498776955,0.016534800851086898,1.158517726196351e-16
gpt4_b5700ca9,537,0.9971724394920897,0.9971724394920897,0.0,96,0.4998576599476038,0,0.762107088623971,0.762107088623971,32,0.1478927776955625,0.004116132626461056,0.014818660649664231,6.468548022897502e-17
gpt4_c27434e8,500,0.9980334057754732,0.9980334057754732,0.0,96,0.4900438676511375,0,0.7586032148039836,0.7586032148039836,32,0.14488555683587076,0.0036081212548428523,0.012480702708185716,2.221001160762626e-16
gpt4_cd90e484,508,0.9979181862316575,0.9979181862316575,0.0,96,0.4912843500358374,0,0.7545199089851151,0.754519908985115,32,0.15723840980888099,0.004899122766889806,0.01830941112529545,4.234705871178816e-17
gpt4_d12ceb0e,477,0.9972736284603009,0.9972736284603009,0.0,96,0.49689131830045674,0,0.7555953471223537,0.7555953471223535,32,0.15404287326923627,0.004353156713470535,0.016671739200640936,6.290100050418208e-17
gpt4_d31cdae3,480,0.9974436911692656,0.9974436911692656,0.0,96,0.48781972353255226,0,0.7540984546179275,0.7540984546179273,32,0.15268322492802847,0.004658166321847816,0.017355202122595823,2.9270567451315323e-16
gpt4_d6585ce8,491,0.9954710985382803,0.9954710985382803,0.0,96,0.5009820965822823,0,0.760877800114297,0.760877800114297,32,0.16081042690473438,0.005402518711240038,0.020439821327825423,1.5794109627304927e-16
gpt4_d6585ce9,438,0.9967544410005139,0.9967544410005139,0.0,96,0.4880797848539126,0,0.7525639907510816,0.7525639907510816,32,0.14614517881989153,0.003910020668176507,0.013599412043602016,4.429485697562696e-17
gpt4_d84a3211,495,0.9973769939815765,0.9973769939815765,0.0,96,0.4932992486911351,0,0.7572034898727799,0.7572034898727799,32,0.15231186333726257,0.004552018244904802,0.016674700328994783,6.481908163973136e-17
gpt4_d9af6064,534,0.9974842916526936,0.9974842916526936,0.0,96,0.4989434198318267,0,0.7620066647387468,0.7620066647387468,32,0.15560266450296717,0.004735346683395003,0.01868127652601959,1.7022380176251816e-16
gpt4_e05b82a6,497,0.9974123679821459,0.9974123679821459,0.0,96,0.4906796971370819,0,0.7575445180818853,0.7575445180818853,32,0.1501777385750386,0.004508817032107529,0.016415686139532017,1.2855801824381843e-16
gpt4_e061b84f,467,0.9967068992073557,0.9967068992073557,0.0,96,0.49478456183535147,0,0.760429496761607,0.7604294967616069,32,0.14776796190089994,0.004144948680957715,0.014984083033311434,1.5874762841401462e-16
gpt4_e061b84g,566,0.997570538262595,0.997570538262595,0.0,96,0.5062054213154065,0,0.766709623796747,0.766709623796747,32,0.154963313798755,0.0045755570253501,0.01674567361166165,4.423238375494219e-17
gpt4_e072b769,444,0.9969494872141155,0.9969494872141155,0.0,96,0.485265298630616,0,0.7532691129411669,0.7532691129411669,32,0.1529779182058991,0.004800194743790771,0.016803302215286,1.828492312516094e-16
gpt4_e414231e,507,0.9965693353420795,0.9965693353420795,0.0,96,0.5019562341014508,0,0.7629515413407025,0.7629515413407026,32,0.15446722887785386,0.005059896115155156,0.017491036412229783,3.3290267321230655e-16
gpt4_e414231f,490,0.9977447334081262,0.9977447334081262,0.0,96,0.5039593049613535,0,0.764456269387922,0.764456269387922,32,0.15002978911733103,0.0041361823001494925,0.015667449866346637,3.3816487025572373e-16
gpt4_ec93e27f,516,0.9969247759753994,0.9969247759753994,0.0,96,0.4990243796956467,0,0.7625433764462686,0.7625433764462686,32,0.1496846009545506,0.004174586844395339,0.014961450932215146,2.5711560357113607e-16
gpt4_f2262a51,479,0.9971285640176871,0.9971285640176871,0.0,96,0.4969377457784773,0,0.7588696837394759,0.7588696837394759,32,0.1579857004291771,0.005166078804072487,0.018802715159433808,1.615501979464998e-16
gpt4_f420262c,495,0.9980457436347671,0.9980457436347671,0.0,96,0.4939120407113065,0,0.7589725184262752,0.7589725184262752,32,0.1518122461175781,0.00442851392127695,0.0176720795534413,9.33035915644576e-17
gpt4_f420262d,454,0.9975929620027294,0.9975929620027294,0.0,96,0.4907689183151715,0,0.7560421330249185,0.7560421330249185,32,0.15208210897154045,0.004438134757768705,0.015542856821538675,4.0508467847831977e-16
gpt4_f49edff3,498,0.9961956097058952,0.9961956097058952,0.0,96,0.5022113299568233,0,0.7639904335745246,0.7639904335745246,32,0.14841360679941962,0.003924151220492906,0.01380577085944414,5.199433030485986e-16
gpt4_fa19884c,507,0.9960353741505713,0.9960353741505713,0.0,96,0.5005982757004758,0,0.7637293689268163,0.7637293689268163,32,0.1529181542668803,0.004741083559068973,0.0170839753244934,3.15767574262224e-16
gpt4_fa19884d,556,0.9973728061054535,0.9973728061054535,0.0,96,0.5049290970752701,0,0.7660964994594568,0.7660964994594568,32,0.1541468018335805,0.004849624012712177,0.017249235841061566,3.382086776904423e-17
gpt4_fe651585,471,0.9974340335305576,0.9974340335305576,0.0,96,0.48426744704468955,0,0.7523210105305107,0.7523210105305107,32,0.149407411147332,0.004372657932062074,0.016256592977686297,8.638996571658597e-17
